record_id,chain,location_text,city,state,latitude,longitude,article_title,article_url,source_domain,source_type,published_utc,discovered_utc,confidence,evidence_snippet,query
3ee6c74becb730bcbf,CVS,,,,,,CVS fights law that could force over 100 stores to close,http://www.bing.com/news/apiclick.aspx?ref=FexRss&aid=&tid=6a31bc3540fb4d2c8d1b559868e65cd9&url=https%3a%2f%2fwww.aol.com%2ffinance%2fcvs-fights-law-could-force-161300320.html&c=6327375268730961832&mkt=en-us,www.bing.com,bing_rss,2026-04-22T16:59:00+00:00,2026-06-16T21:12:41+00:00,0.37,"CVS fights law that could force over 100 stores to close A sweeping new health care law is setting up a high-stakes battle over prescription drug pricing, corporate power, and patient access.",CVS closing stores
893ae7be5cfeddd56e,CVS,,,,,,CVS plans to open 60 new stores in 2026 after years of closures,http://www.bing.com/news/apiclick.aspx?ref=FexRss&aid=&tid=6a31bc3540fb4d2c8d1b559868e65cd9&url=https%3a%2f%2fwww.wkyc.com%2farticle%2fnews%2fnation-world%2fcvs-pharmacy-drugstore-plans-to-open-stores%2f507-1dc4afb1-4a1c-4929-897e-770a6bc9157f&c=8620438414890441792&mkt=en-us,www.bing.com,bing_rss,2026-04-01T07:14:00+00:00,2026-06-16T21:12:41+00:00,0.37,"CVS plans to open 60 new stores in 2026 after years of closures WASHINGTON — CVS Health is planning to grow again in 2026, a notable move after several years of closing stores across the country.",CVS closing stores
cf93b4e756e8ce6e8e,Walgreens,,,,,,"Walgreens to close Chatham store, citing theft and violence",http://www.bing.com/news/apiclick.aspx?ref=FexRss&aid=&tid=6a31bc3e74ea4870b669b941eebd8e0a&url=https%3a%2f%2fchicago.suntimes.com%2fmoney%2f2026%2f05%2f04%2fwalgreens-close-chatham-store-theft-violence&c=9786869387699307050&mkt=en-us,www.bing.com,bing_rss,2026-05-04T16:37:00+00:00,2026-06-16T21:12:41+00:00,0.49,"Walgreens to close Chatham store, citing theft and violence The Deerfield-based company has closed several South and West side locations over the last year, contributing to a pharmacy desert in the area.",Walgreens store closure location
519a903ee501994a17,Walgreens,,,,,,Walgreens closing Chatham store as officials warn of pharmacy deserts,http://www.bing.com/news/apiclick.aspx?ref=FexRss&aid=&tid=6a31bc3e74ea4870b669b941eebd8e0a&url=https%3a%2f%2fwww.msn.com%2fen-us%2fnews%2fus%2fwalgreens-closing-chatham-as-officials-warn-of-pharmacy-deserts%2far-AA24PoKJ&c=11146585358043657096&mkt=en-us,www.bing.com,bing_rss,2026-06-04T15:28:00+00:00,2026-06-16T21:12:41+00:00,0.37,"Walgreens closing Chatham store as officials warn of pharmacy deserts Walgreens is set to close in Chicago's Chatham neighborhood on Thursday, and there's growing concern about where families will get their medications.",Walgreens store closure location
03d131a121534674dc,Walgreens,,,,,,"Walgreens to close Chicago store after losing over $1M due to rampant theft, falling sales",http://www.bing.com/news/apiclick.aspx?ref=FexRss&aid=&tid=6a31bc3e74ea4870b669b941eebd8e0a&url=https%3a%2f%2fwww.msn.com%2fen-us%2fmoney%2fcompanies%2fwalgreens-to-close-chicago-store-after-losing-over-1m-due-to-rampant-theft-falling-sales%2far-AA22WnEv&c=17942911988166189995&mkt=en-us,www.bing.com,bing_rss,2026-05-11T11:25:00+00:00,2026-06-16T21:12:41+00:00,0.37,"Walgreens to close Chicago store after losing over $1M due to rampant theft, falling sales Walgreens announced plans to close a Chicago South Side store next month, citing elevated theft levels and declining prescription sales as key factors.",Walgreens store closure location
e74f70f57fac3d8566,Walgreens,,,,,,Local pharmacy chain steps in as Midtown Walgreens prepares to close,http://www.bing.com/news/apiclick.aspx?ref=FexRss&aid=&tid=6a31bc3e74ea4870b669b941eebd8e0a&url=https%3a%2f%2fwww.msn.com%2fen-us%2fnews%2fus%2flocal-pharmacy-chain-steps-in-as-midtown-walgreens-prepares-to-close%2far-AA25dpGI&c=4811352347859923765&mkt=en-us,www.bing.com,bing_rss,2026-06-09T10:54:00+00:00,2026-06-16T21:12:41+00:00,0.37,"Local pharmacy chain steps in as Midtown Walgreens prepares to close With the Midtown Walgreens at 27th Street and North Avenue set to close on June 23, Hayat Pharmacy is encouraging residents to transfer prescriptions to the local chain.",Walgreens store closure location
5ceb803ea6afc16248,Walgreens,,,,,,Walgreens pharmacy on Cottage Grove in Chatham set to close Thursday,http://www.bing.com/news/apiclick.aspx?ref=FexRss&aid=&tid=6a31bc3e74ea4870b669b941eebd8e0a&url=https%3a%2f%2fwww.msn.com%2fen-us%2fnews%2fus%2fwalgreens-pharmacy-on-cottage-grove-in-chatham-set-to-close-thursday%2far-AA24Wdjx&c=10363544050265138416&mkt=en-us,www.bing.com,bing_rss,2026-06-04T19:38:00+00:00,2026-06-16T21:12:41+00:00,0.37,Walgreens pharmacy on Cottage Grove in Chatham set to close Thursday The Walgreens at 86th Street and Cottage Grove Avenue in Chatham is set to close Thursday.,Walgreens store closure location
73fb9b87d843ed1843,Walgreens,,,,,,Walgreens closing numerous stores amid 'challenging' retail environment,http://www.bing.com/news/apiclick.aspx?ref=FexRss&aid=&tid=6a31bc4341734796b5054a0136a6ffb1&url=https%3a%2f%2fwww.wptv.com%2fbusiness%2fcompany-news%2fwalgreens-closing-numerous-stores-amid-challenging-retail-environment&c=6863907681722574937&mkt=en-us,www.bing.com,bing_rss,2024-06-26T22:44:00+00:00,2026-06-16T21:12:41+00:00,0.37,"Walgreens closing numerous stores amid 'challenging' retail environment Walgreens, one of America's largest pharmacy chains, announced early Thursday plans to close numerous stores across the U.S.",Walgreens closing stores
48a0ccfe8c398b499e,Walgreens,,,,,,Walgreens closing Chatham store on Thursday,http://www.bing.com/news/apiclick.aspx?ref=FexRss&aid=&tid=6a31bc4341734796b5054a0136a6ffb1&url=https%3a%2f%2fwww.msn.com%2fen-us%2flifestyle%2fother%2fwalgreens-closing-chatham-store-on-thursday%2far-AA24PoKJ&c=16509589848633609248&mkt=en-us,www.bing.com,bing_rss,2026-06-04T03:52:21+00:00,2026-06-16T21:12:41+00:00,0.37,"Walgreens closing Chatham store on Thursday Walgreens is set to close in Chicago's Chatham neighborhood on Thursday, and there's growing concern about where families will get their medications.",Walgreens closing stores
62634b157dc94c3f3b,Walgreens,,,,,,"Walgreens to close Chicago store after losing over $1M due to rampant theft, falling sales",http://www.bing.com/news/apiclick.aspx?ref=FexRss&aid=&tid=6a31bc4341734796b5054a0136a6ffb1&url=https%3a%2f%2fwww.msn.com%2fen-us%2fmoney%2fcompanies%2fwalgreens-to-close-chicago-store-after-losing-over-1m-due-to-rampant-theft-falling-sales%2far-AA22WnEv&c=17942911988166189995&mkt=en-us,www.bing.com,bing_rss,2026-05-11T11:25:00+00:00,2026-06-16T21:12:41+00:00,0.37,"Walgreens to close Chicago store after losing over $1M due to rampant theft, falling sales Walgreens announced plans to close a Chicago South Side store next month, citing elevated theft levels and declining prescription sales as key factors.",Walgreens closing stores
924180a81e691a132c,Walgreens,,,,,,"Walgreens to close Chatham store, citing theft and violence",http://www.bing.com/news/apiclick.aspx?ref=FexRss&aid=&tid=6a31bc4341734796b5054a0136a6ffb1&url=https%3a%2f%2fchicago.suntimes.com%2fmoney%2f2026%2f05%2f04%2fwalgreens-close-chatham-store-theft-violence&c=9786869387699307050&mkt=en-us,www.bing.com,bing_rss,2026-05-04T16:37:00+00:00,2026-06-16T21:12:41+00:00,0.49,"Walgreens to close Chatham store, citing theft and violence The Deerfield-based company has closed several South and West side locations over the last year, contributing to a pharmacy desert in the area.",Walgreens closing stores
409f1c735668f2aebc,Walgreens,,,,,,Retail pharmacy to close St. Louis County store,http://www.bing.com/news/apiclick.aspx?ref=FexRss&aid=&tid=6a31bc4341734796b5054a0136a6ffb1&url=https%3a%2f%2fwww.msn.com%2fen-us%2fnews%2fus%2fretail-pharmacy-to-close-st-louis-county-store%2far-AA25uH41&c=9911094652721756306&mkt=en-us,www.bing.com,bing_rss,2026-06-12T08:47:00+00:00,2026-06-16T21:12:41+00:00,0.49,Retail pharmacy to close St.,Walgreens closing stores
6e87751ea9097ef8b8,Walgreens,,,,,,Local pharmacy chain steps in as Midtown Walgreens prepares to close,http://www.bing.com/news/apiclick.aspx?ref=FexRss&aid=&tid=6a31bc4341734796b5054a0136a6ffb1&url=https%3a%2f%2fwww.msn.com%2fen-us%2fnews%2fus%2flocal-pharmacy-chain-steps-in-as-midtown-walgreens-prepares-to-close%2far-AA25dpGI&c=4811352347859923765&mkt=en-us,www.bing.com,bing_rss,2026-06-09T10:54:00+00:00,2026-06-16T21:12:41+00:00,0.37,"Local pharmacy chain steps in as Midtown Walgreens prepares to close With the Midtown Walgreens at 27th Street and North Avenue set to close on June 23, Hayat Pharmacy is encouraging residents to transfer prescriptions to the local chain.",Walgreens closing stores
f78373093db88f8360,Walgreens,,,,,,Walgreens to close St. Louis County store,http://www.bing.com/news/apiclick.aspx?ref=FexRss&aid=&tid=6a31bc4341734796b5054a0136a6ffb1&url=https%3a%2f%2fwww.bizjournals.com%2fstlouis%2fnews%2f2026%2f06%2f11%2fst-louis-county-walgreens-store-to-close.html&c=383589223251537787&mkt=en-us,www.bing.com,bing_rss,2026-06-11T15:35:00+00:00,2026-06-16T21:12:41+00:00,0.37,Walgreens to close St.,Walgreens closing stores
45a58a2c5a06619000,Walgreens,,,,,,Local pharmacy chain steps in as Midtown Walgreens prepares to close,http://www.bing.com/news/apiclick.aspx?ref=FexRss&aid=&tid=6a31bc49a1564b528f1a29c7d3fc982c&url=https%3a%2f%2fwww.msn.com%2fen-us%2fmoney%2fgeneral%2flocal-pharmacy-chain-steps-in-as-midtown-walgreens-prepares-to-close%2far-AA25dpGI&c=16408955843007296214&mkt=en-us,www.bing.com,bing_rss,2026-06-09T10:41:38+00:00,2026-06-16T21:12:41+00:00,0.37,"Local pharmacy chain steps in as Midtown Walgreens prepares to close With the Midtown Walgreens at 27th Street and North Avenue set to close on June 23, Hayat Pharmacy is encouraging residents to transfer prescriptions to the local chain.",Walgreens pharmacy closed location
79bdb9654e919f6545,Walgreens,,,,,,Walgreens Location To Close In Suffern — Here's When,http://www.bing.com/news/apiclick.aspx?ref=FexRss&aid=&tid=6a31bc49a1564b528f1a29c7d3fc982c&url=https%3a%2f%2fwww.aol.com%2fnews%2fwalgreens-location-close-suffern-heres-144500786.html&c=3126015903250013896&mkt=en-us,www.bing.com,bing_rss,2026-03-29T17:00:00+00:00,2026-06-16T21:12:41+00:00,0.37,Walgreens Location To Close In Suffern — Here's When A Walgreens location in Rockland County is set to shut its doors in the coming weeks.,Walgreens pharmacy closed location
496971efe4959a3eac,Walgreens,,,,,,Another Lexington pharmacy will close in July. Here's where.,http://www.bing.com/news/apiclick.aspx?ref=FexRss&aid=&tid=6a31bc49a1564b528f1a29c7d3fc982c&url=https%3a%2f%2fwww.msn.com%2fen-us%2fmoney%2fgeneral%2fanother-lexington-pharmacy-will-close-in-july-here-s-where%2far-AA25dBiD&c=12593007643999782074&mkt=en-us,www.bing.com,bing_rss,2026-06-09T14:12:00+00:00,2026-06-16T21:12:41+00:00,0.37,Another Lexington pharmacy will close in July.,Walgreens pharmacy closed location
34a77b88b506ac1fe2,CVS,,,,,,CVS fights law that could force over 100 stores to close,http://www.bing.com/news/apiclick.aspx?ref=FexRss&aid=&tid=6a31bd62dca941c8a3dc898013cd8305&url=https%3a%2f%2fwww.aol.com%2ffinance%2fcvs-fights-law-could-force-161300320.html&c=6327375268730961832&mkt=en-us,www.bing.com,bing_rss,2026-04-22T16:59:00+00:00,2026-06-16T21:17:54+00:00,0.61,"CVS fights law that could force over 100 stores to close A sweeping new health care law is setting up a high-stakes battle over prescription drug pricing, corporate power, and patient access.",CVS closing stores
24b85ef953aff5819d,CVS,,,,,,CVS plans to open 60 new stores in 2026 after years of closures,http://www.bing.com/news/apiclick.aspx?ref=FexRss&aid=&tid=6a31bd62dca941c8a3dc898013cd8305&url=https%3a%2f%2fwww.wkyc.com%2farticle%2fnews%2fnation-world%2fcvs-pharmacy-drugstore-plans-to-open-stores%2f507-1dc4afb1-4a1c-4929-897e-770a6bc9157f&c=8620438414890441792&mkt=en-us,www.bing.com,bing_rss,2026-04-01T07:14:00+00:00,2026-06-16T21:17:54+00:00,0.37,"CVS plans to open 60 new stores in 2026 after years of closures WASHINGTON — CVS Health is planning to grow again in 2026, a notable move after several years of closing stores across the country.",CVS closing stores
7a705915d67e3f409b,Walgreens,,,,,,Map Shows Where Walgreens Is Closing Locations,http://www.bing.com/news/apiclick.aspx?ref=FexRss&aid=&tid=6a31bd707425465cb1763b494424766a&url=https%3a%2f%2fwww.newsweek.com%2fmap-walgreens-pharmacy-closures-2111781&c=10891888385040947924&mkt=en-us,www.bing.com,bing_rss,2025-08-11T08:05:00+00:00,2026-06-16T21:17:54+00:00,0.90,"News Reporter Walgreens is pressing on with its ""Footprint Optimization Program"" and shuttering hundreds of locations in an effort to streamline operations and prioritize its core retail pharmacy business.",Walgreens store closure location
8f94b86cbb762a58fd,Walgreens,,,,,,"Walgreens to close Chatham store, citing theft and violence",http://www.bing.com/news/apiclick.aspx?ref=FexRss&aid=&tid=6a31bd707425465cb1763b494424766a&url=https%3a%2f%2fchicago.suntimes.com%2fmoney%2f2026%2f05%2f04%2fwalgreens-close-chatham-store-theft-violence&c=9786869387699307050&mkt=en-us,www.bing.com,bing_rss,2026-05-04T16:37:00+00:00,2026-06-16T21:17:54+00:00,0.90,"Walgreens to close Chatham store, citing theft and violence The Deerfield-based company has closed several South and West side locations over the last year, contributing to a pharmacy desert in the area.",Walgreens store closure location
7f9dfee3f2161e434a,Walgreens,,,,,,Walgreens closing Chatham store as officials warn of pharmacy deserts,http://www.bing.com/news/apiclick.aspx?ref=FexRss&aid=&tid=6a31bd707425465cb1763b494424766a&url=https%3a%2f%2fwww.msn.com%2fen-us%2fnews%2fus%2fwalgreens-closing-chatham-as-officials-warn-of-pharmacy-deserts%2far-AA24PoKJ&c=11146585358043657096&mkt=en-us,www.bing.com,bing_rss,2026-06-04T15:28:00+00:00,2026-06-16T21:17:54+00:00,0.37,"Walgreens closing Chatham store as officials warn of pharmacy deserts Walgreens is set to close in Chicago's Chatham neighborhood on Thursday, and there's growing concern about where families will get their medications.",Walgreens store closure location
7f596a7b521612ca31,Walgreens,,,,,,"Walgreens to close Chicago store after losing over $1M due to rampant theft, falling sales",http://www.bing.com/news/apiclick.aspx?ref=FexRss&aid=&tid=6a31bd707425465cb1763b494424766a&url=https%3a%2f%2fwww.msn.com%2fen-us%2fmoney%2fcompanies%2fwalgreens-to-close-chicago-store-after-losing-over-1m-due-to-rampant-theft-falling-sales%2far-AA22WnEv&c=17942911988166189995&mkt=en-us,www.bing.com,bing_rss,2026-05-11T11:25:00+00:00,2026-06-16T21:17:54+00:00,0.37,"Walgreens to close Chicago store after losing over $1M due to rampant theft, falling sales Walgreens announced plans to close a Chicago South Side store next month, citing elevated theft levels and declining prescription sales as key factors.",Walgreens store closure location
35417a8b81dc19bcb3,Walgreens,,,,,,Local pharmacy chain steps in as Midtown Walgreens prepares to close,http://www.bing.com/news/apiclick.aspx?ref=FexRss&aid=&tid=6a31bd707425465cb1763b494424766a&url=https%3a%2f%2fwww.msn.com%2fen-us%2fnews%2fus%2flocal-pharmacy-chain-steps-in-as-midtown-walgreens-prepares-to-close%2far-AA25dpGI&c=4811352347859923765&mkt=en-us,www.bing.com,bing_rss,2026-06-09T10:54:00+00:00,2026-06-16T21:17:54+00:00,0.37,"Local pharmacy chain steps in as Midtown Walgreens prepares to close With the Midtown Walgreens at 27th Street and North Avenue set to close on June 23, Hayat Pharmacy is encouraging residents to transfer prescriptions to the local chain.",Walgreens store closure location
c9ee34e8c5b9eec300,Walgreens,,,,,,Walgreens to close St. Louis County store,http://www.bing.com/news/apiclick.aspx?ref=FexRss&aid=&tid=6a31bd707425465cb1763b494424766a&url=https%3a%2f%2fwww.bizjournals.com%2fstlouis%2fnews%2f2026%2f06%2f11%2fst-louis-county-walgreens-store-to-close.html&c=383589223251537787&mkt=en-us,www.bing.com,bing_rss,2026-06-11T15:35:00+00:00,2026-06-16T21:17:54+00:00,0.37,Walgreens to close St.,Walgreens store closure location
6b56ffea1e06a566f2,Walgreens,,,,,,Walgreens pharmacy on Cottage Grove in Chatham set to close Thursday,http://www.bing.com/news/apiclick.aspx?ref=FexRss&aid=&tid=6a31bd707425465cb1763b494424766a&url=https%3a%2f%2fwww.msn.com%2fen-us%2fnews%2fus%2fwalgreens-pharmacy-on-cottage-grove-in-chatham-set-to-close-thursday%2far-AA24Wdjx&c=10363544050265138416&mkt=en-us,www.bing.com,bing_rss,2026-06-04T19:38:00+00:00,2026-06-16T21:17:54+00:00,0.37,Walgreens pharmacy on Cottage Grove in Chatham set to close Thursday The Walgreens at 86th Street and Cottage Grove Avenue in Chatham is set to close Thursday.,Walgreens store closure location
ebc9fa60b9a38b91b3,Walgreens,,,,,,Map Shows Where Walgreens Is Closing Locations,http://www.bing.com/news/apiclick.aspx?ref=FexRss&aid=&tid=6a31bd77b1c04f28b29c2e556f7fa36b&url=https%3a%2f%2fwww.newsweek.com%2fmap-walgreens-pharmacy-closures-2111781&c=10891888385040947924&mkt=en-us,www.bing.com,bing_rss,2025-08-11T08:05:00+00:00,2026-06-16T21:17:54+00:00,0.90,"News Reporter Walgreens is pressing on with its ""Footprint Optimization Program"" and shuttering hundreds of locations in an effort to streamline operations and prioritize its core retail pharmacy business.",Walgreens closing stores
3f05546f3810822546,Walgreens,,,,,,Walgreens closing numerous stores amid 'challenging' retail environment,http://www.bing.com/news/apiclick.aspx?ref=FexRss&aid=&tid=6a31bd77b1c04f28b29c2e556f7fa36b&url=https%3a%2f%2fwww.wptv.com%2fbusiness%2fcompany-news%2fwalgreens-closing-numerous-stores-amid-challenging-retail-environment&c=6863907681722574937&mkt=en-us,www.bing.com,bing_rss,2024-06-26T22:44:00+00:00,2026-06-16T21:17:54+00:00,0.49,"Walgreens closing numerous stores amid 'challenging' retail environment Walgreens, one of America's largest pharmacy chains, announced early Thursday plans to close numerous stores across the U.S.",Walgreens closing stores
90bd7efb4ebb4a6e65,Walgreens,,,,,,Walgreens closing Chatham store on Thursday,http://www.bing.com/news/apiclick.aspx?ref=FexRss&aid=&tid=6a31bd77b1c04f28b29c2e556f7fa36b&url=https%3a%2f%2fwww.msn.com%2fen-us%2flifestyle%2fother%2fwalgreens-closing-chatham-store-on-thursday%2far-AA24PoKJ&c=16509589848633609248&mkt=en-us,www.bing.com,bing_rss,2026-06-04T03:52:21+00:00,2026-06-16T21:17:54+00:00,0.37,"Walgreens closing Chatham store on Thursday Walgreens is set to close in Chicago's Chatham neighborhood on Thursday, and there's growing concern about where families will get their medications.",Walgreens closing stores
63e716e72e2f619092,Walgreens,,,,,,"Walgreens to close Chicago store after losing over $1M due to rampant theft, falling sales",http://www.bing.com/news/apiclick.aspx?ref=FexRss&aid=&tid=6a31bd77b1c04f28b29c2e556f7fa36b&url=https%3a%2f%2fwww.msn.com%2fen-us%2fmoney%2fcompanies%2fwalgreens-to-close-chicago-store-after-losing-over-1m-due-to-rampant-theft-falling-sales%2far-AA22WnEv&c=17942911988166189995&mkt=en-us,www.bing.com,bing_rss,2026-05-11T11:25:00+00:00,2026-06-16T21:17:54+00:00,0.37,"Walgreens to close Chicago store after losing over $1M due to rampant theft, falling sales Walgreens announced plans to close a Chicago South Side store next month, citing elevated theft levels and declining prescription sales as key factors.",Walgreens closing stores
9c3008ec1d4ab2f222,Walgreens,,,,,,"Walgreens to close Chatham store, citing theft and violence",http://www.bing.com/news/apiclick.aspx?ref=FexRss&aid=&tid=6a31bd77b1c04f28b29c2e556f7fa36b&url=https%3a%2f%2fchicago.suntimes.com%2fmoney%2f2026%2f05%2f04%2fwalgreens-close-chatham-store-theft-violence&c=9786869387699307050&mkt=en-us,www.bing.com,bing_rss,2026-05-04T16:37:00+00:00,2026-06-16T21:17:54+00:00,0.90,"Walgreens to close Chatham store, citing theft and violence The Deerfield-based company has closed several South and West side locations over the last year, contributing to a pharmacy desert in the area.",Walgreens closing stores
1a457a72100c72fd80,Walgreens,,,,,,Retail pharmacy to close St. Louis County store,http://www.bing.com/news/apiclick.aspx?ref=FexRss&aid=&tid=6a31bd77b1c04f28b29c2e556f7fa36b&url=https%3a%2f%2fwww.msn.com%2fen-us%2fnews%2fus%2fretail-pharmacy-to-close-st-louis-county-store%2far-AA25uH41&c=9911094652721756306&mkt=en-us,www.bing.com,bing_rss,2026-06-12T08:47:00+00:00,2026-06-16T21:17:54+00:00,0.49,Retail pharmacy to close St.,Walgreens closing stores
a6664cc296ce8128ca,Walgreens,"Chicago, IL",Chicago,IL,,,Walgreens to close Midtown store on Milwaukee’s North Avenue,http://www.bing.com/news/apiclick.aspx?ref=FexRss&aid=&tid=6a31bd77b1c04f28b29c2e556f7fa36b&url=https%3a%2f%2fwww.aol.com%2farticles%2fwalgreens-close-midtown-store-milwaukee-211103214.html&c=2790933303493612534&mkt=en-us,www.bing.com,bing_rss,2026-05-07T14:56:00+00:00,2026-06-16T21:17:54+00:00,1.00,"Walgreens to close Midtown store on Milwaukee’s North Avenue In another blow to Milwaukee’s grocery and pharmacy landscape, Walgreens has begun to notify customers that its midtown location at 2727 W.",Walgreens closing stores
d15bdcb3a6099cc6aa,Walgreens,,,,,,Walgreens to close St. Louis County store,http://www.bing.com/news/apiclick.aspx?ref=FexRss&aid=&tid=6a31bd77b1c04f28b29c2e556f7fa36b&url=https%3a%2f%2fwww.bizjournals.com%2fstlouis%2fnews%2f2026%2f06%2f11%2fst-louis-county-walgreens-store-to-close.html&c=383589223251537787&mkt=en-us,www.bing.com,bing_rss,2026-06-11T15:35:00+00:00,2026-06-16T21:17:54+00:00,0.37,Walgreens to close St.,Walgreens closing stores
eaf72708f79ef60c77,Walgreens,,,,,,Walgreens closing numerous stores amid 'challenging' retail environment,http://www.bing.com/news/apiclick.aspx?ref=FexRss&aid=&tid=6a31bd77b1c04f28b29c2e556f7fa36b&url=https%3a%2f%2fwww.10news.com%2fbusiness%2fcompany-news%2fwalgreens-closing-numerous-stores-amid-challenging-retail-environment&c=13259261244793479128&mkt=en-us,www.bing.com,bing_rss,2026-03-29T22:24:00+00:00,2026-06-16T21:17:54+00:00,0.49,"Walgreens, one of America's largest pharmacy chains, announced early Thursday plans to close numerous stores across the U.S.",Walgreens closing stores
d7f1c5e798039f1b00,Walgreens,,,,,,CVS Pharmacy is opening a new store in Nubian Square,https://www.boston.com/news/local-news/2026/06/16/cvs-pharmacy-is-opening-a-new-store-in-nubian-square/,www.boston.com,gdelt,20260616T183000Z,2026-06-16T21:17:54+00:00,0.61,"A new CVS Pharmacy will open in Nubian Square in July, bringing back a chain drugstore after Walgreens closed multiple stores in Roxbury.",Walgreens pharmacy closed location
25ceed6aa4ad405f46,Walgreens,,,,,,Rite Aid reuse : What is becoming of vacant pharmacy locations across NH ?,https://www.unionleader.com/news/business/rite-aid-reuse-what-is-becoming-of-vacant-pharmacy-locations-across-nh/article_faa4455d-1ec9-480a-a6d4-213643daf003.html,www.unionleader.com,gdelt,20260605T204500Z,2026-06-16T21:17:54+00:00,0.26,The closure of about 50 Rite Aid locations in New Hampshire in the past year — as part of bankruptcy proceedings — opened the opportunity for other businesses or organizations to snag prime real estate.,Walgreens pharmacy closed location
8895d1162676662c37,Walgreens,,,,,,An alderman wants Chicago to become its own pharmacist,https://www.fox32chicago.com/news/alderman-wants-chicago-become-its-own-pharmacist,www.fox32chicago.com,gdelt,20260604T220000Z,2026-06-16T21:17:54+00:00,0.38,An alderman wants Chicago to become its own pharmacist https://images.foxtv.com/static.fox32chicago.com/www.fox32chicago.com/content/uploads/2026/06/1280/720/an-alderman-wants-chicago-to-become-its-own-pharmacist.jpg?ve=1&tl=1 Share A Chatham Walgreens closed ,Walgreens pharmacy closed location
622ed14982c44b77b4,Walgreens,,,,,,Walgreens left Chicago South Side because theft made staying impossible,https://www.foxnews.com/opinion/walgreens-didnt-abandon-chicagos-south-side-let-crime-drive,www.foxnews.com,gdelt,20260602T150000Z,2026-06-16T21:17:54+00:00,0.61,"Several years ago, the Walgreens just feet from my church on King Drive in Woodlawn closed its doors too.",Walgreens pharmacy closed location
80e61fcd67afaa5c6e,Walgreens,,,,,,Pharmacy closure leaves Woodstock without place to fill prescriptions,https://vtdigger.org/2026/05/20/pharmacy-closure-leaves-woodstock-without-place-to-fill-prescriptions/,vtdigger.org,gdelt,20260520T220000Z,2026-06-16T21:17:54+00:00,0.26,Pharmacy closure leaves Woodstock without place to fill prescriptions https://vtdigger.org/wp-content/uploads/2026/05/20260518-vn-springfield-jh-047.webp VTDigger News in pursuit of truth This story by Clare Shanahan was first published in the Valley News on M,Walgreens pharmacy closed location
9aa370bb933fb4b223,Walgreens,,,,,,NY Memorial Day 2026 Store Hours : Open and Closed Status Guide,https://981thehawk.com/ny-memorial-day-stores-open-closed/,981thehawk.com,gdelt,20260519T213000Z,2026-06-16T21:17:54+00:00,0.26,"NY Memorial Day 2026 Store Hours : Open and Closed Status Guide https://townsquare.media/site/498/files/2026/05/attachment-open-and-closed.jpg?&q=75&format=natural Memorial Day serves as the unofficial kickoff to summer, but because it is an official federal a",Walgreens pharmacy closed location
295c53c0fd8cdeebbd,Walgreens,,,,,,NY Memorial Day 2026 Store Hours : Open and Closed Status Guide,https://cnynews.com/ixp/498/p/ny-memorial-day-stores-open-closed/,cnynews.com,gdelt,20260519T194500Z,2026-06-16T21:17:54+00:00,0.26,"NY Memorial Day 2026 Store Hours : Open and Closed Status Guide https://townsquare.media/site/498/files/2026/05/attachment-open-and-closed.jpg?&q=75&format=natural Memorial Day serves as the unofficial kickoff to summer, but because it is an official federal a",Walgreens pharmacy closed location
96fc422500669fc9b0,Walgreens,,,,,,"New York City Higher - End Retail Deserts , and How to Fill Them – Commercial Observer",https://commercialobserver.com/2026/05/new-york-city-retail-deserts-tenants-2026/,commercialobserver.com,gdelt,20260519T111500Z,2026-06-16T21:17:54+00:00,0.61,There have been a slew of shops that have opened and closed within months because they could not garner enough business to stay open.,Walgreens pharmacy closed location
31948cd86a483aa8f2,Walgreens,,,,,,Last Walgreens in Brooklyn Heights to close June 4,https://brooklyneagle.com/386460/last-walgreens-in-brooklyn-heights-to-close-june-4/,brooklyneagle.com,gdelt,20260513T003000Z,2026-06-16T21:17:54+00:00,0.73,Last Walgreens in Brooklyn Heights to close June 4 https://brooklyneagle.com/wp-content/uploads/2026/05/Walgreens-closing-01-Mary-Frost-scaled.jpeg BROOKLYN HEIGHTS — The Walgreens pharmacy at 120 Court St.,Walgreens pharmacy closed location
f04eef6e2080a46c0e,Walgreens,,,,,,"Shuttering Chicago Walgreens Says It Lost $1 Million , Mostly Due to Theft",https://twitchy.com/brettt/2026/05/11/shuttering-chicago-walgreens-says-it-lost-1-million-mostly-due-to-theft-n2428085,twitchy.com,gdelt,20260512T014500Z,2026-06-16T21:17:54+00:00,0.49,"Shuttering Chicago Walgreens Says It Lost $1 Million , Mostly Due to Theft https://media.townhall.com/cdn/hodl/2017/262/b8cc473e-7490-468d-9f72-af3961dc2241.jpg Last week, we introduced you to Chicago Alderman William Hall, who set up a microphone on the stree",Walgreens pharmacy closed location
0647832efc4c0d74f4,Walgreens,,,,,,Alderman Hall slams Walgreens store closures,https://chicagocrusader.com/alderman-hall-slams-walgreens-store-closures/,chicagocrusader.com,gdelt,20260509T220000Z,2026-06-16T21:17:54+00:00,0.90,Alderman Hall slams Walgreens store closures https://chicagocrusader.com/wp-content/uploads/2026/05/PITCURE-OF-WALGREENS-OUTSIDE-1024x683.jpg Says moves create ‘pharmacy deserts’ Ald.,Walgreens pharmacy closed location
d5f5b64a2c40a9bbae,Walgreens,,,,,,Fallout continues after Walgreens closes store in Chatham,https://chicagocrusader.com/fallout-continues-after-alderman-hall-slams-walgreens-store-closures/,chicagocrusader.com,gdelt,20260508T174500Z,2026-06-16T21:17:54+00:00,0.73,Fallout continues after Walgreens closes store in Chatham https://chicagocrusader.com/wp-content/uploads/2026/05/ALD.-WILLIAM-HALL-WALGREENS-DO-RIGHT-BY-US-1024x683.jpg By Chinta Strausberg Ald.,Walgreens pharmacy closed location
68794ba407e08bdf89,Walgreens,,,,,,Chicago alderman accuses Walgreens of corporate abandonment in Chatham,https://www.foxnews.com/politics/chicago-pol-says-walgreens-charged-first-degree-corporate-abandonment-closure-theft,www.foxnews.com,gdelt,20260505T213000Z,2026-06-16T21:17:54+00:00,0.61,"(WFLD) A Chicago alderman, incensed by the upcoming closure of a Walgreens store amid safety concerns, stated that the corporate retailer should be charged with ""first-degree corporate abandonment."" Ald.",Walgreens pharmacy closed location
09964c26ea3def5117,Walgreens,,,,,,Chicago Alderman Wants Walgreens Charged With Corporate Abandonment for Closing Store,https://twitchy.com/brettt/2026/05/04/chicago-alderman-wants-walgreens-charged-with-corporate-abandonment-for-closing-store-n2427856,twitchy.com,gdelt,20260505T031500Z,2026-06-16T21:17:54+00:00,0.49,"""Six Walgreens have closed on [Chicago's] South Side during the past year,"" reports ABC 7 Eyewitness News.",Walgreens pharmacy closed location
549b933334e688c7a0,Walgreens,,,,,,"Walgreens to close Chatham store , citing theft and violence",https://chicago.suntimes.com/money/2026/05/04/walgreens-close-chatham-store-theft-violence,chicago.suntimes.com,gdelt,20260505T011500Z,2026-06-16T21:17:54+00:00,0.90,"Walgreens to close Chatham store , citing theft and violence https://chorus-production-cst-web.s3.us-east-1.amazonaws.com/brightspot/68/3d/44c3afe940dca90a0f63ead1a2be/walgreens-260505-01.jpg Why are we asking for donations?",Walgreens pharmacy closed location
ef4ba302a7eb444729,Walgreens,,,,,,"Are Walmart , Costco , Trader Joe , Target , Aldi , Publix , Ulta , and Sam Club open on Easter Sunday ?",https://www.hindustantimes.com/world-news/us-news/are-walmart-costco-trader-joes-target-aldi-publix-ulta-and-sams-club-open-on-easter-sunday-101775343984439.html,www.hindustantimes.com,gdelt,20260405T030000Z,2026-06-16T21:17:54+00:00,0.84,"However, warehouse chains like Costco and Sam's Club will remain closed for the holiday, continuing their long-standing policy of observing major national holidays.",Walgreens pharmacy closed location
5d9ca85b422c81e5be,Walgreens,,,,,,Map Shows Where Walgreens Is Closing Locations,http://www.bing.com/news/apiclick.aspx?ref=FexRss&aid=&tid=6a31bd81d34649afb183b8a99997e797&url=https%3a%2f%2fwww.newsweek.com%2fmap-walgreens-pharmacy-closures-2111781&c=10891888385040947924&mkt=en-us,www.bing.com,bing_rss,2025-08-11T08:05:00+00:00,2026-06-16T21:17:54+00:00,0.90,"News Reporter Walgreens is pressing on with its ""Footprint Optimization Program"" and shuttering hundreds of locations in an effort to streamline operations and prioritize its core retail pharmacy business.",Walgreens pharmacy closed location
75013b7ccd68011212,Walgreens,,,,,,Local pharmacy chain steps in as Midtown Walgreens prepares to close,http://www.bing.com/news/apiclick.aspx?ref=FexRss&aid=&tid=6a31bd81d34649afb183b8a99997e797&url=https%3a%2f%2fwww.msn.com%2fen-us%2fmoney%2fgeneral%2flocal-pharmacy-chain-steps-in-as-midtown-walgreens-prepares-to-close%2far-AA25dpGI&c=16408955843007296214&mkt=en-us,www.bing.com,bing_rss,2026-06-09T10:41:38+00:00,2026-06-16T21:17:54+00:00,0.37,"Local pharmacy chain steps in as Midtown Walgreens prepares to close With the Midtown Walgreens at 27th Street and North Avenue set to close on June 23, Hayat Pharmacy is encouraging residents to transfer prescriptions to the local chain.",Walgreens pharmacy closed location
267049c94fd14fdc8c,Walgreens,,,,,,"Walgreens to close Chatham store, citing theft and violence",http://www.bing.com/news/apiclick.aspx?ref=FexRss&aid=&tid=6a31bd81d34649afb183b8a99997e797&url=https%3a%2f%2fchicago.suntimes.com%2fmoney%2f2026%2f05%2f04%2fwalgreens-close-chatham-store-theft-violence&c=9786869387699307050&mkt=en-us,www.bing.com,bing_rss,2026-05-04T16:37:00+00:00,2026-06-16T21:17:54+00:00,0.90,"Walgreens to close Chatham store, citing theft and violence The Deerfield-based company has closed several South and West side locations over the last year, contributing to a pharmacy desert in the area.",Walgreens pharmacy closed location
5d88c97677878e64a7,Walgreens,,,,,,Another Lexington pharmacy will close in July. Here's where.,http://www.bing.com/news/apiclick.aspx?ref=FexRss&aid=&tid=6a31bd81d34649afb183b8a99997e797&url=https%3a%2f%2fwww.msn.com%2fen-us%2fmoney%2fgeneral%2fanother-lexington-pharmacy-will-close-in-july-here-s-where%2far-AA25dBiD&c=12593007643999782074&mkt=en-us,www.bing.com,bing_rss,2026-06-09T14:12:00+00:00,2026-06-16T21:17:54+00:00,0.37,Another Lexington pharmacy will close in July.,Walgreens pharmacy closed location
7aa9e1ee253884c97d,CVS,,,,,,Pharmacies Keep Closing ; Students Wary and Advocates Strategizing,https://www.erienewsnow.com/news/harrisburg/pharmacies-keep-closing-students-wary-and-advocates-strategizing/article_ad92cd53-7992-5f7c-b9ec-c5607a093574.html,www.erienewsnow.com,gdelt,20260424T200000Z,2026-06-17T13:59:31+00:00,0.61,"Updated: June 17, 2026 @ 9:54 am Over 1,100 pharmacies have closed in Pennsylvania since 2020.",CVS closing stores
c24a59d5c0f2322091,CVS,,,,,,Is Costco Closed on Easter Sunday 2026 ?,https://www.savingadvice.com/articles/2026/04/02/10110843_is-costco-closed-on-easter-sunday.html,www.savingadvice.com,gdelt,20260402T230000Z,2026-06-17T13:59:31+00:00,0.38,Is Costco Closed on Easter Sunday 2026 ?,CVS closing stores
0f340e8eb058e23481,CVS,,,,,,CVS Accelerates Rollout of New Pharmacy - Only Store Format,https://www.pymnts.com/news/retail/2026/cvs-accelerates-rollout-of-new-pharmacy-only-store-format/,www.pymnts.com,gdelt,20260402T030000Z,2026-06-17T13:59:31+00:00,0.26,"CVS spokesperson Amy Thibault told Bloomberg that the company plans to open 60 stores this year while closing “a few dozen locations.” Over the previous four years, CVS closed 1,100 locations while opening 200.",CVS closing stores
aa2c822614478d5782,CVS,,,,,,CVS to Expand Retail Footprint After Shrinking for 4 Years,https://www.pymnts.com/news/retail/2026/cvs-to-expand-retail-footprint-after-shrinking-for-4-years/,www.pymnts.com,gdelt,20260330T223000Z,2026-06-17T13:59:31+00:00,0.49,"This marks a change from the past four years, which saw CVS close 1,100 locations while opening 200, according to the report.",CVS closing stores
fc6a639267b8d509f8,CVS,,,,,,Walgreens store in Seattle Central District is slated to close,https://www.seattletimes.com/business/retail/walgreens-store-in-seattles-central-district-is-slated-to-close/,www.seattletimes.com,gdelt,20260326T223000Z,2026-06-17T13:59:31+00:00,0.90,"Walgreens store in Seattle Central District is slated to close A Walgreens store in Seattle’s Central District is set to shutter permanently this spring, marking another pharmacy loss for the city.",CVS closing stores
845c9c34eaf54799b2,CVS,,,,,,CVS fights law that could force over 100 stores to close,http://www.bing.com/news/apiclick.aspx?ref=FexRss&aid=&tid=6a32a8236378435a8599f941defd0cce&url=https%3a%2f%2fwww.aol.com%2ffinance%2fcvs-fights-law-could-force-161300320.html&c=6327375268730961832&mkt=en-us,www.bing.com,bing_rss,2026-04-22T16:59:00+00:00,2026-06-17T13:59:31+00:00,0.61,"CVS fights law that could force over 100 stores to close A sweeping new health care law is setting up a high-stakes battle over prescription drug pricing, corporate power, and patient access.",CVS closing stores
5f87e0d1edfd9c2a7b,CVS,,,,,,CVS plans to open 60 new stores in 2026 after years of closures,http://www.bing.com/news/apiclick.aspx?ref=FexRss&aid=&tid=6a32a8236378435a8599f941defd0cce&url=https%3a%2f%2fwww.13newsnow.com%2farticle%2fnews%2fnation-world%2fcvs-pharmacy-drugstore-plans-to-open-stores%2f507-1dc4afb1-4a1c-4929-897e-770a6bc9157f&c=15673116694922585273&mkt=en-us,www.bing.com,bing_rss,2026-04-01T07:14:00+00:00,2026-06-17T13:59:31+00:00,0.37,"CVS plans to open 60 new stores in 2026 after years of closures WASHINGTON — CVS Health is planning to grow again in 2026, a notable move after several years of closing stores across the country.",CVS closing stores
fd6ae66a89af19955b,Walgreens,,,,,,Map Shows Where Walgreens Is Closing Locations,http://www.bing.com/news/apiclick.aspx?ref=FexRss&aid=&tid=6a32a8307f8947639db02a675846693a&url=https%3a%2f%2fwww.newsweek.com%2fmap-walgreens-pharmacy-closures-2111781&c=10891888385040947924&mkt=en-us,www.bing.com,bing_rss,2025-08-11T08:05:00+00:00,2026-06-17T13:59:31+00:00,0.90,"News Reporter Walgreens is pressing on with its ""Footprint Optimization Program"" and shuttering hundreds of locations in an effort to streamline operations and prioritize its core retail pharmacy business.",Walgreens store closure location
af70e4e394117d3f2e,Walgreens,,,,,,"Walgreens to close Chatham store, citing theft and violence",http://www.bing.com/news/apiclick.aspx?ref=FexRss&aid=&tid=6a32a8307f8947639db02a675846693a&url=https%3a%2f%2fchicago.suntimes.com%2fmoney%2f2026%2f05%2f04%2fwalgreens-close-chatham-store-theft-violence&c=9786869387699307050&mkt=en-us,www.bing.com,bing_rss,2026-05-04T16:37:00+00:00,2026-06-17T13:59:31+00:00,0.90,"Walgreens to close Chatham store, citing theft and violence The Deerfield-based company has closed several South and West side locations over the last year, contributing to a pharmacy desert in the area.",Walgreens store closure location
10c4ddef4e72164d5b,Walgreens,,,,,,"Walgreens to close Chicago store after losing over $1M due to rampant theft, falling sales",http://www.bing.com/news/apiclick.aspx?ref=FexRss&aid=&tid=6a32a8307f8947639db02a675846693a&url=https%3a%2f%2fwww.msn.com%2fen-us%2fmoney%2fcompanies%2fwalgreens-to-close-chicago-store-after-losing-over-1m-due-to-rampant-theft-falling-sales%2far-AA22WnEv&c=17942911988166189995&mkt=en-us,www.bing.com,bing_rss,2026-05-11T11:25:00+00:00,2026-06-17T13:59:31+00:00,0.37,"Walgreens to close Chicago store after losing over $1M due to rampant theft, falling sales Walgreens announced plans to close a Chicago South Side store next month, citing elevated theft levels and declining prescription sales as key factors.",Walgreens store closure location
1355157ea8c2b55a98,Walgreens,,,,,,Walgreens closing Chatham store as officials warn of pharmacy deserts,http://www.bing.com/news/apiclick.aspx?ref=FexRss&aid=&tid=6a32a8307f8947639db02a675846693a&url=https%3a%2f%2fwww.msn.com%2fen-us%2fnews%2fus%2fwalgreens-closing-chatham-as-officials-warn-of-pharmacy-deserts%2far-AA24PoKJ&c=11146585358043657096&mkt=en-us,www.bing.com,bing_rss,2026-06-04T15:28:00+00:00,2026-06-17T13:59:31+00:00,0.37,"Walgreens closing Chatham store as officials warn of pharmacy deserts Walgreens is set to close in Chicago's Chatham neighborhood on Thursday, and there's growing concern about where families will get their medications.",Walgreens store closure location
1339e44eb4bd20d979,Walgreens,,,,,,Local pharmacy chain steps in as Midtown Walgreens prepares to close,http://www.bing.com/news/apiclick.aspx?ref=FexRss&aid=&tid=6a32a8307f8947639db02a675846693a&url=https%3a%2f%2fwww.msn.com%2fen-us%2fnews%2fus%2flocal-pharmacy-chain-steps-in-as-midtown-walgreens-prepares-to-close%2far-AA25dpGI&c=4811352347859923765&mkt=en-us,www.bing.com,bing_rss,2026-06-09T10:54:00+00:00,2026-06-17T13:59:31+00:00,0.37,"Local pharmacy chain steps in as Midtown Walgreens prepares to close With the Midtown Walgreens at 27th Street and North Avenue set to close on June 23, Hayat Pharmacy is encouraging residents to transfer prescriptions to the local chain.",Walgreens store closure location
ea52936a07515a2fc3,Walgreens,,,,,,"Walgreens to close Chatham store after more than $1M loss, cites theft and declining sales",http://www.bing.com/news/apiclick.aspx?ref=FexRss&aid=&tid=6a32a8307f8947639db02a675846693a&url=https%3a%2f%2fwww.aol.com%2fnews%2fwalgreens-close-chatham-store-more-023340460.html&c=6188010764375494095&mkt=en-us,www.bing.com,bing_rss,2026-05-09T16:59:00+00:00,2026-06-17T13:59:31+00:00,0.90,"Walgreens to close Chatham store after more than $1M loss, cites theft and declining sales CHICAGO - For the first time, Walgreens is revealing some of the specific financial problems that prompted it to close a longtime location on Chicago's South Side.",Walgreens store closure location
7a0f96d5a41faca152,Walgreens,,,,,,Redding Chico Eureka,https://krcrtv.com/news/local/legacy-of-reddings-old-crown-cameras-struggling-to-keep-doors-open,krcrtv.com,gdelt,20260610T074500Z,2026-06-17T13:59:31+00:00,0.37,"If the store were to close Wood felt it would be the end of a legacy left behind by Gary and Jeff Engel, the father and son duo who ran Old Crown Cameras, and who she considered her adoptive family.",Walgreens closing stores
824514344e03a2ab43,Walgreens,,,,,,Pharmacy cites insurance reimbursements for closing,https://www.herald-citizen.com/news/pharmacy-cites-insurance-reimbursements-for-closing/article_0909c676-dc9e-5507-b031-5435d36551bb.html,www.herald-citizen.com,gdelt,20260609T050000Z,2026-06-17T13:59:31+00:00,0.26,"Updated: June 17, 2026 @ 7:57 am A statement from Village Pharmacy cites decreasing insurance reimbursement as a reason for its May closure.",Walgreens closing stores
69838b73cb4fcde32a,Walgreens,,,,,,Chicago store closing : Walgreens pharmacy at 86th Street and Cottage Grove in Chatham set to close Thursday,https://abc7chicago.com/post/chicago-store-closing-walgreens-pharmacy-86th-street-cottage-grove-chatham-set-close-thursday/19232450/,abc7chicago.com,gdelt,20260604T111500Z,2026-06-17T13:59:31+00:00,0.84,Chicago store closing : Walgreens pharmacy at 86th Street and Cottage Grove in Chatham set to close Thursday https://cdn.abcotvs.com/dip/images/19232604_060426-wls-evelyn-walgreens530-vid.jpg CHICAGO (WLS) -- The Walgreens at 86th Street and Cottage Grove Aven,Walgreens closing stores
23a297e3aba008b70f,Walgreens,,,,,,5 Tech Brands That Lost Their Customer Trust ( And Went Bankrupt ),https://www.bgr.com/2182329/tech-brands-lost-customer-trust-bankrupt/,www.bgr.com,gdelt,20260530T134500Z,2026-06-17T13:59:31+00:00,0.26,"The once go-to location for all electrical needs, RadioShack closed its doors after years of pivoting away from the business that made it what it was.",Walgreens closing stores
8b8ce3fc3e07b0128a,Walgreens,,,,,,Milwaukee County and city launch task force to address food access crisis,https://www.wisn.com/article/milwaukee-county-and-city-launch-task-force-to-address-food-access-crisis/71436059,www.wisn.com,gdelt,20260529T020000Z,2026-06-17T13:59:31+00:00,0.73,"Milwaukee County and city launch task force to address food access crisis https://kubrick.htvapps.com/vidthumb/ad633ecb-0ff9-4bd0-9800-9054b08fe1b5/2488bae8-5108-4481-9fd5-38e675f70cfa.jpg?crop=0.816xw:0.815xh;0.184xw,0 Milwaukee County and city officials are ",Walgreens closing stores
1c8171d10187ec99e2,Walgreens,,,,,,Pet food store to open second Louisiana location in BR | Business,https://www.theadvocate.com/baton_rouge/news/business/pet-food-store-replaces-riteaid/article_4b645c88-4eca-4e35-a01d-0f1fbbdfa99f.html,www.theadvocate.com,gdelt,20260527T171500Z,2026-06-17T13:59:31+00:00,0.25,"It was a Rite Aid drugstore before closing several years ago, after Walgreens bought 1,900 Rite Aid stores and shuttered those near Walgreens locations.",Walgreens closing stores
8a1e0c79d60b196032,Walgreens,,,,,,Louisiana Store Closures 2026 : Full List,https://kpel965.com/louisiana-store-closures-2026/,kpel965.com,gdelt,20260514T191500Z,2026-06-17T13:59:31+00:00,0.90,"Louisiana Store Closures 2026 : Full List https://townsquare.media/site/36/files/2025/02/attachment-RS51575_GettyImages-1216744874-scr.jpg?&q=75&format=natural LAFAYETTE, La.",Walgreens closing stores
a1754bb5a3ad46bfcb,Walgreens,,,,,,Louisiana Store Closures 2026 : Full List,https://cajunradio.com/ixp/36/p/louisiana-store-closures-2026/,cajunradio.com,gdelt,20260514T184500Z,2026-06-17T13:59:31+00:00,0.90,"Louisiana Store Closures 2026 : Full List https://townsquare.media/site/36/files/2025/02/attachment-RS51575_GettyImages-1216744874-scr.jpg?&q=75&format=natural LAFAYETTE, La.",Walgreens closing stores
625b8ae8a61ff9b2a0,Walgreens,,,,,,Louisiana Store Closures 2026 : Full List,https://talkradio960.com/ixp/36/p/louisiana-store-closures-2026/,talkradio960.com,gdelt,20260514T180000Z,2026-06-17T13:59:31+00:00,0.90,"Louisiana Store Closures 2026 : Full List https://townsquare.media/site/36/files/2025/02/attachment-RS51575_GettyImages-1216744874-scr.jpg?&q=75&format=natural LAFAYETTE, La.",Walgreens closing stores
eea5ca4f2ab6b79991,Walgreens,,,,,,The Week Greatest Hits » Urban Milwaukee,https://urbanmilwaukee.com/2026/05/10/most-popular-2026-05-10/,urbanmilwaukee.com,gdelt,20260510T131500Z,2026-06-17T13:59:31+00:00,0.49,"May 7th, 2026 by Sophie Bolich Retailer has now closed 8 of 28 Milwaukee stores as part of nationwide downsizing.",Walgreens closing stores
c556b23bd8bc749bc9,Walgreens,"15846 E 3rd Street, Hayward, WI",Hayward,WI,,,I tried to get them to stay : Milwaukee alderman on Walgreens closure - WHSM,https://whsm.com/news/2026/05/05/i-tried-to-get-them-to-stay-milwaukee-alderman-on-walgreens-closure,whsm.com,gdelt,20260506T040000Z,2026-06-17T13:59:31+00:00,1.00,I tried to get them to stay : Milwaukee alderman on Walgreens closure - WHSM https://civicmedia.us/wp-content/uploads/2026/05/walgreens-scaled-e1778022729740.jpg Listen Live News Birkie News Deer Hunter's Roundup Closings/Cancellations Advertise Contact FAQs S,Walgreens closing stores
2842fd460c054aa481,Walgreens,"Hayward, WI",Hayward,WI,,,I tried to get them to stay : Milwaukee alderman on Walgreens closure - WHSM,https://whsm.com/news/2026/05/05/i-tried-to-get-them-to-stay-milwaukee-alderman-on-walgreens-closure,whsm.com,gdelt,20260506T040000Z,2026-06-17T13:59:31+00:00,1.00,I tried to get them to stay : Milwaukee alderman on Walgreens closure - WHSM https://civicmedia.us/wp-content/uploads/2026/05/walgreens-scaled-e1778022729740.jpg Listen Live News Birkie News Deer Hunter's Roundup Closings/Cancellations Advertise Contact FAQs S,Walgreens closing stores
7b9d116cf278fb3304,Walgreens,"622 River St, Ontonagon, MI",Ontonagon,MI,,,I tried to get them to stay : Milwaukee alderman on Walgreens closure - WUPY,https://wupy101.com/news/2026/05/05/i-tried-to-get-them-to-stay-milwaukee-alderman-on-walgreens-closure,wupy101.com,gdelt,20260506T034500Z,2026-06-17T13:59:31+00:00,1.00,I tried to get them to stay : Milwaukee alderman on Walgreens closure - WUPY https://civicmedia.us/wp-content/uploads/2026/05/walgreens-scaled-e1778022729740.jpg Listen Live News Sports Archive Obituaries Contact Advertise FAQs Source: Drake Bentley / Milwauke,Walgreens closing stores
08f7b236bfb276dfa9,Walgreens,"Ontonagon, MI",Ontonagon,MI,,,I tried to get them to stay : Milwaukee alderman on Walgreens closure - WUPY,https://wupy101.com/news/2026/05/05/i-tried-to-get-them-to-stay-milwaukee-alderman-on-walgreens-closure,wupy101.com,gdelt,20260506T034500Z,2026-06-17T13:59:31+00:00,1.00,I tried to get them to stay : Milwaukee alderman on Walgreens closure - WUPY https://civicmedia.us/wp-content/uploads/2026/05/walgreens-scaled-e1778022729740.jpg Listen Live News Sports Archive Obituaries Contact Advertise FAQs Source: Drake Bentley / Milwauke,Walgreens closing stores
6607af23018072a497,Walgreens,"326 Quincy St, Hancock, MI",Hancock,MI,,,I tried to get them to stay : Milwaukee alderman on Walgreens closure - WMPL,https://yooper.fm/news/2026/05/05/i-tried-to-get-them-to-stay-milwaukee-alderman-on-walgreens-closure,yooper.fm,gdelt,20260506T020000Z,2026-06-17T13:59:31+00:00,1.00,I tried to get them to stay : Milwaukee alderman on Walgreens closure - WMPL https://civicmedia.us/wp-content/uploads/2026/05/walgreens-scaled-e1778022729740.jpg Listen Live On-air Sports Contact Advertise FAQs Obituaries Source: Drake Bentley / Milwaukee Cour,Walgreens closing stores
727debde2ca4e7fb61,Walgreens,"Hancock, MI",Hancock,MI,,,I tried to get them to stay : Milwaukee alderman on Walgreens closure - WMPL,https://yooper.fm/news/2026/05/05/i-tried-to-get-them-to-stay-milwaukee-alderman-on-walgreens-closure,yooper.fm,gdelt,20260506T020000Z,2026-06-17T13:59:31+00:00,1.00,I tried to get them to stay : Milwaukee alderman on Walgreens closure - WMPL https://civicmedia.us/wp-content/uploads/2026/05/walgreens-scaled-e1778022729740.jpg Listen Live On-air Sports Contact Advertise FAQs Obituaries Source: Drake Bentley / Milwaukee Cour,Walgreens closing stores
aacbe9ee89d20e8ad6,Walgreens,"Racine, WI",Racine,WI,,,I tried to get them to stay : Milwaukee alderman on Walgreens closure - WRJN,https://wrjn.com/news/2026/05/05/i-tried-to-get-them-to-stay-milwaukee-alderman-on-walgreens-closure,wrjn.com,gdelt,20260506T011500Z,2026-06-17T13:59:31+00:00,1.00,I tried to get them to stay : Milwaukee alderman on Walgreens closure - WRJN https://civicmedia.us/wp-content/uploads/2026/05/walgreens-scaled-e1778022729740.jpg Listen Live Don Rosen Show News Events Advertise Contact FAQs Source: Drake Bentley / Milwaukee Co,Walgreens closing stores
77f4d9ca0dbbd4a273,Walgreens,"326 Quincy St, Hancock, MI",Hancock,MI,,,I tried to get them to stay : Milwaukee alderman on Walgreens closure - WKMJ,https://mix93.fm/news/2026/05/05/i-tried-to-get-them-to-stay-milwaukee-alderman-on-walgreens-closure,mix93.fm,gdelt,20260506T011500Z,2026-06-17T13:59:31+00:00,1.00,I tried to get them to stay : Milwaukee alderman on Walgreens closure - WKMJ https://civicmedia.us/wp-content/uploads/2026/05/walgreens-scaled-e1778022729740.jpg Listen Live Michigan Tech Calendar Sports Archives Contact Advertise FAQs Source: Drake Bentley / ,Walgreens closing stores
02622d7df953824745,Walgreens,"Hancock, MI",Hancock,MI,,,I tried to get them to stay : Milwaukee alderman on Walgreens closure - WKMJ,https://mix93.fm/news/2026/05/05/i-tried-to-get-them-to-stay-milwaukee-alderman-on-walgreens-closure,mix93.fm,gdelt,20260506T011500Z,2026-06-17T13:59:31+00:00,1.00,I tried to get them to stay : Milwaukee alderman on Walgreens closure - WKMJ https://civicmedia.us/wp-content/uploads/2026/05/walgreens-scaled-e1778022729740.jpg Listen Live Michigan Tech Calendar Sports Archives Contact Advertise FAQs Source: Drake Bentley / ,Walgreens closing stores
dcd8ea42b58dfa9c58,Walgreens,,,,,,Alpine ( PINE ) Q1 2026 Earnings Transcript,https://www.fool.com/earnings/call-transcripts/2026/04/24/alpine-pine-q1-2026-earnings-transcript/?source=iedfolrf0000001,www.fool.com,gdelt,20260424T183000Z,2026-06-17T13:59:31+00:00,0.26,Management disclosed that the increased quarterly dividend is supported by a 57% AFFO payout ratio and that the 2026 FFO and AFFO guidance raise reflects expectations for increased investment activity and portfolio growth.,Walgreens closing stores
8638941663a17fe185,Walgreens,,,,,,FBRT Q3 2024 Earnings Call Transcript | The Motley Fool,https://www.fool.com/earnings/call-transcripts/2026/04/22/fbrt-q3-2024-earnings-call-transcript/?source=iedfolrf0000001,www.fool.com,gdelt,20260422T210000Z,2026-06-17T13:59:31+00:00,0.26,"Our foreclosure REO position portfolio increased in size to 13 positions this quarter, but as Mike will detail, it is likely to decline due to recently negotiated PSAs on four properties.",Walgreens closing stores
cf7d9bddfca7c6e320,Walgreens,,,,,,All Montana Walgreens To Close In 2026,https://my1035.com/ixp/12/p/walgreens-montana/,my1035.com,gdelt,20260409T191500Z,2026-06-17T13:59:31+00:00,0.61,"All Montana Walgreens To Close In 2026 https://townsquare.media/site/12/files/2026/04/attachment-gettyimages-2055682.jpg?&q=75&format=natural As more and more Montanans shop online, we continue to see the closing of brick and mortar stores, and it looks like t",Walgreens closing stores
0e65733788b9d77c84,Walgreens,,,,,,Rockford Loses Another Walgreens Location,https://q985online.com/ixp/721/p/walgreens-rockford-closing-2026/,q985online.com,gdelt,20260407T201500Z,2026-06-17T13:59:31+00:00,0.90,"Rockford Loses Another Walgreens Location https://townsquare.media/site/721/files/2026/04/attachment-gettyimages-1139987170.jpg?&q=75&format=natural We knew Walgreens was going to close locations all over America, but we hoped it wouldn’t be another one in the",Walgreens closing stores
02c16e66e9a86f9a87,Walgreens,,,,,,Rockford Loses Another Walgreens Location,https://kfilradio.com/ixp/721/p/walgreens-rockford-closing-2026/,kfilradio.com,gdelt,20260407T191500Z,2026-06-17T13:59:31+00:00,0.90,"Rockford Loses Another Walgreens Location https://townsquare.media/site/721/files/2026/04/attachment-gettyimages-1139987170.jpg?&q=75&format=natural We knew Walgreens was going to close locations all over America, but we hoped it wouldn’t be another one in the",Walgreens closing stores
605ae35ce9b7be3950,Walgreens,,,,,,Map Shows Where Walgreens Is Closing Locations,http://www.bing.com/news/apiclick.aspx?ref=FexRss&aid=&tid=6a32a83933984488bd42abd80a09b55b&url=https%3a%2f%2fwww.newsweek.com%2fmap-walgreens-pharmacy-closures-2111781&c=10891888385040947924&mkt=en-us,www.bing.com,bing_rss,2025-08-11T08:05:00+00:00,2026-06-17T13:59:31+00:00,0.90,"News Reporter Walgreens is pressing on with its ""Footprint Optimization Program"" and shuttering hundreds of locations in an effort to streamline operations and prioritize its core retail pharmacy business.",Walgreens closing stores
f732f311326cff7711,Walgreens,,,,,,Walgreens closing numerous stores amid 'challenging' retail environment,http://www.bing.com/news/apiclick.aspx?ref=FexRss&aid=&tid=6a32a83933984488bd42abd80a09b55b&url=https%3a%2f%2fwww.wptv.com%2fbusiness%2fcompany-news%2fwalgreens-closing-numerous-stores-amid-challenging-retail-environment&c=6863907681722574937&mkt=en-us,www.bing.com,bing_rss,2024-06-26T22:44:00+00:00,2026-06-17T13:59:31+00:00,0.49,"Walgreens closing numerous stores amid 'challenging' retail environment Walgreens, one of America's largest pharmacy chains, announced early Thursday plans to close numerous stores across the U.S.",Walgreens closing stores
1cd4c62ce76e2c6201,Walgreens,,,,,,"Walgreens to close Chicago store after losing over $1M due to rampant theft, falling sales",http://www.bing.com/news/apiclick.aspx?ref=FexRss&aid=&tid=6a32a83933984488bd42abd80a09b55b&url=https%3a%2f%2fwww.msn.com%2fen-us%2fmoney%2fcompanies%2fwalgreens-to-close-chicago-store-after-losing-over-1m-due-to-rampant-theft-falling-sales%2far-AA22WnEv&c=17942911988166189995&mkt=en-us,www.bing.com,bing_rss,2026-05-11T11:25:00+00:00,2026-06-17T13:59:31+00:00,0.37,"Walgreens to close Chicago store after losing over $1M due to rampant theft, falling sales Walgreens announced plans to close a Chicago South Side store next month, citing elevated theft levels and declining prescription sales as key factors.",Walgreens closing stores
ac8ed58d70adc299d8,Walgreens,,,,,,Walgreens closing Chatham store on Thursday,http://www.bing.com/news/apiclick.aspx?ref=FexRss&aid=&tid=6a32a83933984488bd42abd80a09b55b&url=https%3a%2f%2fwww.msn.com%2fen-us%2flifestyle%2fother%2fwalgreens-closing-chatham-store-on-thursday%2far-AA24PoKJ&c=16509589848633609248&mkt=en-us,www.bing.com,bing_rss,2026-06-04T03:52:21+00:00,2026-06-17T13:59:31+00:00,0.37,"Walgreens closing Chatham store on Thursday Walgreens is set to close in Chicago's Chatham neighborhood on Thursday, and there's growing concern about where families will get their medications.",Walgreens closing stores
48a0a2574f0dc19f04,Walgreens,,,,,,"Walgreens to close Chatham store, citing theft and violence",http://www.bing.com/news/apiclick.aspx?ref=FexRss&aid=&tid=6a32a83933984488bd42abd80a09b55b&url=https%3a%2f%2fchicago.suntimes.com%2fmoney%2f2026%2f05%2f04%2fwalgreens-close-chatham-store-theft-violence&c=9786869387699307050&mkt=en-us,www.bing.com,bing_rss,2026-05-04T16:37:00+00:00,2026-06-17T13:59:31+00:00,0.90,"Walgreens to close Chatham store, citing theft and violence The Deerfield-based company has closed several South and West side locations over the last year, contributing to a pharmacy desert in the area.",Walgreens closing stores
8e66dac9b5efa40ab7,Walgreens,,,,,,Local pharmacy chain steps in as Midtown Walgreens prepares to close,http://www.bing.com/news/apiclick.aspx?ref=FexRss&aid=&tid=6a32a83933984488bd42abd80a09b55b&url=https%3a%2f%2fwww.msn.com%2fen-us%2fnews%2fus%2flocal-pharmacy-chain-steps-in-as-midtown-walgreens-prepares-to-close%2far-AA25dpGI&c=4811352347859923765&mkt=en-us,www.bing.com,bing_rss,2026-06-09T10:54:00+00:00,2026-06-17T13:59:31+00:00,0.37,"Local pharmacy chain steps in as Midtown Walgreens prepares to close With the Midtown Walgreens at 27th Street and North Avenue set to close on June 23, Hayat Pharmacy is encouraging residents to transfer prescriptions to the local chain.",Walgreens closing stores
38fcdb12d1134cdcb2,Walgreens,,,,,,Retail pharmacy to close St. Louis County store,http://www.bing.com/news/apiclick.aspx?ref=FexRss&aid=&tid=6a32a83933984488bd42abd80a09b55b&url=https%3a%2f%2fwww.msn.com%2fen-us%2fnews%2fus%2fretail-pharmacy-to-close-st-louis-county-store%2far-AA25uH41&c=9911094652721756306&mkt=en-us,www.bing.com,bing_rss,2026-06-12T08:47:00+00:00,2026-06-17T13:59:31+00:00,0.49,Retail pharmacy to close St.,Walgreens closing stores
9a260ec2af6d0b75dc,Walgreens,,,,,,"Walgreens to close Chatham store after more than $1M loss, cites theft and declining sales",http://www.bing.com/news/apiclick.aspx?ref=FexRss&aid=&tid=6a32a83933984488bd42abd80a09b55b&url=https%3a%2f%2fwww.aol.com%2fnews%2fwalgreens-close-chatham-store-more-023340460.html&c=6188010764375494095&mkt=en-us,www.bing.com,bing_rss,2026-05-09T16:59:00+00:00,2026-06-17T13:59:31+00:00,0.90,"Walgreens to close Chatham store after more than $1M loss, cites theft and declining sales CHICAGO - For the first time, Walgreens is revealing some of the specific financial problems that prompted it to close a longtime location on Chicago's South Side.",Walgreens closing stores
fac9f32c0bfb48ac30,Walgreens,,,,,,Walgreens to close St. Louis County store,http://www.bing.com/news/apiclick.aspx?ref=FexRss&aid=&tid=6a32a83933984488bd42abd80a09b55b&url=https%3a%2f%2fwww.bizjournals.com%2fstlouis%2fnews%2f2026%2f06%2f11%2fst-louis-county-walgreens-store-to-close.html&c=383589223251537787&mkt=en-us,www.bing.com,bing_rss,2026-06-11T15:35:00+00:00,2026-06-17T13:59:31+00:00,0.37,Walgreens to close St.,Walgreens closing stores
cb173f58010e37304f,Walgreens,,,,,,Walgreens closing numerous stores amid 'challenging' retail environment,http://www.bing.com/news/apiclick.aspx?ref=FexRss&aid=&tid=6a32a83933984488bd42abd80a09b55b&url=https%3a%2f%2fwww.10news.com%2fbusiness%2fcompany-news%2fwalgreens-closing-numerous-stores-amid-challenging-retail-environment&c=13259261244793479128&mkt=en-us,www.bing.com,bing_rss,2026-03-29T22:24:00+00:00,2026-06-17T13:59:31+00:00,0.49,"Walgreens, one of America's largest pharmacy chains, announced early Thursday plans to close numerous stores across the U.S.",Walgreens closing stores
2071fc77c28d00545c,Walgreens,,,,,,Map Shows Where Walgreens Is Closing Locations,http://www.bing.com/news/apiclick.aspx?ref=FexRss&aid=&tid=6a32a842bdbd423b8fd8e43bc6218acc&url=https%3a%2f%2fwww.newsweek.com%2fmap-walgreens-pharmacy-closures-2111781&c=10891888385040947924&mkt=en-us,www.bing.com,bing_rss,2025-08-11T08:05:00+00:00,2026-06-17T13:59:31+00:00,0.90,"News Reporter Walgreens is pressing on with its ""Footprint Optimization Program"" and shuttering hundreds of locations in an effort to streamline operations and prioritize its core retail pharmacy business.",Walgreens pharmacy closed location
228288a4cc04b09364,Walgreens,,,,,,Another Lexington pharmacy will close in July. Here's where.,http://www.bing.com/news/apiclick.aspx?ref=FexRss&aid=&tid=6a32a842bdbd423b8fd8e43bc6218acc&url=https%3a%2f%2fwww.msn.com%2fen-us%2fmoney%2fgeneral%2fanother-lexington-pharmacy-will-close-in-july-here-s-where%2far-AA25dBiD&c=12593007643999782074&mkt=en-us,www.bing.com,bing_rss,2026-06-09T14:12:00+00:00,2026-06-17T13:59:31+00:00,0.37,Another Lexington pharmacy will close in July.,Walgreens pharmacy closed location
b1c0076b53020baa96,CVS,,,,,,CVS fights law that could force over 100 stores to close,http://www.bing.com/news/apiclick.aspx?ref=FexRss&aid=&tid=6a33f580be52432bb41acec1dab207c3&url=https%3a%2f%2fwww.aol.com%2ffinance%2fcvs-fights-law-could-force-161300320.html&c=6327375268730961832&mkt=en-us,www.bing.com,bing_rss,2026-04-22T16:59:00+00:00,2026-06-18T13:41:57+00:00,0.61,"CVS fights law that could force over 100 stores to close A sweeping new health care law is setting up a high-stakes battle over prescription drug pricing, corporate power, and patient access.",CVS closing stores
6fc70245743af68fe4,CVS,,,,,,CVS plans to open 60 new stores in 2026 after years of closures,http://www.bing.com/news/apiclick.aspx?ref=FexRss&aid=&tid=6a33f580be52432bb41acec1dab207c3&url=https%3a%2f%2fwww.wkyc.com%2farticle%2fnews%2fnation-world%2fcvs-pharmacy-drugstore-plans-to-open-stores%2f507-1dc4afb1-4a1c-4929-897e-770a6bc9157f&c=8620438414890441792&mkt=en-us,www.bing.com,bing_rss,2026-04-01T07:14:00+00:00,2026-06-18T13:41:57+00:00,0.37,"CVS plans to open 60 new stores in 2026 after years of closures WASHINGTON — CVS Health is planning to grow again in 2026, a notable move after several years of closing stores across the country.",CVS closing stores
18808ae5c3ff0ecd17,CVS,,,,,,CVS Pharmacy is opening a new store in Nubian Square,https://www.bostonglobe.com/2026/06/16/business/cvs-pharmacy-nubian-square-walgreens/,www.bostonglobe.com,gdelt,20260616T214500Z,2026-06-18T13:41:57+00:00,0.61,"A new CVS Pharmacy will open in Nubian Square in July, bringing back a chain drugstore after Walgreens closed multiple stores in Roxbury.",CVS pharmacy closed location
321cd3c46fd2906b61,CVS,,,,,,UnitedHealth Group Crisis : Change Healthcare & Brian Thompson 2024,https://everything-pr.com/unitedhealth-group-2024-crisis-case-study,everything-pr.com,gdelt,20260615T133000Z,2026-06-18T13:41:57+00:00,0.26,"The UnitedHealth Group 2024 crisis cycle is the canonical modern healthcare communications case — two distinct catastrophic events compressed into a single calendar year that reshaped how the entire payer industry thinks about reputation, executive security, a",CVS pharmacy closed location
bc0229886c1ab0cf43,CVS,,,,,,Pharmacy Has A Tower Records Problem . Outsiders Rebuilding The Tech Stack Might Help .,https://www.forbes.com/sites/sethjoseph/2026/04/28/pharmacy-has-a-tower-records-problem-outsiders-rebuilding-the-tech-stack-might-help/,www.forbes.com,gdelt,20260428T144500Z,2026-06-18T13:41:57+00:00,0.26,"stores closed by December of that year, taking roughly 3,000 jobs with them.",CVS pharmacy closed location
d2f213cd65d210efee,CVS,,,,,,"Dr . Bill McGuire to turn Midway CVS site into market - rate apartments , retail",https://www.twincities.com/2026/04/23/dr-bill-mcguire-to-turn-midway-cvs-site-into-market-rate-apartments-retail/,www.twincities.com,gdelt,20260423T214500Z,2026-06-18T13:41:57+00:00,0.61,Hours Deadline (no exceptions) Ad Photos MONDAY – FRIDAY 9:00AM – 5:00 PM Next Day Publication Must receive obituary content and payment same day by 3:45PM Make changes by 4:00PM Must receive photo(s) by 4:00PM SATURDAYS 10:00AM – 2:00PM Sunday Publication Mus,CVS pharmacy closed location
03ef2a6eeff1a4ff7f,CVS,,,,,,Charles Schwab to close downtown Portland branch,https://www.kgw.com/article/money/business/charles-schwab-close-downtown-portland-branch/283-935d6261-ef70-4da4-bb22-f569f1df103d,www.kgw.com,gdelt,20260409T040000Z,2026-06-18T13:41:57+00:00,0.37,Charles Schwab to close downtown Portland branch https://media.kgw.com/assets/KGW/images/e39fdf74-9267-4627-bafc-eff082de2e06/20260408T235704/e39fdf74-9267-4627-bafc-eff082de2e06_1080x1920.jpg,CVS pharmacy closed location
825898f9af4dc6647a,Walgreens,,,,,,Map Shows Where Walgreens Is Closing Locations,http://www.bing.com/news/apiclick.aspx?ref=FexRss&aid=&tid=6a33f596a0394c9faef7c4c77e01f68e&url=https%3a%2f%2fwww.newsweek.com%2fmap-walgreens-pharmacy-closures-2111781&c=10891888385040947924&mkt=en-us,www.bing.com,bing_rss,2025-08-11T08:05:00+00:00,2026-06-18T13:41:57+00:00,0.90,"News Reporter Walgreens is pressing on with its ""Footprint Optimization Program"" and shuttering hundreds of locations in an effort to streamline operations and prioritize its core retail pharmacy business.",Walgreens store closure location
b0888e33f4ad4fb53a,Walgreens,,,,,,"Walgreens to close Chatham store, citing theft and violence",http://www.bing.com/news/apiclick.aspx?ref=FexRss&aid=&tid=6a33f596a0394c9faef7c4c77e01f68e&url=https%3a%2f%2fchicago.suntimes.com%2fmoney%2f2026%2f05%2f04%2fwalgreens-close-chatham-store-theft-violence&c=9786869387699307050&mkt=en-us,www.bing.com,bing_rss,2026-05-04T16:37:00+00:00,2026-06-18T13:41:57+00:00,0.90,"Walgreens to close Chatham store, citing theft and violence The Deerfield-based company has closed several South and West side locations over the last year, contributing to a pharmacy desert in the area.",Walgreens store closure location
fad136cbb49f852fbd,Walgreens,,,,,,Chicago pol says Walgreens should be charged with 'first-degree corporate abandonment' over closure over theft,http://www.bing.com/news/apiclick.aspx?ref=FexRss&aid=&tid=6a33f596a0394c9faef7c4c77e01f68e&url=https%3a%2f%2fwww.msn.com%2fen-us%2fcrime%2fgeneral%2fchicago-pol-says-walgreens-should-be-charged-with-first-degree-corporate-abandonment-over-closure-over-theft%2far-AA22sAX4&c=13210404326199453202&mkt=en-us,www.bing.com,bing_rss,2026-05-05T13:29:55+00:00,2026-06-18T13:41:57+00:00,0.49,"Chicago pol says Walgreens should be charged with 'first-degree corporate abandonment' over closure over theft A Chicago alderman says Walgreens should be charged with ""first-degree corporate abandonment"" over its decision to close a store in the 6th Ward.",Walgreens store closure location
b132bf23868bd10e6b,Walgreens,,,,,,"Walgreens to close Chicago store after losing over $1M due to rampant theft, falling sales",http://www.bing.com/news/apiclick.aspx?ref=FexRss&aid=&tid=6a33f596a0394c9faef7c4c77e01f68e&url=https%3a%2f%2fwww.msn.com%2fen-us%2fmoney%2fcompanies%2fwalgreens-to-close-chicago-store-after-losing-over-1m-due-to-rampant-theft-falling-sales%2far-AA22WnEv&c=17942911988166189995&mkt=en-us,www.bing.com,bing_rss,2026-05-11T11:25:00+00:00,2026-06-18T13:41:57+00:00,0.37,"Walgreens to close Chicago store after losing over $1M due to rampant theft, falling sales Walgreens announced plans to close a Chicago South Side store next month, citing elevated theft levels and declining prescription sales as key factors.",Walgreens store closure location
0ba559d8683c62ca4a,Walgreens,,,,,,Walgreens closing Chatham store as officials warn of pharmacy deserts,http://www.bing.com/news/apiclick.aspx?ref=FexRss&aid=&tid=6a33f596a0394c9faef7c4c77e01f68e&url=https%3a%2f%2fwww.msn.com%2fen-us%2fnews%2fus%2fwalgreens-closing-chatham-as-officials-warn-of-pharmacy-deserts%2far-AA24PoKJ&c=11146585358043657096&mkt=en-us,www.bing.com,bing_rss,2026-06-04T15:28:00+00:00,2026-06-18T13:41:57+00:00,0.37,"Walgreens closing Chatham store as officials warn of pharmacy deserts Walgreens is set to close in Chicago's Chatham neighborhood on Thursday, and there's growing concern about where families will get their medications.",Walgreens store closure location
ee03e1dbd2531b4cb6,Walgreens,,,,,,Local pharmacy chain steps in as Midtown Walgreens prepares to close,http://www.bing.com/news/apiclick.aspx?ref=FexRss&aid=&tid=6a33f596a0394c9faef7c4c77e01f68e&url=https%3a%2f%2fwww.msn.com%2fen-us%2fnews%2fus%2flocal-pharmacy-chain-steps-in-as-midtown-walgreens-prepares-to-close%2far-AA25dpGI&c=4811352347859923765&mkt=en-us,www.bing.com,bing_rss,2026-06-09T10:54:00+00:00,2026-06-18T13:41:57+00:00,0.37,"Local pharmacy chain steps in as Midtown Walgreens prepares to close With the Midtown Walgreens at 27th Street and North Avenue set to close on June 23, Hayat Pharmacy is encouraging residents to transfer prescriptions to the local chain.",Walgreens store closure location
53b068f6050620ff8c,Walgreens,,,,,,Chicago drug store closure is another case study in Leftist failure,http://www.bing.com/news/apiclick.aspx?ref=FexRss&aid=&tid=6a33f596a0394c9faef7c4c77e01f68e&url=https%3a%2f%2fwww.washingtonexaminer.com%2fopinion%2fbeltway-confidential%2f4568031%2fchicago-drug-store-closure-case-study-leftist-failure%2f&c=17438310872040253896&mkt=en-us,www.bing.com,bing_rss,2026-05-14T10:04:00+00:00,2026-06-18T13:41:57+00:00,0.49,"Chicago drug store closure is another case study in Leftist failure The last gasp of failing political leaders is to scapegoat companies that decide they cannot continue to operate, due to terrible policies ...",Walgreens store closure location
a0ca9fd5267f052ff6,Walgreens,,,,,,Walgreens to close St. Louis County store,http://www.bing.com/news/apiclick.aspx?ref=FexRss&aid=&tid=6a33f596a0394c9faef7c4c77e01f68e&url=https%3a%2f%2fwww.bizjournals.com%2fstlouis%2fnews%2f2026%2f06%2f11%2fst-louis-county-walgreens-store-to-close.html&c=383589223251537787&mkt=en-us,www.bing.com,bing_rss,2026-06-11T15:35:00+00:00,2026-06-18T13:41:57+00:00,0.37,Walgreens to close St.,Walgreens store closure location
e6dbd69a94c7076b72,Walgreens,,,,,,Map Shows Where Walgreens Is Closing Locations,http://www.bing.com/news/apiclick.aspx?ref=FexRss&aid=&tid=6a33f59d14c64b32b6a05906db03d207&url=https%3a%2f%2fwww.newsweek.com%2fmap-walgreens-pharmacy-closures-2111781&c=10891888385040947924&mkt=en-us,www.bing.com,bing_rss,2025-08-11T08:05:00+00:00,2026-06-18T13:41:57+00:00,0.90,"News Reporter Walgreens is pressing on with its ""Footprint Optimization Program"" and shuttering hundreds of locations in an effort to streamline operations and prioritize its core retail pharmacy business.",Walgreens closing stores
3edda92c0907bf1987,Walgreens,,,,,,Walgreens closing numerous stores amid 'challenging' retail environment,http://www.bing.com/news/apiclick.aspx?ref=FexRss&aid=&tid=6a33f59d14c64b32b6a05906db03d207&url=https%3a%2f%2fwww.wptv.com%2fbusiness%2fcompany-news%2fwalgreens-closing-numerous-stores-amid-challenging-retail-environment&c=6863907681722574937&mkt=en-us,www.bing.com,bing_rss,2024-06-26T22:44:00+00:00,2026-06-18T13:41:57+00:00,0.49,"Walgreens closing numerous stores amid 'challenging' retail environment Walgreens, one of America's largest pharmacy chains, announced early Thursday plans to close numerous stores across the U.S.",Walgreens closing stores
a288e071d41a46f2c6,Walgreens,,,,,,Walgreens closing Chatham store on Thursday,http://www.bing.com/news/apiclick.aspx?ref=FexRss&aid=&tid=6a33f59d14c64b32b6a05906db03d207&url=https%3a%2f%2fwww.msn.com%2fen-us%2flifestyle%2fother%2fwalgreens-closing-chatham-store-on-thursday%2far-AA24PoKJ&c=16509589848633609248&mkt=en-us,www.bing.com,bing_rss,2026-06-04T03:52:21+00:00,2026-06-18T13:41:57+00:00,0.37,"Walgreens closing Chatham store on Thursday Walgreens is set to close in Chicago's Chatham neighborhood on Thursday, and there's growing concern about where families will get their medications.",Walgreens closing stores
e41abecc35ec7604d4,Walgreens,,,,,,"Walgreens to close Chicago store after losing over $1M due to rampant theft, falling sales",http://www.bing.com/news/apiclick.aspx?ref=FexRss&aid=&tid=6a33f59d14c64b32b6a05906db03d207&url=https%3a%2f%2fwww.msn.com%2fen-us%2fmoney%2fcompanies%2fwalgreens-to-close-chicago-store-after-losing-over-1m-due-to-rampant-theft-falling-sales%2far-AA22WnEv&c=17942911988166189995&mkt=en-us,www.bing.com,bing_rss,2026-05-11T11:25:00+00:00,2026-06-18T13:41:57+00:00,0.37,"Walgreens to close Chicago store after losing over $1M due to rampant theft, falling sales Walgreens announced plans to close a Chicago South Side store next month, citing elevated theft levels and declining prescription sales as key factors.",Walgreens closing stores
0176694b84201ba672,Walgreens,,,,,,"Walgreens to close Chatham store, citing theft and violence",http://www.bing.com/news/apiclick.aspx?ref=FexRss&aid=&tid=6a33f59d14c64b32b6a05906db03d207&url=https%3a%2f%2fchicago.suntimes.com%2fmoney%2f2026%2f05%2f04%2fwalgreens-close-chatham-store-theft-violence&c=9786869387699307050&mkt=en-us,www.bing.com,bing_rss,2026-05-04T16:37:00+00:00,2026-06-18T13:41:57+00:00,0.90,"Walgreens to close Chatham store, citing theft and violence The Deerfield-based company has closed several South and West side locations over the last year, contributing to a pharmacy desert in the area.",Walgreens closing stores
04a5a62737479d9606,Walgreens,,,,,,"Walgreens to close Chatham store after more than $1M loss, cites theft and declining sales",http://www.bing.com/news/apiclick.aspx?ref=FexRss&aid=&tid=6a33f59d14c64b32b6a05906db03d207&url=https%3a%2f%2fwww.aol.com%2fnews%2fwalgreens-close-chatham-store-more-023340460.html&c=6188010764375494095&mkt=en-us,www.bing.com,bing_rss,2026-05-09T16:59:00+00:00,2026-06-18T13:41:57+00:00,0.90,"Walgreens to close Chatham store after more than $1M loss, cites theft and declining sales CHICAGO - For the first time, Walgreens is revealing some of the specific financial problems that prompted it to close a longtime location on Chicago's South Side.",Walgreens closing stores
9515c26f8f14d6c138,Walgreens,"Chicago, IL",Chicago,IL,,,Walgreens to close Midtown store on Milwaukee’s North Avenue,http://www.bing.com/news/apiclick.aspx?ref=FexRss&aid=&tid=6a33f59d14c64b32b6a05906db03d207&url=https%3a%2f%2fwww.aol.com%2farticles%2fwalgreens-close-midtown-store-milwaukee-211103214.html&c=2790933303493612534&mkt=en-us,www.bing.com,bing_rss,2026-05-07T14:56:00+00:00,2026-06-18T13:41:57+00:00,1.00,"Walgreens to close Midtown store on Milwaukee’s North Avenue In another blow to Milwaukee’s grocery and pharmacy landscape, Walgreens has begun to notify customers that its midtown location at 2727 W.",Walgreens closing stores
fab1f69690011fe0c1,Walgreens,,,,,,Walgreens to close St. Louis County store,http://www.bing.com/news/apiclick.aspx?ref=FexRss&aid=&tid=6a33f59d14c64b32b6a05906db03d207&url=https%3a%2f%2fwww.bizjournals.com%2fstlouis%2fnews%2f2026%2f06%2f11%2fst-louis-county-walgreens-store-to-close.html&c=383589223251537787&mkt=en-us,www.bing.com,bing_rss,2026-06-11T15:35:00+00:00,2026-06-18T13:41:57+00:00,0.37,Walgreens to close St.,Walgreens closing stores
cdc0ee86384b8b0ac6,Walgreens,,,,,,Retail pharmacy to close St. Louis County store,http://www.bing.com/news/apiclick.aspx?ref=FexRss&aid=&tid=6a33f59d14c64b32b6a05906db03d207&url=https%3a%2f%2fwww.msn.com%2fen-us%2fnews%2fus%2fretail-pharmacy-to-close-st-louis-county-store%2far-AA25uH41&c=9911094652721756306&mkt=en-us,www.bing.com,bing_rss,2026-06-12T08:47:00+00:00,2026-06-18T13:41:57+00:00,0.49,Retail pharmacy to close St.,Walgreens closing stores
0bcaf8971e856ecd84,Walgreens,,,,,,Walgreens closing numerous stores amid 'challenging' retail environment,http://www.bing.com/news/apiclick.aspx?ref=FexRss&aid=&tid=6a33f59d14c64b32b6a05906db03d207&url=https%3a%2f%2fwww.10news.com%2fbusiness%2fcompany-news%2fwalgreens-closing-numerous-stores-amid-challenging-retail-environment&c=13259261244793479128&mkt=en-us,www.bing.com,bing_rss,2026-03-29T22:24:00+00:00,2026-06-18T13:41:57+00:00,0.49,"Walgreens, one of America's largest pharmacy chains, announced early Thursday plans to close numerous stores across the U.S.",Walgreens closing stores
9e6c5c12d367fecf22,Walgreens,,,,,,Map Shows Where Walgreens Is Closing Locations,http://www.bing.com/news/apiclick.aspx?ref=FexRss&aid=&tid=6a33f5a448cf487f919fb04cad970572&url=https%3a%2f%2fwww.newsweek.com%2fmap-walgreens-pharmacy-closures-2111781&c=10891888385040947924&mkt=en-us,www.bing.com,bing_rss,2025-08-11T08:05:00+00:00,2026-06-18T13:41:57+00:00,0.90,"News Reporter Walgreens is pressing on with its ""Footprint Optimization Program"" and shuttering hundreds of locations in an effort to streamline operations and prioritize its core retail pharmacy business.",Walgreens pharmacy closed location
2469cf401c8a544b13,Walgreens,,,,,,Local pharmacy chain steps in as Midtown Walgreens prepares to close,http://www.bing.com/news/apiclick.aspx?ref=FexRss&aid=&tid=6a33f5a448cf487f919fb04cad970572&url=https%3a%2f%2fwww.msn.com%2fen-us%2fnews%2fus%2flocal-pharmacy-chain-steps-in-as-midtown-walgreens-prepares-to-close%2far-AA25dpGI&c=4811352347859923765&mkt=en-us,www.bing.com,bing_rss,2026-06-09T10:54:00+00:00,2026-06-18T13:41:57+00:00,0.37,"Local pharmacy chain steps in as Midtown Walgreens prepares to close With the Midtown Walgreens at 27th Street and North Avenue set to close on June 23, Hayat Pharmacy is encouraging residents to transfer prescriptions to the local chain.",Walgreens pharmacy closed location
c0b700f83a2a13e005,Walgreens,,,,,,"Walgreens to close Chatham store, citing theft and violence",http://www.bing.com/news/apiclick.aspx?ref=FexRss&aid=&tid=6a33f5a448cf487f919fb04cad970572&url=https%3a%2f%2fchicago.suntimes.com%2fmoney%2f2026%2f05%2f04%2fwalgreens-close-chatham-store-theft-violence&c=9786869387699307050&mkt=en-us,www.bing.com,bing_rss,2026-05-04T16:37:00+00:00,2026-06-18T13:41:57+00:00,0.90,"Walgreens to close Chatham store, citing theft and violence The Deerfield-based company has closed several South and West side locations over the last year, contributing to a pharmacy desert in the area.",Walgreens pharmacy closed location
6a8d9a20d1e05ce2d9,Walgreens,,,,,,Another Lexington pharmacy will close in July. Here's where.,http://www.bing.com/news/apiclick.aspx?ref=FexRss&aid=&tid=6a33f5a448cf487f919fb04cad970572&url=https%3a%2f%2fwww.msn.com%2fen-us%2fmoney%2fgeneral%2fanother-lexington-pharmacy-will-close-in-july-here-s-where%2far-AA25dBiD&c=12593007643999782074&mkt=en-us,www.bing.com,bing_rss,2026-06-09T14:12:00+00:00,2026-06-18T13:41:57+00:00,0.37,Another Lexington pharmacy will close in July.,Walgreens pharmacy closed location
d9d5ffd7db09f78052,CVS,,,,,,CVS warns it may have to close over 100 more stores,http://www.bing.com/news/apiclick.aspx?ref=FexRss&aid=&tid=6a3548952b8e4c3498e22b220a9773c9&url=https%3a%2f%2fwww.thestreet.com%2fhealth%2fcvs-fights-law-that-could-force-134-stores-to-close-fair-rx&c=2158066446006967284&mkt=en-us,www.bing.com,bing_rss,2026-04-23T13:32:00+00:00,2026-06-19T13:48:43+00:00,0.37,"CVS warns it may have to close over 100 more stores A sweeping new health care law is setting up a high-stakes battle over prescription drug pricing, corporate power, and patient access.",CVS store closure location
b9fd5b1f07f94d2938,Walgreens,,,,,,Map Shows Where Walgreens Is Closing Locations,http://www.bing.com/news/apiclick.aspx?ref=FexRss&aid=&tid=6a3548adfedb4c2d90729f3445e916fe&url=https%3a%2f%2fwww.newsweek.com%2fmap-walgreens-pharmacy-closures-2111781&c=10891888385040947924&mkt=en-us,www.bing.com,bing_rss,2025-08-11T08:05:00+00:00,2026-06-19T13:48:43+00:00,0.90,"News Reporter Walgreens is pressing on with its ""Footprint Optimization Program"" and shuttering hundreds of locations in an effort to streamline operations and prioritize its core retail pharmacy business.",Walgreens store closure location
9e289dfdcb113681fd,Walgreens,,,,,,Walgreens closing Chatham store as officials warn of pharmacy deserts,http://www.bing.com/news/apiclick.aspx?ref=FexRss&aid=&tid=6a3548adfedb4c2d90729f3445e916fe&url=https%3a%2f%2fwww.msn.com%2fen-us%2fnews%2fus%2fwalgreens-closing-chatham-as-officials-warn-of-pharmacy-deserts%2far-AA24PoKJ&c=11146585358043657096&mkt=en-us,www.bing.com,bing_rss,2026-06-04T15:28:00+00:00,2026-06-19T13:48:43+00:00,0.37,"Walgreens closing Chatham store as officials warn of pharmacy deserts Walgreens is set to close in Chicago's Chatham neighborhood on Thursday, and there's growing concern about where families will get their medications.",Walgreens store closure location
aa4335dcddd8bd8e34,Walgreens,,,,,,"Walgreens to close Chatham store after more than $1M loss, cites theft and declining sales",http://www.bing.com/news/apiclick.aspx?ref=FexRss&aid=&tid=6a3548adfedb4c2d90729f3445e916fe&url=https%3a%2f%2fwww.aol.com%2fnews%2fwalgreens-close-chatham-store-more-023340460.html&c=6188010764375494095&mkt=en-us,www.bing.com,bing_rss,2026-05-09T16:59:00+00:00,2026-06-19T13:48:43+00:00,0.90,"Walgreens to close Chatham store after more than $1M loss, cites theft and declining sales CHICAGO - For the first time, Walgreens is revealing some of the specific financial problems that prompted it to close a longtime location on Chicago's South Side.",Walgreens store closure location
e0711e5ce89810c845,Walgreens,,,,,,"Walgreens to close Chicago store after losing over $1M due to rampant theft, falling sales",http://www.bing.com/news/apiclick.aspx?ref=FexRss&aid=&tid=6a3548adfedb4c2d90729f3445e916fe&url=https%3a%2f%2fwww.msn.com%2fen-us%2fmoney%2fcompanies%2fwalgreens-to-close-chicago-store-after-losing-over-1m-due-to-rampant-theft-falling-sales%2far-AA22WnEv&c=17942911988166189995&mkt=en-us,www.bing.com,bing_rss,2026-05-11T11:25:00+00:00,2026-06-19T13:48:43+00:00,0.37,"Walgreens to close Chicago store after losing over $1M due to rampant theft, falling sales Walgreens announced plans to close a Chicago South Side store next month, citing elevated theft levels and declining prescription sales as key factors.",Walgreens store closure location
86d3d37851cafb5b59,Walgreens,,,,,,Local pharmacy chain steps in as Midtown Walgreens prepares to close,http://www.bing.com/news/apiclick.aspx?ref=FexRss&aid=&tid=6a3548adfedb4c2d90729f3445e916fe&url=https%3a%2f%2fwww.msn.com%2fen-us%2fnews%2fus%2flocal-pharmacy-chain-steps-in-as-midtown-walgreens-prepares-to-close%2far-AA25dpGI&c=4811352347859923765&mkt=en-us,www.bing.com,bing_rss,2026-06-09T10:54:00+00:00,2026-06-19T13:48:43+00:00,0.37,"Local pharmacy chain steps in as Midtown Walgreens prepares to close With the Midtown Walgreens at 27th Street and North Avenue set to close on June 23, Hayat Pharmacy is encouraging residents to transfer prescriptions to the local chain.",Walgreens store closure location
6fb46384ce75261dd4,Walgreens,,,,,,Chicago drug store closure is another case study in Leftist failure,http://www.bing.com/news/apiclick.aspx?ref=FexRss&aid=&tid=6a3548adfedb4c2d90729f3445e916fe&url=https%3a%2f%2fwww.washingtonexaminer.com%2fopinion%2fbeltway-confidential%2f4568031%2fchicago-drug-store-closure-case-study-leftist-failure%2f&c=17438310872040253896&mkt=en-us,www.bing.com,bing_rss,2026-05-14T10:04:00+00:00,2026-06-19T13:48:43+00:00,0.49,"Chicago drug store closure is another case study in Leftist failure The last gasp of failing political leaders is to scapegoat companies that decide they cannot continue to operate, due to terrible policies ...",Walgreens store closure location
c44931a761ffee052a,Walgreens,,,,,,Walgreens pharmacy on Cottage Grove in Chatham set to close Thursday,http://www.bing.com/news/apiclick.aspx?ref=FexRss&aid=&tid=6a3548adfedb4c2d90729f3445e916fe&url=https%3a%2f%2fwww.msn.com%2fen-us%2fnews%2fus%2fwalgreens-pharmacy-on-cottage-grove-in-chatham-set-to-close-thursday%2far-AA24Wdjx&c=10363544050265138416&mkt=en-us,www.bing.com,bing_rss,2026-06-04T19:38:00+00:00,2026-06-19T13:48:43+00:00,0.37,Walgreens pharmacy on Cottage Grove in Chatham set to close Thursday The Walgreens at 86th Street and Cottage Grove Avenue in Chatham is set to close Thursday.,Walgreens store closure location
f98318d58d974fbd5b,Walgreens,,,,,,Map Shows Where Walgreens Is Closing Locations,http://www.bing.com/news/apiclick.aspx?ref=FexRss&aid=&tid=6a3548bba435499f81c8f2c7ee72ae75&url=https%3a%2f%2fwww.newsweek.com%2fmap-walgreens-pharmacy-closures-2111781&c=10891888385040947924&mkt=en-us,www.bing.com,bing_rss,2025-08-11T08:05:00+00:00,2026-06-19T13:48:43+00:00,0.90,"News Reporter Walgreens is pressing on with its ""Footprint Optimization Program"" and shuttering hundreds of locations in an effort to streamline operations and prioritize its core retail pharmacy business.",Walgreens pharmacy closed location
166d8cfa776d863f06,Walgreens,,,,,,Local pharmacy chain steps in as Midtown Walgreens prepares to close,http://www.bing.com/news/apiclick.aspx?ref=FexRss&aid=&tid=6a3548bba435499f81c8f2c7ee72ae75&url=https%3a%2f%2fwww.msn.com%2fen-us%2fmoney%2fgeneral%2flocal-pharmacy-chain-steps-in-as-midtown-walgreens-prepares-to-close%2far-AA25dpGI&c=16408955843007296214&mkt=en-us,www.bing.com,bing_rss,2026-06-09T10:41:38+00:00,2026-06-19T13:48:43+00:00,0.37,"Local pharmacy chain steps in as Midtown Walgreens prepares to close With the Midtown Walgreens at 27th Street and North Avenue set to close on June 23, Hayat Pharmacy is encouraging residents to transfer prescriptions to the local chain.",Walgreens pharmacy closed location
2d99a5880af9f711d8,Walgreens,,,,,,Another Lexington pharmacy will close in July. Here's where.,http://www.bing.com/news/apiclick.aspx?ref=FexRss&aid=&tid=6a3548bba435499f81c8f2c7ee72ae75&url=https%3a%2f%2fwww.msn.com%2fen-us%2fmoney%2fgeneral%2fanother-lexington-pharmacy-will-close-in-july-here-s-where%2far-AA25dBiD&c=12593007643999782074&mkt=en-us,www.bing.com,bing_rss,2026-06-09T14:12:00+00:00,2026-06-19T13:48:43+00:00,0.37,Another Lexington pharmacy will close in July.,Walgreens pharmacy closed location
eadeb6cd48bb62d570,CVS,,,,,,CVS warns it may have to close over 100 more stores,http://www.bing.com/news/apiclick.aspx?ref=FexRss&aid=&tid=6a36828fa1bf4472b7fe8ac017c3c3d1&url=https%3a%2f%2fwww.thestreet.com%2fhealth%2fcvs-fights-law-that-could-force-134-stores-to-close-fair-rx&c=2158066446006967284&mkt=en-us,www.bing.com,bing_rss,2026-04-23T13:32:00+00:00,2026-06-20T12:08:27+00:00,0.37,"CVS warns it may have to close over 100 more stores A sweeping new health care law is setting up a high-stakes battle over prescription drug pricing, corporate power, and patient access.",CVS store closure location
1c285c02c2c9dcab2b,CVS,,,,,,Data drop : Shoplifting is soaring in Dorchester - Dorchester Reporter,https://www.dotnews.com/2026/06/18/data-drop-shoplifting-is-soaring-in-dorchester/,www.dotnews.com,gdelt,20260618T163000Z,2026-06-20T12:08:27+00:00,0.25,The Walgreens on Gallivan Boulevard shuttered as well last year.,CVS closing stores
1558da42eccdcb6098,CVS,"Potsdam, NY",Potsdam,NY,,,Pa . DHS official throws cold water on the latest push to rein in PBMs this time by hiring one,"http://northcountrynow.com/premium/stories/pa-dhs-official-throws-cold-water-on-the-latest-push-to-rein-in-pbms-this-time-by-hiring-one,374520",northcountrynow.com,gdelt,20260611T124500Z,2026-06-20T12:08:27+00:00,0.79,"(Whitney Downard/Pennsylvania Capital-Star) More than 1,000 pharmacies have shuttered across Pennsylvania since 2020 – and for years, a group of state lawmakers has been working to stem the closures through legislative action.",CVS closing stores
d35d52f45247b79fc0,CVS,,,,,,CVS fights law that could force over 100 stores to close,http://www.bing.com/news/apiclick.aspx?ref=FexRss&aid=&tid=6a36829a966c48b7b1d329b700ae56e2&url=https%3a%2f%2fwww.msn.com%2fen-us%2fmoney%2fcompanies%2fcvs-fights-law-that-could-force-over-100-stores-to-close%2far-AA21zQvb&c=14009000760849473203&mkt=en-us,www.bing.com,bing_rss,2026-04-23T12:45:00+00:00,2026-06-20T12:08:27+00:00,0.37,"CVS fights law that could force over 100 stores to close A sweeping new health care law is setting up a high-stakes battle over prescription drug pricing, corporate power, and patient access.",CVS closing stores
3dcf011f2524fe84d9,CVS,,,,,,CVS plans to open 60 new stores in 2026 after years of closures,http://www.bing.com/news/apiclick.aspx?ref=FexRss&aid=&tid=6a36829a966c48b7b1d329b700ae56e2&url=https%3a%2f%2fwww.wfaa.com%2farticle%2fnews%2fnation-world%2fcvs-pharmacy-drugstore-plans-to-open-stores%2f507-1dc4afb1-4a1c-4929-897e-770a6bc9157f&c=13358857371172050711&mkt=en-us,www.bing.com,bing_rss,2026-04-01T07:14:00+00:00,2026-06-20T12:08:27+00:00,0.37,"CVS plans to open 60 new stores in 2026 after years of closures WASHINGTON — CVS Health is planning to grow again in 2026, a notable move after several years of closing stores across the country.",CVS closing stores
69df8c918a69ab6fc2,Walgreens,,,,,,Map Shows Where Walgreens Is Closing Locations,http://www.bing.com/news/apiclick.aspx?ref=FexRss&aid=&tid=6a3682a95e5c4a38bb0322674e14da6b&url=https%3a%2f%2fwww.newsweek.com%2fmap-walgreens-pharmacy-closures-2111781&c=10891888385040947924&mkt=en-us,www.bing.com,bing_rss,2025-08-11T08:05:00+00:00,2026-06-20T12:08:27+00:00,0.90,"News Reporter Walgreens is pressing on with its ""Footprint Optimization Program"" and shuttering hundreds of locations in an effort to streamline operations and prioritize its core retail pharmacy business.",Walgreens store closure location
7d89840ea5c85b6f1b,Walgreens,,,,,,"Walgreens to close Chatham store after more than $1M loss, cites theft and declining sales",http://www.bing.com/news/apiclick.aspx?ref=FexRss&aid=&tid=6a3682a95e5c4a38bb0322674e14da6b&url=https%3a%2f%2fwww.aol.com%2fnews%2fwalgreens-close-chatham-store-more-023340460.html&c=6188010764375494095&mkt=en-us,www.bing.com,bing_rss,2026-05-09T16:59:00+00:00,2026-06-20T12:08:27+00:00,0.90,"Walgreens to close Chatham store after more than $1M loss, cites theft and declining sales CHICAGO - For the first time, Walgreens is revealing some of the specific financial problems that prompted it to close a longtime location on Chicago's South Side.",Walgreens store closure location
727b286a39755df891,Walgreens,,,,,,Walgreens closing Chatham store as officials warn of pharmacy deserts,http://www.bing.com/news/apiclick.aspx?ref=FexRss&aid=&tid=6a3682a95e5c4a38bb0322674e14da6b&url=https%3a%2f%2fwww.msn.com%2fen-us%2fnews%2fus%2fwalgreens-closing-chatham-as-officials-warn-of-pharmacy-deserts%2far-AA24PoKJ&c=11146585358043657096&mkt=en-us,www.bing.com,bing_rss,2026-06-04T15:28:00+00:00,2026-06-20T12:08:27+00:00,0.37,"Walgreens closing Chatham store as officials warn of pharmacy deserts Walgreens is set to close in Chicago's Chatham neighborhood on Thursday, and there's growing concern about where families will get their medications.",Walgreens store closure location
dd6d82a5887393b08b,Walgreens,,,,,,Local pharmacy chain steps in as Midtown Walgreens prepares to close,http://www.bing.com/news/apiclick.aspx?ref=FexRss&aid=&tid=6a3682a95e5c4a38bb0322674e14da6b&url=https%3a%2f%2fwww.msn.com%2fen-us%2fnews%2fus%2flocal-pharmacy-chain-steps-in-as-midtown-walgreens-prepares-to-close%2far-AA25dpGI&c=4811352347859923765&mkt=en-us,www.bing.com,bing_rss,2026-06-09T10:54:00+00:00,2026-06-20T12:08:27+00:00,0.37,"Local pharmacy chain steps in as Midtown Walgreens prepares to close With the Midtown Walgreens at 27th Street and North Avenue set to close on June 23, Hayat Pharmacy is encouraging residents to transfer prescriptions to the local chain.",Walgreens store closure location
b15ca87d3d18e6f565,Walgreens,,,,,,Map Shows Where Walgreens Is Closing Locations,http://www.bing.com/news/apiclick.aspx?ref=FexRss&aid=&tid=6a3682b43ad34869b7f890b030949303&url=https%3a%2f%2fwww.newsweek.com%2fmap-walgreens-pharmacy-closures-2111781&c=10891888385040947924&mkt=en-us,www.bing.com,bing_rss,2025-08-11T08:05:00+00:00,2026-06-20T12:08:27+00:00,0.90,"News Reporter Walgreens is pressing on with its ""Footprint Optimization Program"" and shuttering hundreds of locations in an effort to streamline operations and prioritize its core retail pharmacy business.",Walgreens closing stores
be5bb194cd7d7362a3,Walgreens,,,,,,Walgreens closing numerous stores amid 'challenging' retail environment,http://www.bing.com/news/apiclick.aspx?ref=FexRss&aid=&tid=6a3682b43ad34869b7f890b030949303&url=https%3a%2f%2fwww.wptv.com%2fbusiness%2fcompany-news%2fwalgreens-closing-numerous-stores-amid-challenging-retail-environment&c=6863907681722574937&mkt=en-us,www.bing.com,bing_rss,2024-06-26T22:44:00+00:00,2026-06-20T12:08:27+00:00,0.49,"Walgreens closing numerous stores amid 'challenging' retail environment Walgreens, one of America's largest pharmacy chains, announced early Thursday plans to close numerous stores across the U.S.",Walgreens closing stores
e4fb79c4bd9ba4ca0f,Walgreens,,,,,,Walgreens closing Chatham store as officials warn of pharmacy deserts,http://www.bing.com/news/apiclick.aspx?ref=FexRss&aid=&tid=6a3682b43ad34869b7f890b030949303&url=https%3a%2f%2fwww.msn.com%2fen-us%2fnews%2fus%2fwalgreens-closing-chatham-as-officials-warn-of-pharmacy-deserts%2far-AA24PoKJ&c=11146585358043657096&mkt=en-us,www.bing.com,bing_rss,2026-06-04T15:28:00+00:00,2026-06-20T12:08:27+00:00,0.37,"Walgreens closing Chatham store as officials warn of pharmacy deserts Walgreens is set to close in Chicago's Chatham neighborhood on Thursday, and there's growing concern about where families will get their medications.",Walgreens closing stores
4e45833f98137fcab4,Walgreens,,,,,,"Walgreens to close Chicago store after losing over $1M due to rampant theft, falling sales",http://www.bing.com/news/apiclick.aspx?ref=FexRss&aid=&tid=6a3682b43ad34869b7f890b030949303&url=https%3a%2f%2fwww.msn.com%2fen-us%2fmoney%2fcompanies%2fwalgreens-to-close-chicago-store-after-losing-over-1m-due-to-rampant-theft-falling-sales%2far-AA22WnEv&c=17942911988166189995&mkt=en-us,www.bing.com,bing_rss,2026-05-11T11:25:00+00:00,2026-06-20T12:08:27+00:00,0.37,"Walgreens to close Chicago store after losing over $1M due to rampant theft, falling sales Walgreens announced plans to close a Chicago South Side store next month, citing elevated theft levels and declining prescription sales as key factors.",Walgreens closing stores
94363146fd162d5641,Walgreens,,,,,,"Walgreens to close Chatham store after more than $1M loss, cites theft and declining sales",http://www.bing.com/news/apiclick.aspx?ref=FexRss&aid=&tid=6a3682b43ad34869b7f890b030949303&url=https%3a%2f%2fwww.aol.com%2fnews%2fwalgreens-close-chatham-store-more-023340460.html&c=6188010764375494095&mkt=en-us,www.bing.com,bing_rss,2026-05-09T16:59:00+00:00,2026-06-20T12:08:27+00:00,0.90,"Walgreens to close Chatham store after more than $1M loss, cites theft and declining sales CHICAGO - For the first time, Walgreens is revealing some of the specific financial problems that prompted it to close a longtime location on Chicago's South Side.",Walgreens closing stores
3e910b2ee1a36585a8,Walgreens,"Chicago, IL",Chicago,IL,,,Walgreens to close Midtown store on Milwaukee’s North Avenue,http://www.bing.com/news/apiclick.aspx?ref=FexRss&aid=&tid=6a3682b43ad34869b7f890b030949303&url=https%3a%2f%2fwww.aol.com%2farticles%2fwalgreens-close-midtown-store-milwaukee-211103214.html&c=2790933303493612534&mkt=en-us,www.bing.com,bing_rss,2026-05-07T14:56:00+00:00,2026-06-20T12:08:27+00:00,1.00,"Walgreens to close Midtown store on Milwaukee’s North Avenue In another blow to Milwaukee’s grocery and pharmacy landscape, Walgreens has begun to notify customers that its midtown location at 2727 W.",Walgreens closing stores
ac7a7404b47d568ffa,Walgreens,,,,,,Walgreens to close St. Louis County store,http://www.bing.com/news/apiclick.aspx?ref=FexRss&aid=&tid=6a3682b43ad34869b7f890b030949303&url=https%3a%2f%2fwww.bizjournals.com%2fstlouis%2fnews%2f2026%2f06%2f11%2fst-louis-county-walgreens-store-to-close.html&c=383589223251537787&mkt=en-us,www.bing.com,bing_rss,2026-06-11T15:35:00+00:00,2026-06-20T12:08:27+00:00,0.37,Walgreens to close St.,Walgreens closing stores
dd7819edd0e81f60cc,Walgreens,,,,,,Retail pharmacy to close St. Louis County store,http://www.bing.com/news/apiclick.aspx?ref=FexRss&aid=&tid=6a3682b43ad34869b7f890b030949303&url=https%3a%2f%2fwww.msn.com%2fen-us%2fnews%2fus%2fretail-pharmacy-to-close-st-louis-county-store%2far-AA25uH41&c=9911094652721756306&mkt=en-us,www.bing.com,bing_rss,2026-06-12T08:47:00+00:00,2026-06-20T12:08:27+00:00,0.49,Retail pharmacy to close St.,Walgreens closing stores
2d2e830de839c96d5d,Walgreens,,,,,,Walgreens closing numerous stores amid 'challenging' retail environment,http://www.bing.com/news/apiclick.aspx?ref=FexRss&aid=&tid=6a3682b43ad34869b7f890b030949303&url=https%3a%2f%2fwww.10news.com%2fbusiness%2fcompany-news%2fwalgreens-closing-numerous-stores-amid-challenging-retail-environment&c=13259261244793479128&mkt=en-us,www.bing.com,bing_rss,2026-03-29T22:24:00+00:00,2026-06-20T12:08:27+00:00,0.49,"Walgreens, one of America's largest pharmacy chains, announced early Thursday plans to close numerous stores across the U.S.",Walgreens closing stores
b8622b24da7547336c,Walgreens,,,,,,Map Shows Where Walgreens Is Closing Locations,http://www.bing.com/news/apiclick.aspx?ref=FexRss&aid=&tid=6a3682bbeabd43ec850e4a826cd288d4&url=https%3a%2f%2fwww.newsweek.com%2fmap-walgreens-pharmacy-closures-2111781&c=10891888385040947924&mkt=en-us,www.bing.com,bing_rss,2025-08-11T08:05:00+00:00,2026-06-20T12:08:27+00:00,0.90,"News Reporter Walgreens is pressing on with its ""Footprint Optimization Program"" and shuttering hundreds of locations in an effort to streamline operations and prioritize its core retail pharmacy business.",Walgreens pharmacy closed location
333c460551d93793e1,Walgreens,,,,,,Local pharmacy chain steps in as Midtown Walgreens prepares to close,http://www.bing.com/news/apiclick.aspx?ref=FexRss&aid=&tid=6a3682bbeabd43ec850e4a826cd288d4&url=https%3a%2f%2fwww.msn.com%2fen-us%2fnews%2fus%2flocal-pharmacy-chain-steps-in-as-midtown-walgreens-prepares-to-close%2far-AA25dpGI&c=4811352347859923765&mkt=en-us,www.bing.com,bing_rss,2026-06-09T10:54:00+00:00,2026-06-20T12:08:27+00:00,0.37,"Local pharmacy chain steps in as Midtown Walgreens prepares to close With the Midtown Walgreens at 27th Street and North Avenue set to close on June 23, Hayat Pharmacy is encouraging residents to transfer prescriptions to the local chain.",Walgreens pharmacy closed location
776e1c77f33d29c3f3,Walgreens,,,,,,Another Lexington pharmacy will close in July. Here's where.,http://www.bing.com/news/apiclick.aspx?ref=FexRss&aid=&tid=6a3682bbeabd43ec850e4a826cd288d4&url=https%3a%2f%2fwww.msn.com%2fen-us%2fmoney%2fgeneral%2fanother-lexington-pharmacy-will-close-in-july-here-s-where%2far-AA25dBiD&c=12593007643999782074&mkt=en-us,www.bing.com,bing_rss,2026-06-09T14:12:00+00:00,2026-06-20T12:08:27+00:00,0.37,Another Lexington pharmacy will close in July.,Walgreens pharmacy closed location
5f304eb9d146334148,CVS,,,,,,CVS warns it may have to close over 100 more stores,http://www.bing.com/news/apiclick.aspx?ref=FexRss&aid=&tid=6a37d6fa5f3c424f836e53046158185a&url=https%3a%2f%2fwww.thestreet.com%2fhealth%2fcvs-fights-law-that-could-force-134-stores-to-close-fair-rx&c=2158066446006967284&mkt=en-us,www.bing.com,bing_rss,2026-04-23T13:32:00+00:00,2026-06-21T12:21:02+00:00,0.37,"CVS warns it may have to close over 100 more stores A sweeping new health care law is setting up a high-stakes battle over prescription drug pricing, corporate power, and patient access.",CVS store closure location
80f43450a39e8fc188,CVS,,,,,,CVS fights law that could force over 100 stores to close,http://www.bing.com/news/apiclick.aspx?ref=FexRss&aid=&tid=6a37d70685ba4e46b35472ad0594bb3b&url=https%3a%2f%2fwww.aol.com%2ffinance%2fcvs-fights-law-could-force-161300320.html&c=6327375268730961832&mkt=en-us,www.bing.com,bing_rss,2026-04-22T16:59:00+00:00,2026-06-21T12:21:02+00:00,0.61,"CVS fights law that could force over 100 stores to close A sweeping new health care law is setting up a high-stakes battle over prescription drug pricing, corporate power, and patient access.",CVS closing stores
dce5f8da62dbc3a699,CVS,,,,,,CVS plans to open 60 new stores in 2026 after years of closures,http://www.bing.com/news/apiclick.aspx?ref=FexRss&aid=&tid=6a37d70685ba4e46b35472ad0594bb3b&url=https%3a%2f%2fwww.wfaa.com%2farticle%2fnews%2fnation-world%2fcvs-pharmacy-drugstore-plans-to-open-stores%2f507-1dc4afb1-4a1c-4929-897e-770a6bc9157f&c=13358857371172050711&mkt=en-us,www.bing.com,bing_rss,2026-04-01T07:14:00+00:00,2026-06-21T12:21:02+00:00,0.37,"CVS plans to open 60 new stores in 2026 after years of closures WASHINGTON — CVS Health is planning to grow again in 2026, a notable move after several years of closing stores across the country.",CVS closing stores
ae4edd34c4443f96fd,Walgreens,,,,,,Walgreens closing Chatham store as officials warn of pharmacy deserts,http://www.bing.com/news/apiclick.aspx?ref=FexRss&aid=&tid=6a37d71b81974cec9fab3fce2322b986&url=https%3a%2f%2fwww.msn.com%2fen-us%2fnews%2fus%2fwalgreens-closing-chatham-as-officials-warn-of-pharmacy-deserts%2far-AA24PoKJ&c=11146585358043657096&mkt=en-us,www.bing.com,bing_rss,2026-06-04T15:28:00+00:00,2026-06-21T12:21:02+00:00,0.37,"Walgreens closing Chatham store as officials warn of pharmacy deserts Walgreens is set to close in Chicago's Chatham neighborhood on Thursday, and there's growing concern about where families will get their medications.",Walgreens store closure location
75e84c162594050ab5,Walgreens,,,,,,Local pharmacy chain steps in as Midtown Walgreens prepares to close,http://www.bing.com/news/apiclick.aspx?ref=FexRss&aid=&tid=6a37d71b81974cec9fab3fce2322b986&url=https%3a%2f%2fwww.msn.com%2fen-us%2fnews%2fus%2flocal-pharmacy-chain-steps-in-as-midtown-walgreens-prepares-to-close%2far-AA25dpGI&c=4811352347859923765&mkt=en-us,www.bing.com,bing_rss,2026-06-09T10:54:00+00:00,2026-06-21T12:21:02+00:00,0.37,"Local pharmacy chain steps in as Midtown Walgreens prepares to close With the Midtown Walgreens at 27th Street and North Avenue set to close on June 23, Hayat Pharmacy is encouraging residents to transfer prescriptions to the local chain.",Walgreens store closure location
1e370b03acbf8123f9,Walgreens,,,,,,Chicago pol says Walgreens should be charged with 'first-degree corporate abandonment' over closure over theft,http://www.bing.com/news/apiclick.aspx?ref=FexRss&aid=&tid=6a37d71b81974cec9fab3fce2322b986&url=https%3a%2f%2fwww.msn.com%2fen-us%2fnews%2fus%2fchicago-pol-says-walgreens-should-be-charged-with-first-degree-corporate-abandonment-over-closure-over-theft%2far-AA22sAX4&c=1104892077083212185&mkt=en-us,www.bing.com,bing_rss,2026-05-05T13:29:55+00:00,2026-06-21T12:21:02+00:00,0.49,"Chicago pol says Walgreens should be charged with 'first-degree corporate abandonment' over closure over theft A Chicago alderman says Walgreens should be charged with ""first-degree corporate abandonment"" over its decision to close a store in the 6th Ward.",Walgreens store closure location
3ce74124cbf6f49891,Walgreens,,,,,,Walgreens closing Chatham store as officials warn of pharmacy deserts,http://www.bing.com/news/apiclick.aspx?ref=FexRss&aid=&tid=6a37d72503064baca2cedaf6e6b73cef&url=https%3a%2f%2fwww.msn.com%2fen-us%2fnews%2fus%2fwalgreens-closing-chatham-as-officials-warn-of-pharmacy-deserts%2far-AA24PoKJ&c=11146585358043657096&mkt=en-us,www.bing.com,bing_rss,2026-06-04T15:28:00+00:00,2026-06-21T12:21:02+00:00,0.37,"Walgreens closing Chatham store as officials warn of pharmacy deserts Walgreens is set to close in Chicago's Chatham neighborhood on Thursday, and there's growing concern about where families will get their medications.",Walgreens closing stores
002b859fdfba2a8f9f,Walgreens,,,,,,Walgreens closing numerous stores amid 'challenging' retail environment,http://www.bing.com/news/apiclick.aspx?ref=FexRss&aid=&tid=6a37d72503064baca2cedaf6e6b73cef&url=https%3a%2f%2fwww.wptv.com%2fbusiness%2fcompany-news%2fwalgreens-closing-numerous-stores-amid-challenging-retail-environment&c=6863907681722574937&mkt=en-us,www.bing.com,bing_rss,2024-06-26T22:44:00+00:00,2026-06-21T12:21:02+00:00,0.49,"Walgreens closing numerous stores amid 'challenging' retail environment Walgreens, one of America's largest pharmacy chains, announced early Thursday plans to close numerous stores across the U.S.",Walgreens closing stores
3015df0fc29bd77eab,Walgreens,,,,,,"Walgreens to close Chicago store after losing over $1M due to rampant theft, falling sales",http://www.bing.com/news/apiclick.aspx?ref=FexRss&aid=&tid=6a37d72503064baca2cedaf6e6b73cef&url=https%3a%2f%2fwww.msn.com%2fen-us%2fmoney%2fcompanies%2fwalgreens-to-close-chicago-store-after-losing-over-1m-due-to-rampant-theft-falling-sales%2far-AA22WnEv&c=17942911988166189995&mkt=en-us,www.bing.com,bing_rss,2026-05-11T11:25:00+00:00,2026-06-21T12:21:02+00:00,0.37,"Walgreens to close Chicago store after losing over $1M due to rampant theft, falling sales Walgreens announced plans to close a Chicago South Side store next month, citing elevated theft levels and declining prescription sales as key factors.",Walgreens closing stores
cd1dc71202d439ee85,Walgreens,"Chicago, IL",Chicago,IL,,,Walgreens to close Midtown store on Milwaukee’s North Avenue,http://www.bing.com/news/apiclick.aspx?ref=FexRss&aid=&tid=6a37d72503064baca2cedaf6e6b73cef&url=https%3a%2f%2fwww.aol.com%2farticles%2fwalgreens-close-midtown-store-milwaukee-211103214.html&c=2790933303493612534&mkt=en-us,www.bing.com,bing_rss,2026-05-07T14:56:00+00:00,2026-06-21T12:21:02+00:00,1.00,"Walgreens to close Midtown store on Milwaukee’s North Avenue In another blow to Milwaukee’s grocery and pharmacy landscape, Walgreens has begun to notify customers that its midtown location at 2727 W.",Walgreens closing stores
4dcc918c9edc8778d8,Walgreens,,,,,,"Walgreens to close Chatham store after more than $1M loss, cites theft and declining sales",http://www.bing.com/news/apiclick.aspx?ref=FexRss&aid=&tid=6a37d72503064baca2cedaf6e6b73cef&url=https%3a%2f%2fwww.aol.com%2fnews%2fwalgreens-close-chatham-store-more-023340460.html&c=6188010764375494095&mkt=en-us,www.bing.com,bing_rss,2026-05-09T16:59:00+00:00,2026-06-21T12:21:02+00:00,0.90,"Walgreens to close Chatham store after more than $1M loss, cites theft and declining sales CHICAGO - For the first time, Walgreens is revealing some of the specific financial problems that prompted it to close a longtime location on Chicago's South Side.",Walgreens closing stores
c92b38b0a483d2832c,Walgreens,,,,,,Walgreens to close St. Louis County store,http://www.bing.com/news/apiclick.aspx?ref=FexRss&aid=&tid=6a37d72503064baca2cedaf6e6b73cef&url=https%3a%2f%2fwww.bizjournals.com%2fstlouis%2fnews%2f2026%2f06%2f11%2fst-louis-county-walgreens-store-to-close.html&c=383589223251537787&mkt=en-us,www.bing.com,bing_rss,2026-06-11T15:35:00+00:00,2026-06-21T12:21:02+00:00,0.37,Walgreens to close St.,Walgreens closing stores
e78e0ec02008bedcb4,Walgreens,,,,,,Walgreens pharmacy on Cottage Grove in Chatham set to close Thursday,http://www.bing.com/news/apiclick.aspx?ref=FexRss&aid=&tid=6a37d72503064baca2cedaf6e6b73cef&url=https%3a%2f%2fwww.msn.com%2fen-us%2fnews%2fus%2fwalgreens-pharmacy-on-cottage-grove-in-chatham-set-to-close-thursday%2far-AA24Wdjx&c=10363544050265138416&mkt=en-us,www.bing.com,bing_rss,2026-06-04T19:38:00+00:00,2026-06-21T12:21:02+00:00,0.37,Walgreens pharmacy on Cottage Grove in Chatham set to close Thursday The Walgreens at 86th Street and Cottage Grove Avenue in Chatham is set to close Thursday.,Walgreens closing stores
8b026467f1981de869,Walgreens,,,,,,Retail pharmacy to close St. Louis County store,http://www.bing.com/news/apiclick.aspx?ref=FexRss&aid=&tid=6a37d72503064baca2cedaf6e6b73cef&url=https%3a%2f%2fwww.msn.com%2fen-us%2fnews%2fus%2fretail-pharmacy-to-close-st-louis-county-store%2far-AA25uH41&c=9911094652721756306&mkt=en-us,www.bing.com,bing_rss,2026-06-12T08:47:00+00:00,2026-06-21T12:21:02+00:00,0.49,Retail pharmacy to close St.,Walgreens closing stores
521d02f5a94fbfc1f8,Walgreens,,,,,,Walgreens closing numerous stores amid 'challenging' retail environment,http://www.bing.com/news/apiclick.aspx?ref=FexRss&aid=&tid=6a37d72503064baca2cedaf6e6b73cef&url=https%3a%2f%2fwww.10news.com%2fbusiness%2fcompany-news%2fwalgreens-closing-numerous-stores-amid-challenging-retail-environment&c=13259261244793479128&mkt=en-us,www.bing.com,bing_rss,2026-03-29T22:24:00+00:00,2026-06-21T12:21:02+00:00,0.49,"Walgreens, one of America's largest pharmacy chains, announced early Thursday plans to close numerous stores across the U.S.",Walgreens closing stores
48cf17a1ce39b42ef0,Walgreens,,,,,,What that going to be at the old Walgreens off Guadalupe ?,https://www.lmtonline.com/local/article/whats-that-going-to-be-guadalupe-street-walgreens-22293652.php,www.lmtonline.com,gdelt,20260616T234500Z,2026-06-21T12:21:02+00:00,0.61,"The property, which has remained boarded up since Walgreens closed the location as part of a broader round of store closures , is expected to receive Goodwill’s signature blue branding as part of the renovation.",Walgreens pharmacy closed location
e7d52159632415c6fb,CVS,,,,,,CVS warns it may have to close over 100 more stores,http://www.bing.com/news/apiclick.aspx?ref=FexRss&aid=&tid=6a395576858f4f77ab744b0f358f0d54&url=https%3a%2f%2fwww.thestreet.com%2fhealth%2fcvs-fights-law-that-could-force-134-stores-to-close-fair-rx&c=2158066446006967284&mkt=en-us,www.bing.com,bing_rss,2026-04-23T13:32:00+00:00,2026-06-22T15:33:05+00:00,0.37,"CVS warns it may have to close over 100 more stores A sweeping new health care law is setting up a high-stakes battle over prescription drug pricing, corporate power, and patient access.",CVS store closure location
707bf47409b6fffcfd,CVS,,,,,,CVS fights law that could force over 100 stores to close,http://www.bing.com/news/apiclick.aspx?ref=FexRss&aid=&tid=6a395581a7aa4105a6be91b8d800ab95&url=https%3a%2f%2fwww.aol.com%2ffinance%2fcvs-fights-law-could-force-161300320.html&c=6327375268730961832&mkt=en-us,www.bing.com,bing_rss,2026-04-22T16:59:00+00:00,2026-06-22T15:33:05+00:00,0.61,"CVS fights law that could force over 100 stores to close A sweeping new health care law is setting up a high-stakes battle over prescription drug pricing, corporate power, and patient access.",CVS closing stores
2e12e65c2ca297b2af,CVS,,,,,,CVS plans to open 60 new stores in 2026 after years of closures,http://www.bing.com/news/apiclick.aspx?ref=FexRss&aid=&tid=6a395581a7aa4105a6be91b8d800ab95&url=https%3a%2f%2fwww.wfaa.com%2farticle%2fnews%2fnation-world%2fcvs-pharmacy-drugstore-plans-to-open-stores%2f507-1dc4afb1-4a1c-4929-897e-770a6bc9157f&c=13358857371172050711&mkt=en-us,www.bing.com,bing_rss,2026-04-01T07:14:00+00:00,2026-06-22T15:33:05+00:00,0.37,"CVS plans to open 60 new stores in 2026 after years of closures WASHINGTON — CVS Health is planning to grow again in 2026, a notable move after several years of closing stores across the country.",CVS closing stores
f255dc08970eb10cb6,Walgreens,,,,,,Chicago Alderman Unveils Plan Targeting Pharmacy Deserts,https://www.blackenterprise.com/chicago-alderman-pharmacy-deserts/,www.blackenterprise.com,gdelt,20260612T211500Z,2026-06-22T15:33:05+00:00,0.49,"Chicago Alderman Unveils Plan Targeting Pharmacy Deserts https://blackenterprise-prod.b-cdn.net/wp-content/blogs.dir/1/files/2025/08/pexels-worldsikhorg-14797862-scaled.jpg June 12, 2026 The proposal follows the closure of a Walgreens store in the Chatham neig",Walgreens store closure location
30003a4d80ddfd1d35,Walgreens,,,,,,Driver crashes into Walgreens ; store temporarily closed,https://www.eastidahonews.com/2026/06/driver-mistakenly-crashes-into-walgreens-store-closed-temporarily/,www.eastidahonews.com,gdelt,20260611T033000Z,2026-06-22T15:33:05+00:00,0.61,"Driver crashes into Walgreens ; store temporarily closed https://s3.us-west-2.amazonaws.com/assets.eastidahonews.com/wp-content/uploads/2026/06/Walgreens-crash-June-9-1.jpg Idaho Falls news, Rexburg news, Pocatello news, East Idaho news, Idaho news, education ",Walgreens store closure location
598e8de6596abc8bd7,Walgreens,,,,,,Capitol Fax . com - Your Illinois News Radar » Isabel afternoon roundup,https://capitolfax.com/2026/05/11/isabel%E2%80%99s-afternoon-roundup-522/,capitolfax.com,gdelt,20260511T221500Z,2026-06-22T15:33:05+00:00,0.84,"* Capitol News Illinois | As Illinoisans lose federal food assistance, independent grocers face debt, store closure : Many independent grocery stores struggle to make substantial profits, with high overhead costs and inconsistent consumer habits.",Walgreens store closure location
8a4c0dba06fbf003d5,Walgreens,,,,,,Chicago Pol Says Walgreens Should Be Charged With First - Degree Corporate Abandonment Over Closure Over Theft,https://www.amren.com/news/2026/05/chicago-pol-says-walgreens-should-be-charged-with-first-degree-corporate-abandonment-over-closure-over-theft/,www.amren.com,gdelt,20260511T221500Z,2026-06-22T15:33:05+00:00,0.49,"Chicago Pol Says Walgreens Should Be Charged With First - Degree Corporate Abandonment Over Closure Over Theft Louis Casiano, Fox News, May 5, 2026 A Chicago alderman, incensed by the upcoming closure of a Walgreens store amid safety concerns, stated that the ",Walgreens store closure location
5a6adec30fed0eeefb,Walgreens,,,,,,Chicago pol says Walgreens should be charged with first - degree corporate abandonment over closure over theft,https://freerepublic.com/focus/f-chat/4377862/posts,freerepublic.com,gdelt,20260506T020000Z,2026-06-22T15:33:05+00:00,0.49,Chicago pol says Walgreens should be charged with first - degree corporate abandonment over closure over theft Skip to comments.,Walgreens store closure location
26cef07ced28c40840,Walgreens,,,,,,"Target Closed , Walmart Open on Easter 2026 : Costco and Many Retailers Shut for Holiday",https://www.ibtimes.com.au/target-closed-walmart-open-easter-2026-costco-many-retailers-shut-holiday-1865389,www.ibtimes.com.au,gdelt,20260404T143000Z,2026-06-22T15:33:05+00:00,0.90,"Target Closed , Walmart Open on Easter 2026 : Costco and Many Retailers Shut for Holiday Easter Sunday falls on April 5, 2026, prompting widespread retail closures across the United States as many major chains give employees the day off to observe the Christia",Walgreens store closure location
58fc194cf321c80155,Walgreens,,,,,,Pharmacy Giant Closing Down Key Location In The Hudson Valley,https://wpdh.com/ixp/854/p/pharmacy-giant-closing-down-key-location-in-hudson-valley/,wpdh.com,gdelt,20260403T020000Z,2026-06-22T15:33:05+00:00,0.26,"The closure is planned for Tuesday, May 5, 2026.",Walgreens store closure location
be3b78bee4758a0bc6,Walgreens,,,,,,Pharmacy Giant Closing Down Key Location In The Hudson Valley,https://wrrv.com/ixp/854/p/pharmacy-giant-closing-down-key-location-in-hudson-valley/,wrrv.com,gdelt,20260403T003000Z,2026-06-22T15:33:05+00:00,0.26,"The closure is planned for Tuesday, May 5, 2026.",Walgreens store closure location
7eb475205bfc893d8b,Walgreens,,,,,,Walgreens closing Chatham store as officials warn of pharmacy deserts,http://www.bing.com/news/apiclick.aspx?ref=FexRss&aid=&tid=6a3955976b094bdd9f1ea9f24333c443&url=https%3a%2f%2fwww.msn.com%2fen-us%2fnews%2fus%2fwalgreens-closing-chatham-as-officials-warn-of-pharmacy-deserts%2far-AA24PoKJ&c=11146585358043657096&mkt=en-us,www.bing.com,bing_rss,2026-06-04T15:28:00+00:00,2026-06-22T15:33:05+00:00,0.37,"Walgreens closing Chatham store as officials warn of pharmacy deserts Walgreens is set to close in Chicago's Chatham neighborhood on Thursday, and there's growing concern about where families will get their medications.",Walgreens store closure location
aa539a111327951f34,Walgreens,,,,,,Local pharmacy chain steps in as Midtown Walgreens prepares to close,http://www.bing.com/news/apiclick.aspx?ref=FexRss&aid=&tid=6a3955976b094bdd9f1ea9f24333c443&url=https%3a%2f%2fwww.msn.com%2fen-us%2fnews%2fus%2flocal-pharmacy-chain-steps-in-as-midtown-walgreens-prepares-to-close%2far-AA25dpGI&c=4811352347859923765&mkt=en-us,www.bing.com,bing_rss,2026-06-09T10:54:00+00:00,2026-06-22T15:33:05+00:00,0.37,"Local pharmacy chain steps in as Midtown Walgreens prepares to close With the Midtown Walgreens at 27th Street and North Avenue set to close on June 23, Hayat Pharmacy is encouraging residents to transfer prescriptions to the local chain.",Walgreens store closure location
3ec0d33fa2d5c149cc,Walgreens,,,,,,Chicago pol says Walgreens should be charged with 'first-degree corporate abandonment' over closure over theft,http://www.bing.com/news/apiclick.aspx?ref=FexRss&aid=&tid=6a3955976b094bdd9f1ea9f24333c443&url=https%3a%2f%2fwww.msn.com%2fen-us%2fnews%2fus%2fchicago-pol-says-walgreens-should-be-charged-with-first-degree-corporate-abandonment-over-closure-over-theft%2far-AA22sAX4&c=1104892077083212185&mkt=en-us,www.bing.com,bing_rss,2026-05-05T13:29:55+00:00,2026-06-22T15:33:05+00:00,0.49,"Chicago pol says Walgreens should be charged with 'first-degree corporate abandonment' over closure over theft A Chicago alderman says Walgreens should be charged with ""first-degree corporate abandonment"" over its decision to close a store in the 6th Ward.",Walgreens store closure location
d92308b144f9d6c95f,Walgreens,,,,,,Walgreens closing numerous stores amid 'challenging' retail environment,http://www.bing.com/news/apiclick.aspx?ref=FexRss&aid=&tid=6a3955a00d5a4300896630a51ca6593e&url=https%3a%2f%2fwww.wptv.com%2fbusiness%2fcompany-news%2fwalgreens-closing-numerous-stores-amid-challenging-retail-environment&c=6863907681722574937&mkt=en-us,www.bing.com,bing_rss,2024-06-26T22:44:00+00:00,2026-06-22T15:33:05+00:00,0.49,"Walgreens closing numerous stores amid 'challenging' retail environment Walgreens, one of America's largest pharmacy chains, announced early Thursday plans to close numerous stores across the U.S.",Walgreens closing stores
a18501018d55598a08,Walgreens,,,,,,Walgreens closing Chatham store as officials warn of pharmacy deserts,http://www.bing.com/news/apiclick.aspx?ref=FexRss&aid=&tid=6a3955a00d5a4300896630a51ca6593e&url=https%3a%2f%2fwww.msn.com%2fen-us%2fnews%2fus%2fwalgreens-closing-chatham-as-officials-warn-of-pharmacy-deserts%2far-AA24PoKJ&c=11146585358043657096&mkt=en-us,www.bing.com,bing_rss,2026-06-04T15:28:00+00:00,2026-06-22T15:33:05+00:00,0.37,"Walgreens closing Chatham store as officials warn of pharmacy deserts Walgreens is set to close in Chicago's Chatham neighborhood on Thursday, and there's growing concern about where families will get their medications.",Walgreens closing stores
d51e44952e4a121cc5,Walgreens,,,,,,"Walgreens to close Chicago store after losing over $1M due to rampant theft, falling sales",http://www.bing.com/news/apiclick.aspx?ref=FexRss&aid=&tid=6a3955a00d5a4300896630a51ca6593e&url=https%3a%2f%2fwww.msn.com%2fen-us%2fmoney%2fcompanies%2fwalgreens-to-close-chicago-store-after-losing-over-1m-due-to-rampant-theft-falling-sales%2far-AA22WnEv&c=17942911988166189995&mkt=en-us,www.bing.com,bing_rss,2026-05-11T11:25:00+00:00,2026-06-22T15:33:05+00:00,0.37,"Walgreens to close Chicago store after losing over $1M due to rampant theft, falling sales Walgreens announced plans to close a Chicago South Side store next month, citing elevated theft levels and declining prescription sales as key factors.",Walgreens closing stores
c0d3585f3030cc1dd6,Walgreens,,,,,,"Walgreens closing Chatham store at 86th and Cottage Grove due to violence, theft",http://www.bing.com/news/apiclick.aspx?ref=FexRss&aid=&tid=6a3955a00d5a4300896630a51ca6593e&url=https%3a%2f%2fwww.msn.com%2fen-us%2fmoney%2fother%2fwalgreens-closing-chatham-store-at-86th-and-cottage-grove-due-to-violence-theft%2far-AA22mgxx&c=17398893053620331560&mkt=en-us,www.bing.com,bing_rss,2026-05-24T19:02:00+00:00,2026-06-22T15:33:05+00:00,0.37,"Walgreens closing Chatham store at 86th and Cottage Grove due to violence, theft People living in the Chatham neighborhood on the South Side of Chicago are criticizing Walgreens' decision to close its pharmacy near 86th Street and Cottage Grove Avenue, saying ",Walgreens closing stores
bd4061095225fdbee6,Walgreens,,,,,,"Walgreens to close Chatham store after more than $1M loss, cites theft and declining sales",http://www.bing.com/news/apiclick.aspx?ref=FexRss&aid=&tid=6a3955a00d5a4300896630a51ca6593e&url=https%3a%2f%2fwww.aol.com%2fnews%2fwalgreens-close-chatham-store-more-023340460.html&c=6188010764375494095&mkt=en-us,www.bing.com,bing_rss,2026-05-09T16:59:00+00:00,2026-06-22T15:33:05+00:00,0.90,"Walgreens to close Chatham store after more than $1M loss, cites theft and declining sales CHICAGO - For the first time, Walgreens is revealing some of the specific financial problems that prompted it to close a longtime location on Chicago's South Side.",Walgreens closing stores
e16552ae5bc8554b41,Walgreens,"Chicago, IL",Chicago,IL,,,Walgreens to close Midtown store on Milwaukee’s North Avenue,http://www.bing.com/news/apiclick.aspx?ref=FexRss&aid=&tid=6a3955a00d5a4300896630a51ca6593e&url=https%3a%2f%2fwww.aol.com%2farticles%2fwalgreens-close-midtown-store-milwaukee-211103214.html&c=2790933303493612534&mkt=en-us,www.bing.com,bing_rss,2026-05-07T14:56:00+00:00,2026-06-22T15:33:05+00:00,1.00,"Walgreens to close Midtown store on Milwaukee’s North Avenue In another blow to Milwaukee’s grocery and pharmacy landscape, Walgreens has begun to notify customers that its midtown location at 2727 W.",Walgreens closing stores
7e0f08d55207db13ab,Walgreens,,,,,,Walgreens to close St. Louis County store,http://www.bing.com/news/apiclick.aspx?ref=FexRss&aid=&tid=6a3955a00d5a4300896630a51ca6593e&url=https%3a%2f%2fwww.bizjournals.com%2fstlouis%2fnews%2f2026%2f06%2f11%2fst-louis-county-walgreens-store-to-close.html&c=383589223251537787&mkt=en-us,www.bing.com,bing_rss,2026-06-11T15:35:00+00:00,2026-06-22T15:33:05+00:00,0.37,Walgreens to close St.,Walgreens closing stores
4becb0eac93fd148a2,Walgreens,,,,,,Walgreens pharmacy on Cottage Grove in Chatham set to close Thursday,http://www.bing.com/news/apiclick.aspx?ref=FexRss&aid=&tid=6a3955a00d5a4300896630a51ca6593e&url=https%3a%2f%2fwww.msn.com%2fen-us%2fnews%2fus%2fwalgreens-pharmacy-on-cottage-grove-in-chatham-set-to-close-thursday%2far-AA24Wdjx&c=10363544050265138416&mkt=en-us,www.bing.com,bing_rss,2026-06-04T19:38:00+00:00,2026-06-22T15:33:05+00:00,0.37,Walgreens pharmacy on Cottage Grove in Chatham set to close Thursday The Walgreens at 86th Street and Cottage Grove Avenue in Chatham is set to close Thursday.,Walgreens closing stores
a7cd32c45db4f32780,Walgreens,,,,,,Retail pharmacy to close St. Louis County store,http://www.bing.com/news/apiclick.aspx?ref=FexRss&aid=&tid=6a3955a00d5a4300896630a51ca6593e&url=https%3a%2f%2fwww.msn.com%2fen-us%2fnews%2fus%2fretail-pharmacy-to-close-st-louis-county-store%2far-AA25uH41&c=9911094652721756306&mkt=en-us,www.bing.com,bing_rss,2026-06-12T08:47:00+00:00,2026-06-22T15:33:05+00:00,0.49,Retail pharmacy to close St.,Walgreens closing stores
a3b6c502ed2cfd10d6,Walgreens,,,,,,Walgreens closing numerous stores amid 'challenging' retail environment,http://www.bing.com/news/apiclick.aspx?ref=FexRss&aid=&tid=6a3955a00d5a4300896630a51ca6593e&url=https%3a%2f%2fwww.10news.com%2fbusiness%2fcompany-news%2fwalgreens-closing-numerous-stores-amid-challenging-retail-environment&c=13259261244793479128&mkt=en-us,www.bing.com,bing_rss,2026-03-29T22:24:00+00:00,2026-06-22T15:33:05+00:00,0.49,"Walgreens, one of America's largest pharmacy chains, announced early Thursday plans to close numerous stores across the U.S.",Walgreens closing stores
68ed3ea41d04b17d4f,CVS,,,,,,"Rural Minnesota grocery stores are changing plans , hands | The Mighty 790 KFGO",https://kfgo.com/2026/06/04/1315125/,kfgo.com,gdelt,20260604T160000Z,2026-06-23T12:48:03+00:00,0.26,"The conventional story about rural Minnesota and its grocery stores goes something like this: young people leave, towns shrink, stores close, the slide continues.",CVS store closure location
f887a8e18a88c6de4b,CVS,,,,,,Iconic Venice Beach ballerina clown CVS closing,https://nypost.com/2026/05/20/lifestyle/iconic-venice-beach-ballerina-clown-cvs-closing/,nypost.com,gdelt,20260520T230000Z,2026-06-23T12:48:03+00:00,0.37,"The retail giant confirmed that the store, located at the intersection of Rose Avenue and Main Street, will shutter on July 1, Mirror Media Group confirmed.",CVS store closure location
6ed5ad0bb9655d01f4,CVS,,,,,,CVS manager unseats incumbent in controversial Alachua City Commission election - The Independent Florida Alligator,https://www.alligator.org/article/2026/04/alachua-city-election,www.alligator.org,gdelt,20260415T193000Z,2026-06-23T12:48:03+00:00,0.61,"The 2026 election has been shrouded in controversy for months after Precinct 53, which is predominantly non-white, was closed by the current city commission Jan.",CVS store closure location
b1639cb8e336a18c73,CVS,,,,,,CVS Closing 270 Stores Nationwide: List of Locations Impacted,http://www.bing.com/news/apiclick.aspx?ref=FexRss&aid=&tid=6a3a8048d0a2428a891dfe5569f6e72a&url=https%3a%2f%2fwww.newsweek.com%2fcvs-closing-270-stores-locations-impacted-2077982&c=15167923728816176235&mkt=en-us,www.bing.com,bing_rss,2025-05-28T08:25:00+00:00,2026-06-23T12:48:03+00:00,0.61,"In its recent annual report, filed in February, CVS announced that it would be closing 271 retail stores in 2025 as part of its ""enterprise-wide restructuring plan intended to streamline and simplify the organization."" This follows the closure of around 900 lo",CVS store closure location
92e670a57d91169f98,CVS,,,,,,CVS warns it may have to close over 100 more stores,http://www.bing.com/news/apiclick.aspx?ref=FexRss&aid=&tid=6a3a8048d0a2428a891dfe5569f6e72a&url=https%3a%2f%2fwww.thestreet.com%2fhealth%2fcvs-fights-law-that-could-force-134-stores-to-close-fair-rx&c=2158066446006967284&mkt=en-us,www.bing.com,bing_rss,2026-04-23T13:32:00+00:00,2026-06-23T12:48:03+00:00,0.37,"CVS warns it may have to close over 100 more stores A sweeping new health care law is setting up a high-stakes battle over prescription drug pricing, corporate power, and patient access.",CVS store closure location
638e830daf411d6d03,CVS,,,,,,CVS fights law that could force over 100 stores to close,http://www.bing.com/news/apiclick.aspx?ref=FexRss&aid=&tid=6a3a8048d0a2428a891dfe5569f6e72a&url=https%3a%2f%2fwww.msn.com%2fen-us%2fhealth%2fother%2fcvs-fights-law-that-could-force-over-100-stores-to-close%2far-AA21zQvb&c=11080782629388182880&mkt=en-us,www.bing.com,bing_rss,2026-04-23T12:25:00+00:00,2026-06-23T12:48:03+00:00,0.37,"CVS fights law that could force over 100 stores to close A sweeping new health care law is setting up a high-stakes battle over prescription drug pricing, corporate power, and patient access.",CVS store closure location
cebf9fa823e3fc4b05,CVS,,,,,,"Stefan Soloviev , Raider of the North Fork",https://www.curbed.com/article/stefan-soloviev-north-fork-hamptons-long-island.html,www.curbed.com,gdelt,20260622T150000Z,2026-06-23T12:48:03+00:00,0.38,Soloviev told me that he eventually came to see his father’s penchant for suing people as the closest thing he had to a hobby.,CVS closing stores
8a057f4e87698b0d4c,CVS,,,,,,CVS Closing 270 Stores Nationwide: List of Locations Impacted,http://www.bing.com/news/apiclick.aspx?ref=FexRss&aid=&tid=6a3a8055357f436997abc2254d6cd91b&url=https%3a%2f%2fwww.newsweek.com%2fcvs-closing-270-stores-locations-impacted-2077982&c=15167923728816176235&mkt=en-us,www.bing.com,bing_rss,2025-05-28T08:25:00+00:00,2026-06-23T12:48:03+00:00,0.61,"In its recent annual report, filed in February, CVS announced that it would be closing 271 retail stores in 2025 as part of its ""enterprise-wide restructuring plan intended to streamline and simplify the organization."" This follows the closure of around 900 lo",CVS closing stores
93bcac28d70d1f118a,CVS,,,,,,CVS fights law that could force over 100 stores to close,http://www.bing.com/news/apiclick.aspx?ref=FexRss&aid=&tid=6a3a8055357f436997abc2254d6cd91b&url=https%3a%2f%2fwww.aol.com%2ffinance%2fcvs-fights-law-could-force-161300320.html&c=6327375268730961832&mkt=en-us,www.bing.com,bing_rss,2026-04-22T16:59:00+00:00,2026-06-23T12:48:03+00:00,0.37,"CVS fights law that could force over 100 stores to close A sweeping new health care law is setting up a high-stakes battle over prescription drug pricing, corporate power, and patient access.",CVS closing stores
434893dd6b3901bd63,CVS,,,,,,CVS plans to open 60 new stores in 2026 after years of closures,http://www.bing.com/news/apiclick.aspx?ref=FexRss&aid=&tid=6a3a8055357f436997abc2254d6cd91b&url=https%3a%2f%2fwww.kgw.com%2farticle%2fnews%2fnation-world%2fcvs-pharmacy-drugstore-plans-to-open-stores%2f507-1dc4afb1-4a1c-4929-897e-770a6bc9157f&c=9079844059204683996&mkt=en-us,www.bing.com,bing_rss,2026-04-01T07:14:00+00:00,2026-06-23T12:48:03+00:00,0.37,"CVS plans to open 60 new stores in 2026 after years of closures WASHINGTON — CVS Health is planning to grow again in 2026, a notable move after several years of closing stores across the country.",CVS closing stores
824145c80fe1da9b99,Walgreens,,,,,,"Walgreens to close Chatham store after more than $1M loss, cites theft and declining sales",http://www.bing.com/news/apiclick.aspx?ref=FexRss&aid=&tid=6a3a80698518411e84694cdfc35195b8&url=https%3a%2f%2fwww.aol.com%2fnews%2fwalgreens-close-chatham-store-more-023340460.html&c=6188010764375494095&mkt=en-us,www.bing.com,bing_rss,2026-05-09T16:59:00+00:00,2026-06-23T12:48:03+00:00,0.90,"Walgreens to close Chatham store after more than $1M loss, cites theft and declining sales CHICAGO - For the first time, Walgreens is revealing some of the specific financial problems that prompted it to close a longtime location on Chicago's South Side.",Walgreens store closure location
b6a403826b7ddbd5f9,Walgreens,,,,,,Walgreens closing Chatham store as officials warn of pharmacy deserts,http://www.bing.com/news/apiclick.aspx?ref=FexRss&aid=&tid=6a3a80698518411e84694cdfc35195b8&url=https%3a%2f%2fwww.msn.com%2fen-us%2fnews%2fus%2fwalgreens-closing-chatham-as-officials-warn-of-pharmacy-deserts%2far-AA24PoKJ&c=11146585358043657096&mkt=en-us,www.bing.com,bing_rss,2026-06-04T15:28:00+00:00,2026-06-23T12:48:03+00:00,0.37,"Walgreens closing Chatham store as officials warn of pharmacy deserts Walgreens is set to close in Chicago's Chatham neighborhood on Thursday, and there's growing concern about where families will get their medications.",Walgreens store closure location
3239e8ce19b2a45c71,Walgreens,,,,,,"Walgreens will close Chicago store due to theft, violence",http://www.bing.com/news/apiclick.aspx?ref=FexRss&aid=&tid=6a3a80698518411e84694cdfc35195b8&url=https%3a%2f%2fwww.supermarketnews.com%2fnonfood-pharmacy%2fwalgreens-closes-chicago-store-due-to-theft-violence&c=17326281027672621165&mkt=en-us,www.bing.com,bing_rss,2026-05-06T17:01:00+00:00,2026-06-23T12:48:03+00:00,0.90,"Walgreens will close Chicago store due to theft, violence Walgreens is closing a location on Chicago's South Side due to theft and violence, according to multiple reports.",Walgreens store closure location
c300d71d0c741a0679,Walgreens,,,,,,Local pharmacy chain steps in as Midtown Walgreens prepares to close,http://www.bing.com/news/apiclick.aspx?ref=FexRss&aid=&tid=6a3a80698518411e84694cdfc35195b8&url=https%3a%2f%2fwww.msn.com%2fen-us%2fnews%2fus%2flocal-pharmacy-chain-steps-in-as-midtown-walgreens-prepares-to-close%2far-AA25dpGI&c=4811352347859923765&mkt=en-us,www.bing.com,bing_rss,2026-06-09T10:54:00+00:00,2026-06-23T12:48:03+00:00,0.37,"Local pharmacy chain steps in as Midtown Walgreens prepares to close With the Midtown Walgreens at 27th Street and North Avenue set to close on June 23, Hayat Pharmacy is encouraging residents to transfer prescriptions to the local chain.",Walgreens store closure location
f5b553b060deaa30e5,Walgreens,,,,,,Chicago pol says Walgreens should be charged with 'first-degree corporate abandonment' over closure over theft,http://www.bing.com/news/apiclick.aspx?ref=FexRss&aid=&tid=6a3a80698518411e84694cdfc35195b8&url=https%3a%2f%2fwww.msn.com%2fen-us%2fnews%2fus%2fchicago-pol-says-walgreens-should-be-charged-with-first-degree-corporate-abandonment-over-closure-over-theft%2far-AA22sAX4&c=1104892077083212185&mkt=en-us,www.bing.com,bing_rss,2026-05-05T13:29:55+00:00,2026-06-23T12:48:03+00:00,0.49,"Chicago pol says Walgreens should be charged with 'first-degree corporate abandonment' over closure over theft A Chicago alderman says Walgreens should be charged with ""first-degree corporate abandonment"" over its decision to close a store in the 6th Ward.",Walgreens store closure location
859bd720b4f846723e,Walgreens,,,,,,Walgreens closing Chatham store as officials warn of pharmacy deserts,http://www.bing.com/news/apiclick.aspx?ref=FexRss&aid=&tid=6a3a807a8a3543c88076e1bf22ee4b54&url=https%3a%2f%2fwww.msn.com%2fen-us%2fnews%2fus%2fwalgreens-closing-chatham-as-officials-warn-of-pharmacy-deserts%2far-AA24PoKJ&c=11146585358043657096&mkt=en-us,www.bing.com,bing_rss,2026-06-04T15:28:00+00:00,2026-06-23T12:48:03+00:00,0.37,"Walgreens closing Chatham store as officials warn of pharmacy deserts Walgreens is set to close in Chicago's Chatham neighborhood on Thursday, and there's growing concern about where families will get their medications.",Walgreens closing stores
0e35f0f9672a710c35,Walgreens,,,,,,Walgreens closing numerous stores amid 'challenging' retail environment,http://www.bing.com/news/apiclick.aspx?ref=FexRss&aid=&tid=6a3a807a8a3543c88076e1bf22ee4b54&url=https%3a%2f%2fwww.wptv.com%2fbusiness%2fcompany-news%2fwalgreens-closing-numerous-stores-amid-challenging-retail-environment&c=6863907681722574937&mkt=en-us,www.bing.com,bing_rss,2024-06-26T22:44:00+00:00,2026-06-23T12:48:03+00:00,0.49,"Walgreens closing numerous stores amid 'challenging' retail environment Walgreens, one of America's largest pharmacy chains, announced early Thursday plans to close numerous stores across the U.S.",Walgreens closing stores
39e2e5c8c941d52bfa,Walgreens,,,,,,"Walgreens to close Chicago store after losing over $1M due to rampant theft, falling sales",http://www.bing.com/news/apiclick.aspx?ref=FexRss&aid=&tid=6a3a807a8a3543c88076e1bf22ee4b54&url=https%3a%2f%2fwww.msn.com%2fen-us%2fmoney%2fcompanies%2fwalgreens-to-close-chicago-store-after-losing-over-1m-due-to-rampant-theft-falling-sales%2far-AA22WnEv&c=17942911988166189995&mkt=en-us,www.bing.com,bing_rss,2026-05-11T11:25:00+00:00,2026-06-23T12:48:03+00:00,0.37,"Walgreens to close Chicago store after losing over $1M due to rampant theft, falling sales Walgreens announced plans to close a Chicago South Side store next month, citing elevated theft levels and declining prescription sales as key factors.",Walgreens closing stores
8093bbb449fe54177a,Walgreens,,,,,,"Walgreens to close Chatham store after more than $1M loss, cites theft and declining sales",http://www.bing.com/news/apiclick.aspx?ref=FexRss&aid=&tid=6a3a807a8a3543c88076e1bf22ee4b54&url=https%3a%2f%2fwww.aol.com%2fnews%2fwalgreens-close-chatham-store-more-023340460.html&c=6188010764375494095&mkt=en-us,www.bing.com,bing_rss,2026-05-09T16:59:00+00:00,2026-06-23T12:48:03+00:00,0.90,"Walgreens to close Chatham store after more than $1M loss, cites theft and declining sales CHICAGO - For the first time, Walgreens is revealing some of the specific financial problems that prompted it to close a longtime location on Chicago's South Side.",Walgreens closing stores
d40e019cc976b2bcef,Walgreens,,,,,,Walgreens to close St. Louis County store,http://www.bing.com/news/apiclick.aspx?ref=FexRss&aid=&tid=6a3a807a8a3543c88076e1bf22ee4b54&url=https%3a%2f%2fwww.bizjournals.com%2fstlouis%2fnews%2f2026%2f06%2f11%2fst-louis-county-walgreens-store-to-close.html&c=383589223251537787&mkt=en-us,www.bing.com,bing_rss,2026-06-11T15:35:00+00:00,2026-06-23T12:48:03+00:00,0.37,Walgreens to close St.,Walgreens closing stores
4472cd041a8d94afbd,Walgreens,,,,,,Retail pharmacy to close St. Louis County store,http://www.bing.com/news/apiclick.aspx?ref=FexRss&aid=&tid=6a3a807a8a3543c88076e1bf22ee4b54&url=https%3a%2f%2fwww.msn.com%2fen-us%2fnews%2fus%2fretail-pharmacy-to-close-st-louis-county-store%2far-AA25uH41&c=9911094652721756306&mkt=en-us,www.bing.com,bing_rss,2026-06-12T08:47:00+00:00,2026-06-23T12:48:03+00:00,0.49,Retail pharmacy to close St.,Walgreens closing stores
1eb41562165b483af5,Walgreens,,,,,,Walgreens closing numerous stores amid 'challenging' retail environment,http://www.bing.com/news/apiclick.aspx?ref=FexRss&aid=&tid=6a3a807a8a3543c88076e1bf22ee4b54&url=https%3a%2f%2fwww.10news.com%2fbusiness%2fcompany-news%2fwalgreens-closing-numerous-stores-amid-challenging-retail-environment&c=13259261244793479128&mkt=en-us,www.bing.com,bing_rss,2026-03-29T22:24:00+00:00,2026-06-23T12:48:03+00:00,0.49,"Walgreens, one of America's largest pharmacy chains, announced early Thursday plans to close numerous stores across the U.S.",Walgreens closing stores
a81ff7212391f041f3,Walgreens,,,,,,Local pharmacy chain steps in as Midtown Walgreens prepares to close,http://www.bing.com/news/apiclick.aspx?ref=FexRss&aid=&tid=6a3a808392fb4227824a6d257598cf08&url=https%3a%2f%2fwww.msn.com%2fen-us%2fnews%2fus%2flocal-pharmacy-chain-steps-in-as-midtown-walgreens-prepares-to-close%2far-AA25dpGI&c=4811352347859923765&mkt=en-us,www.bing.com,bing_rss,2026-06-09T10:54:00+00:00,2026-06-23T12:48:03+00:00,0.37,"Local pharmacy chain steps in as Midtown Walgreens prepares to close With the Midtown Walgreens at 27th Street and North Avenue set to close on June 23, Hayat Pharmacy is encouraging residents to transfer prescriptions to the local chain.",Walgreens pharmacy closed location
79ed106af7d93ba427,Walgreens,,,,,,"Walgreens to close Chicago store after losing over $1M due to rampant theft, falling sales",http://www.bing.com/news/apiclick.aspx?ref=FexRss&aid=&tid=6a3bcda6e8414cd1b896fd6123926355&url=https%3a%2f%2fwww.msn.com%2fen-us%2fmoney%2fcompanies%2fwalgreens-to-close-chicago-store-after-losing-over-1m-due-to-rampant-theft-falling-sales%2far-AA22WnEv&c=17942911988166189995&mkt=en-us,www.bing.com,bing_rss,2026-05-11T11:25:00+00:00,2026-06-24T12:29:26+00:00,0.37,"Walgreens to close Chicago store after losing over $1M due to rampant theft, falling sales Walgreens announced plans to close a Chicago South Side store next month, citing elevated theft levels and declining prescription sales as key factors.",Walgreens pharmacy closed location
53d3eb718a505df83f,Walgreens,,,,,,Walgreens closing Chatham store as officials warn of pharmacy deserts,http://www.bing.com/news/apiclick.aspx?ref=FexRss&aid=&tid=6a3bcda6e8414cd1b896fd6123926355&url=https%3a%2f%2fwww.msn.com%2fen-us%2fnews%2fus%2fwalgreens-closing-chatham-store-as-officials-warn-of-pharmacy-deserts%2far-AA24PoKJ&c=1059940498486916831&mkt=en-us,www.bing.com,bing_rss,2026-06-04T15:28:00+00:00,2026-06-24T12:29:26+00:00,0.37,"Walgreens closing Chatham store as officials warn of pharmacy deserts Walgreens is set to close in Chicago's Chatham neighborhood on Thursday, and there's growing concern about where families will get their medications.",Walgreens pharmacy closed location
87a3df566c87e66d81,Walgreens,,,,,,Local pharmacy chain steps in as Midtown Walgreens prepares to close,http://www.bing.com/news/apiclick.aspx?ref=FexRss&aid=&tid=6a3bcda6e8414cd1b896fd6123926355&url=https%3a%2f%2fwww.msn.com%2fen-us%2fnews%2fus%2flocal-pharmacy-chain-steps-in-as-midtown-walgreens-prepares-to-close%2far-AA25dpGI&c=4811352347859923765&mkt=en-us,www.bing.com,bing_rss,2026-06-09T10:54:00+00:00,2026-06-24T12:29:26+00:00,0.37,"Local pharmacy chain steps in as Midtown Walgreens prepares to close With the Midtown Walgreens at 27th Street and North Avenue set to close on June 23, Hayat Pharmacy is encouraging residents to transfer prescriptions to the local chain.",Walgreens pharmacy closed location
11ec29c0e7cb8c4323,CVS,,,,,,CVS Closing 270 Stores Nationwide: List of Locations Impacted,http://www.bing.com/news/apiclick.aspx?ref=FexRss&aid=&tid=6a3d1ff0ff79462dad2ad577fa5428b2&url=https%3a%2f%2fwww.newsweek.com%2fcvs-closing-270-stores-locations-impacted-2077982&c=15167923728816176235&mkt=en-us,www.bing.com,bing_rss,2025-05-28T08:25:00+00:00,2026-06-25T12:33:52+00:00,0.61,"In its recent annual report, filed in February, CVS announced that it would be closing 271 retail stores in 2025 as part of its ""enterprise-wide restructuring plan intended to streamline and simplify the organization."" This follows the closure of around 900 lo",CVS store closure location
ad83c9fb0888cc2c8d,CVS,,,,,,CVS warns it may have to close over 100 more stores,http://www.bing.com/news/apiclick.aspx?ref=FexRss&aid=&tid=6a3d1ff0ff79462dad2ad577fa5428b2&url=https%3a%2f%2fwww.thestreet.com%2fhealth%2fcvs-fights-law-that-could-force-134-stores-to-close-fair-rx&c=2158066446006967284&mkt=en-us,www.bing.com,bing_rss,2026-04-26T13:45:00+00:00,2026-06-25T12:33:52+00:00,0.37,"CVS warns it may have to close over 100 more stores A sweeping new health care law is setting up a high-stakes battle over prescription drug pricing, corporate power, and patient access.",CVS store closure location
91a3a338da1e63407f,CVS,,,,,,CVS Closing 270 Stores Nationwide: List of Locations Impacted,http://www.bing.com/news/apiclick.aspx?ref=FexRss&aid=&tid=6a3d2004180843c49fd35dfb22d43f0d&url=https%3a%2f%2fwww.newsweek.com%2fcvs-closing-270-stores-locations-impacted-2077982&c=15167923728816176235&mkt=en-us,www.bing.com,bing_rss,2025-05-28T08:25:00+00:00,2026-06-25T12:33:52+00:00,0.61,"In its recent annual report, filed in February, CVS announced that it would be closing 271 retail stores in 2025 as part of its ""enterprise-wide restructuring plan intended to streamline and simplify the organization."" This follows the closure of around 900 lo",CVS closing stores
b0a73de4a7f153e4c6,CVS,,,,,,CVS fights law that could force over 100 stores to close,http://www.bing.com/news/apiclick.aspx?ref=FexRss&aid=&tid=6a3d2004180843c49fd35dfb22d43f0d&url=https%3a%2f%2fwww.aol.com%2ffinance%2fcvs-fights-law-could-force-161300320.html&c=6327375268730961832&mkt=en-us,www.bing.com,bing_rss,2026-04-22T16:59:00+00:00,2026-06-25T12:33:52+00:00,0.61,"CVS fights law that could force over 100 stores to close A sweeping new health care law is setting up a high-stakes battle over prescription drug pricing, corporate power, and patient access.",CVS closing stores
243bddc2a80ac84422,CVS,,,,,,CVS Closing 270 Stores Nationwide: List of Locations Impacted,http://www.bing.com/news/apiclick.aspx?ref=FexRss&aid=&tid=6a3d200f52134dee8397b07e3c048a57&url=https%3a%2f%2fwww.newsweek.com%2fcvs-closing-270-stores-locations-impacted-2077982&c=15167923728816176235&mkt=en-us,www.bing.com,bing_rss,2025-05-28T08:25:00+00:00,2026-06-25T12:33:52+00:00,0.61,"In its recent annual report, filed in February, CVS announced that it would be closing 271 retail stores in 2025 as part of its ""enterprise-wide restructuring plan intended to streamline and simplify the organization."" This follows the closure of around 900 lo",CVS pharmacy closed location
96b312246790ecea6a,Walgreens,"Chicago, IL",Chicago,IL,,,"Walgreens closes Midtown location, the eighth shuttered in three years",http://www.bing.com/news/apiclick.aspx?ref=FexRss&aid=&tid=6a3d201ae4f94d779f5b25a73e793f4c&url=https%3a%2f%2fwww.yahoo.com%2fnews%2fus%2farticles%2fwalgreens-closes-midtown-location-eighth-185356837.html&c=16834571838889409791&mkt=en-us,www.bing.com,bing_rss,2026-06-23T12:12:00+00:00,2026-06-25T12:33:52+00:00,1.00,"Walgreens closes Midtown location, the eighth shuttered in three years Walgreens is closing its Midtown store due to safety concerns, leaving residents to find new pharmacy options.",Walgreens store closure location
6ad3c002e681d36f9d,Walgreens,,,,,,Chicago pol says Walgreens should be charged with 'first-degree corporate abandonment' over closure over theft,http://www.bing.com/news/apiclick.aspx?ref=FexRss&aid=&tid=6a3d201ae4f94d779f5b25a73e793f4c&url=https%3a%2f%2fwww.msn.com%2fen-us%2fnews%2fus%2fchicago-pol-says-walgreens-should-be-charged-with-first-degree-corporate-abandonment-over-closure-over-theft%2far-AA22sAX4&c=1104892077083212185&mkt=en-us,www.bing.com,bing_rss,2026-05-05T13:29:55+00:00,2026-06-25T12:33:52+00:00,0.49,"Chicago pol says Walgreens should be charged with 'first-degree corporate abandonment' over closure over theft A Chicago alderman says Walgreens should be charged with ""first-degree corporate abandonment"" over its decision to close a store in the 6th Ward.",Walgreens store closure location
79157c78d4211e6339,Walgreens,,,,,,Walgreens closing numerous stores amid 'challenging' retail environment,http://www.bing.com/news/apiclick.aspx?ref=FexRss&aid=&tid=6a3d20270f6c4d9c89165214d512baa7&url=https%3a%2f%2fwww.wptv.com%2fbusiness%2fcompany-news%2fwalgreens-closing-numerous-stores-amid-challenging-retail-environment&c=6863907681722574937&mkt=en-us,www.bing.com,bing_rss,2024-06-26T22:44:00+00:00,2026-06-25T12:33:52+00:00,0.49,"Walgreens closing numerous stores amid 'challenging' retail environment Walgreens, one of America's largest pharmacy chains, announced early Thursday plans to close numerous stores across the U.S.",Walgreens closing stores
062bc6fb2199776a64,Walgreens,,,,,,"Milwaukee Walgreens closed, 27th and North; what to know",http://www.bing.com/news/apiclick.aspx?ref=FexRss&aid=&tid=6a3d20270f6c4d9c89165214d512baa7&url=https%3a%2f%2fwww.msn.com%2fen-us%2flifestyle%2flifestyle-buzz%2fmilwaukee-walgreens-closed-27th-and-north-what-to-know%2far-AA26nJXv&c=902736325891801050&mkt=en-us,www.bing.com,bing_rss,2026-06-23T18:33:00+00:00,2026-06-25T12:33:52+00:00,0.26,"Milwaukee Walgreens closed, 27th and North; what to know A Walgreens location on Milwaukee's north side shut down on Tuesday.",Walgreens closing stores
48f8790c0b120868b9,Walgreens,,,,,,Walgreens to close Midtown store on Milwaukee’s North Avenue,http://www.bing.com/news/apiclick.aspx?ref=FexRss&aid=&tid=6a3d20270f6c4d9c89165214d512baa7&url=https%3a%2f%2fwww.msn.com%2fen-us%2fnews%2fother%2fwalgreens-to-close-midtown-store-on-milwaukee-s-north-avenue%2far-AA22nH5N&c=13671027700461977555&mkt=en-us,www.bing.com,bing_rss,2026-05-04T14:19:00+00:00,2026-06-25T12:33:52+00:00,0.72,"Walgreens to close Midtown store on Milwaukee’s North Avenue In another blow to Milwaukee’s grocery and pharmacy landscape, Walgreens has begun to notify customers that its midtown location at 2727 W.",Walgreens closing stores
07a4700a6fa73ad534,Walgreens,,,,,,"Walgreens to close Chatham store after more than $1M loss, cites theft and declining sales",http://www.bing.com/news/apiclick.aspx?ref=FexRss&aid=&tid=6a3d20270f6c4d9c89165214d512baa7&url=https%3a%2f%2fwww.aol.com%2fnews%2fwalgreens-close-chatham-store-more-023340460.html&c=6188010764375494095&mkt=en-us,www.bing.com,bing_rss,2026-05-09T16:59:00+00:00,2026-06-25T12:33:52+00:00,0.90,"Walgreens to close Chatham store after more than $1M loss, cites theft and declining sales CHICAGO - For the first time, Walgreens is revealing some of the specific financial problems that prompted it to close a longtime location on Chicago's South Side.",Walgreens closing stores
a6a4d7629d6f0a62f5,Walgreens,,,,,,Walgreens to close St. Louis County store,http://www.bing.com/news/apiclick.aspx?ref=FexRss&aid=&tid=6a3d20270f6c4d9c89165214d512baa7&url=https%3a%2f%2fwww.bizjournals.com%2fstlouis%2fnews%2f2026%2f06%2f11%2fst-louis-county-walgreens-store-to-close.html&c=383589223251537787&mkt=en-us,www.bing.com,bing_rss,2026-06-11T15:35:00+00:00,2026-06-25T12:33:52+00:00,0.37,Walgreens to close St.,Walgreens closing stores
dd886a1a3cc3f9111f,Walgreens,,,,,,Chicago pol says Walgreens should be charged with 'first-degree corporate abandonment' over closure over theft,http://www.bing.com/news/apiclick.aspx?ref=FexRss&aid=&tid=6a3d20270f6c4d9c89165214d512baa7&url=https%3a%2f%2fwww.msn.com%2fen-us%2fnews%2fus%2fchicago-pol-says-walgreens-should-be-charged-with-first-degree-corporate-abandonment-over-closure-over-theft%2far-AA22sAX4&c=1104892077083212185&mkt=en-us,www.bing.com,bing_rss,2026-05-05T13:29:55+00:00,2026-06-25T12:33:52+00:00,0.49,"Chicago pol says Walgreens should be charged with 'first-degree corporate abandonment' over closure over theft A Chicago alderman says Walgreens should be charged with ""first-degree corporate abandonment"" over its decision to close a store in the 6th Ward.",Walgreens closing stores
cc4d90d34cfe350435,Walgreens,,,,,,Walgreens closing numerous stores amid 'challenging' retail environment,http://www.bing.com/news/apiclick.aspx?ref=FexRss&aid=&tid=6a3d20270f6c4d9c89165214d512baa7&url=https%3a%2f%2fwww.10news.com%2fbusiness%2fcompany-news%2fwalgreens-closing-numerous-stores-amid-challenging-retail-environment&c=13259261244793479128&mkt=en-us,www.bing.com,bing_rss,2026-03-29T22:24:00+00:00,2026-06-25T12:33:52+00:00,0.49,"Walgreens, one of America's largest pharmacy chains, announced early Thursday plans to close numerous stores across the U.S.",Walgreens closing stores
40389c9c652f2884cc,CVS,,,,,,CVS Closing 270 Stores Nationwide: List of Locations Impacted,http://www.bing.com/news/apiclick.aspx?ref=FexRss&aid=&tid=6a3e6fc643654946aa74769684c5e811&url=https%3a%2f%2fwww.newsweek.com%2fcvs-closing-270-stores-locations-impacted-2077982&c=15167923728816176235&mkt=en-us,www.bing.com,bing_rss,2025-05-28T08:25:00+00:00,2026-06-26T12:26:18+00:00,0.61,"In its recent annual report, filed in February, CVS announced that it would be closing 271 retail stores in 2025 as part of its ""enterprise-wide restructuring plan intended to streamline and simplify the organization."" This follows the closure of around 900 lo",CVS store closure location
19abecd67d8d53a60f,CVS,,,,,,CVS warns it may have to close over 100 more stores,http://www.bing.com/news/apiclick.aspx?ref=FexRss&aid=&tid=6a3e6fc643654946aa74769684c5e811&url=https%3a%2f%2fwww.thestreet.com%2fhealth%2fcvs-fights-law-that-could-force-134-stores-to-close-fair-rx&c=2158066446006967284&mkt=en-us,www.bing.com,bing_rss,2026-04-26T13:45:00+00:00,2026-06-26T12:26:18+00:00,0.37,"CVS warns it may have to close over 100 more stores A sweeping new health care law is setting up a high-stakes battle over prescription drug pricing, corporate power, and patient access.",CVS store closure location
57afe31c25afaeb10f,Walgreens,"Chicago, IL",Chicago,IL,,,"Walgreens closes Midtown location, the eighth shuttered in three years",http://www.bing.com/news/apiclick.aspx?ref=FexRss&aid=&tid=6a3e6fdb6d4b468891033817db381316&url=https%3a%2f%2fwww.jsonline.com%2fstory%2fnews%2flocal%2fmilwaukee%2fneighborhoods%2f2026%2f06%2f23%2fmidtown-walgreens-location-closes-eighth-in-three-years%2f90660844007%2f&c=5495579637630957261&mkt=en-us,www.bing.com,bing_rss,2026-06-23T12:09:00+00:00,2026-06-26T12:26:18+00:00,1.00,"Walgreens closes Midtown location, the eighth shuttered in three years Walgreens is closing its Midtown store due to safety concerns, leaving residents to find new pharmacy options.",Walgreens store closure location
51d72183e11db9866f,Walgreens,"Chicago, IL",Chicago,IL,,,Walgreens to close Midtown store on Milwaukee’s North Avenue,http://www.bing.com/news/apiclick.aspx?ref=FexRss&aid=&tid=6a3e6fdb6d4b468891033817db381316&url=https%3a%2f%2fwww.aol.com%2fnews%2fwalgreens-close-midtown-store-milwaukee-211103214.html&c=2184905918024052444&mkt=en-us,www.bing.com,bing_rss,2026-05-04T14:11:00+00:00,2026-06-26T12:26:18+00:00,1.00,"Walgreens to close Midtown store on Milwaukee’s North Avenue In another blow to Milwaukee’s grocery and pharmacy landscape, Walgreens has begun to notify customers that its midtown location at 2727 W.",Walgreens store closure location
c472f6e4f938a41669,Walgreens,,,,,,Local pharmacy chain steps in as Midtown Walgreens prepares to close,http://www.bing.com/news/apiclick.aspx?ref=FexRss&aid=&tid=6a3e6fdb6d4b468891033817db381316&url=https%3a%2f%2fwww.msn.com%2fen-us%2fnews%2fus%2flocal-pharmacy-chain-steps-in-as-midtown-walgreens-prepares-to-close%2far-AA25dpGI&c=4811352347859923765&mkt=en-us,www.bing.com,bing_rss,2026-06-09T10:54:00+00:00,2026-06-26T12:26:18+00:00,0.37,"Local pharmacy chain steps in as Midtown Walgreens prepares to close With the Midtown Walgreens at 27th Street and North Avenue set to close on June 23, Hayat Pharmacy is encouraging residents to transfer prescriptions to the local chain.",Walgreens store closure location
23ade7ced52d0f6791,Walgreens,,,,,,Walgreens closing numerous stores amid 'challenging' retail environment,http://www.bing.com/news/apiclick.aspx?ref=FexRss&aid=&tid=6a3e6fe27ef54df3bb56c2832f24a0bd&url=https%3a%2f%2fwww.wptv.com%2fbusiness%2fcompany-news%2fwalgreens-closing-numerous-stores-amid-challenging-retail-environment&c=6863907681722574937&mkt=en-us,www.bing.com,bing_rss,2024-06-26T22:44:00+00:00,2026-06-26T12:26:18+00:00,0.49,"Walgreens closing numerous stores amid 'challenging' retail environment Walgreens, one of America's largest pharmacy chains, announced early Thursday plans to close numerous stores across the U.S.",Walgreens closing stores
16e522881a4cccc47d,Walgreens,,,,,,"Milwaukee Walgreens closed, 27th and North; what to know",http://www.bing.com/news/apiclick.aspx?ref=FexRss&aid=&tid=6a3e6fe27ef54df3bb56c2832f24a0bd&url=https%3a%2f%2fwww.msn.com%2fen-us%2flifestyle%2flifestyle-buzz%2fmilwaukee-walgreens-closed-27th-and-north-what-to-know%2far-AA26nJXv&c=902736325891801050&mkt=en-us,www.bing.com,bing_rss,2026-06-23T14:05:59+00:00,2026-06-26T12:26:18+00:00,0.26,"Milwaukee Walgreens closed, 27th and North; what to know A Walgreens location on Milwaukee's north side shut down on Tuesday.",Walgreens closing stores
288f86e3f3b1620966,Walgreens,,,,,,"Walgreens to close Chatham store after more than $1M loss, cites theft and declining sales",http://www.bing.com/news/apiclick.aspx?ref=FexRss&aid=&tid=6a3e6fe27ef54df3bb56c2832f24a0bd&url=https%3a%2f%2fwww.aol.com%2fnews%2fwalgreens-close-chatham-store-more-023340460.html&c=6188010764375494095&mkt=en-us,www.bing.com,bing_rss,2026-05-09T16:59:00+00:00,2026-06-26T12:26:18+00:00,0.90,"Walgreens to close Chatham store after more than $1M loss, cites theft and declining sales CHICAGO - For the first time, Walgreens is revealing some of the specific financial problems that prompted it to close a longtime location on Chicago's South Side.",Walgreens closing stores
b2b5c0686525f5fae7,Walgreens,,,,,,Walgreens to close St. Louis County store,http://www.bing.com/news/apiclick.aspx?ref=FexRss&aid=&tid=6a3e6fe27ef54df3bb56c2832f24a0bd&url=https%3a%2f%2fwww.bizjournals.com%2fstlouis%2fnews%2f2026%2f06%2f11%2fst-louis-county-walgreens-store-to-close.html&c=383589223251537787&mkt=en-us,www.bing.com,bing_rss,2026-06-11T15:35:00+00:00,2026-06-26T12:26:18+00:00,0.37,Walgreens to close St.,Walgreens closing stores
fd21a48bb59fc527ab,Walgreens,,,,,,Retail pharmacy to close St. Louis County store,http://www.bing.com/news/apiclick.aspx?ref=FexRss&aid=&tid=6a3e6fe27ef54df3bb56c2832f24a0bd&url=https%3a%2f%2fwww.msn.com%2fen-us%2fnews%2fus%2fretail-pharmacy-to-close-st-louis-county-store%2far-AA25uH41&c=9911094652721756306&mkt=en-us,www.bing.com,bing_rss,2026-06-12T08:47:00+00:00,2026-06-26T12:26:18+00:00,0.49,Retail pharmacy to close St.,Walgreens closing stores
cd7c2e01db823dce61,Walgreens,,,,,,Walgreens closing numerous stores amid 'challenging' retail environment,http://www.bing.com/news/apiclick.aspx?ref=FexRss&aid=&tid=6a3e6fe27ef54df3bb56c2832f24a0bd&url=https%3a%2f%2fwww.10news.com%2fbusiness%2fcompany-news%2fwalgreens-closing-numerous-stores-amid-challenging-retail-environment&c=13259261244793479128&mkt=en-us,www.bing.com,bing_rss,2026-03-29T22:24:00+00:00,2026-06-26T12:26:18+00:00,0.49,"Walgreens, one of America's largest pharmacy chains, announced early Thursday plans to close numerous stores across the U.S.",Walgreens closing stores
38b802afb8f78faebe,Walgreens,,,,,,Local pharmacy chain steps in as Midtown Walgreens prepares to close,http://www.bing.com/news/apiclick.aspx?ref=FexRss&aid=&tid=6a3e6fea573d4e6ea1f7576accd6d6b2&url=https%3a%2f%2fwww.msn.com%2fen-us%2fnews%2fus%2flocal-pharmacy-chain-steps-in-as-midtown-walgreens-prepares-to-close%2far-AA25dpGI&c=4811352347859923765&mkt=en-us,www.bing.com,bing_rss,2026-06-09T10:54:00+00:00,2026-06-26T12:26:18+00:00,0.37,"Local pharmacy chain steps in as Midtown Walgreens prepares to close With the Midtown Walgreens at 27th Street and North Avenue set to close on June 23, Hayat Pharmacy is encouraging residents to transfer prescriptions to the local chain.",Walgreens pharmacy closed location
a92d8f5bca13169e93,CVS,,,,,,CVS Closing 270 Stores Nationwide: List of Locations Impacted,http://www.bing.com/news/apiclick.aspx?ref=FexRss&aid=&tid=6a3fb7cd429f4038a01a11e4a82b9838&url=https%3a%2f%2fwww.newsweek.com%2fcvs-closing-270-stores-locations-impacted-2077982&c=15167923728816176235&mkt=en-us,www.bing.com,bing_rss,2025-05-28T08:25:00+00:00,2026-06-27T11:46:07+00:00,0.61,"In its recent annual report, filed in February, CVS announced that it would be closing 271 retail stores in 2025 as part of its ""enterprise-wide restructuring plan intended to streamline and simplify the organization."" This follows the closure of around 900 lo",CVS store closure location
11d1b0caca98afccf5,CVS,,,,,,CVS warns it may have to close over 100 more stores,http://www.bing.com/news/apiclick.aspx?ref=FexRss&aid=&tid=6a3fb7cd429f4038a01a11e4a82b9838&url=https%3a%2f%2fwww.thestreet.com%2fhealth%2fcvs-fights-law-that-could-force-134-stores-to-close-fair-rx&c=2158066446006967284&mkt=en-us,www.bing.com,bing_rss,2026-04-26T13:45:00+00:00,2026-06-27T11:46:07+00:00,0.37,"CVS warns it may have to close over 100 more stores A sweeping new health care law is setting up a high-stakes battle over prescription drug pricing, corporate power, and patient access.",CVS store closure location
11c4eb9512ea50f914,CVS,,,,,,CVS fights law that could force over 100 stores to close,http://www.bing.com/news/apiclick.aspx?ref=FexRss&aid=&tid=6a3fb7cd429f4038a01a11e4a82b9838&url=https%3a%2f%2fwww.msn.com%2fen-us%2fhealth%2fother%2fcvs-fights-law-that-could-force-over-100-stores-to-close%2far-AA21zQvb&c=11080782629388182880&mkt=en-us,www.bing.com,bing_rss,2026-04-23T12:25:00+00:00,2026-06-27T11:46:07+00:00,0.37,"CVS fights law that could force over 100 stores to close A sweeping new health care law is setting up a high-stakes battle over prescription drug pricing, corporate power, and patient access.",CVS store closure location
fabb81d2ad5bec6028,CVS,,,,,,CVS Closing 270 Stores Nationwide: List of Locations Impacted,http://www.bing.com/news/apiclick.aspx?ref=FexRss&aid=&tid=6a3fb7db17bd46c1bddc94c24a4f1a2f&url=https%3a%2f%2fwww.newsweek.com%2fcvs-closing-270-stores-locations-impacted-2077982&c=15167923728816176235&mkt=en-us,www.bing.com,bing_rss,2025-05-28T08:25:00+00:00,2026-06-27T11:46:07+00:00,0.61,"In its recent annual report, filed in February, CVS announced that it would be closing 271 retail stores in 2025 as part of its ""enterprise-wide restructuring plan intended to streamline and simplify the organization."" This follows the closure of around 900 lo",CVS closing stores
f51fc3fc1bed2379f8,CVS,,,,,,CVS fights law that could force over 100 stores to close,http://www.bing.com/news/apiclick.aspx?ref=FexRss&aid=&tid=6a3fb7db17bd46c1bddc94c24a4f1a2f&url=https%3a%2f%2fwww.aol.com%2ffinance%2fcvs-fights-law-could-force-161300320.html&c=6327375268730961832&mkt=en-us,www.bing.com,bing_rss,2026-04-22T16:59:00+00:00,2026-06-27T11:46:07+00:00,0.61,"CVS fights law that could force over 100 stores to close A sweeping new health care law is setting up a high-stakes battle over prescription drug pricing, corporate power, and patient access.",CVS closing stores
e791793f78994c0adf,CVS,,,,,,CVS Closing 270 Stores Nationwide: List of Locations Impacted,http://www.bing.com/news/apiclick.aspx?ref=FexRss&aid=&tid=6a3fb7e5091d49bf95755628e9aaee0e&url=https%3a%2f%2fwww.newsweek.com%2fcvs-closing-270-stores-locations-impacted-2077982&c=15167923728816176235&mkt=en-us,www.bing.com,bing_rss,2025-05-28T08:25:00+00:00,2026-06-27T11:46:07+00:00,0.61,"In its recent annual report, filed in February, CVS announced that it would be closing 271 retail stores in 2025 as part of its ""enterprise-wide restructuring plan intended to streamline and simplify the organization."" This follows the closure of around 900 lo",CVS pharmacy closed location
6431dd8fe2fe2a0bfd,Walgreens,"Chicago, IL",Chicago,IL,,,"Walgreens closes Midtown location, the eighth shuttered in three years",http://www.bing.com/news/apiclick.aspx?ref=FexRss&aid=&tid=6a3fb7ee87cb4067b09f3cd9c6b3ad31&url=https%3a%2f%2fwww.yahoo.com%2fnews%2fus%2farticles%2fwalgreens-closes-midtown-location-eighth-185356837.html&c=16834571838889409791&mkt=en-us,www.bing.com,bing_rss,2026-06-23T12:12:00+00:00,2026-06-27T11:46:07+00:00,1.00,"Walgreens closes Midtown location, the eighth shuttered in three years Walgreens is closing its Midtown store due to safety concerns, leaving residents to find new pharmacy options.",Walgreens store closure location
6d651e803252f7dd3e,Walgreens,,,,,,Local pharmacy chain steps in as Midtown Walgreens prepares to close,http://www.bing.com/news/apiclick.aspx?ref=FexRss&aid=&tid=6a3fb7ee87cb4067b09f3cd9c6b3ad31&url=https%3a%2f%2fwww.msn.com%2fen-us%2fnews%2fus%2flocal-pharmacy-chain-steps-in-as-midtown-walgreens-prepares-to-close%2far-AA25dpGI&c=4811352347859923765&mkt=en-us,www.bing.com,bing_rss,2026-06-09T10:54:00+00:00,2026-06-27T11:46:07+00:00,0.37,"Local pharmacy chain steps in as Midtown Walgreens prepares to close With the Midtown Walgreens at 27th Street and North Avenue set to close on June 23, Hayat Pharmacy is encouraging residents to transfer prescriptions to the local chain.",Walgreens store closure location
ed9be6352e3a6114ec,Walgreens,,,,,,Walgreens closing numerous stores amid 'challenging' retail environment,http://www.bing.com/news/apiclick.aspx?ref=FexRss&aid=&tid=6a3fb7f6aa254c90a90b23c8aede650a&url=https%3a%2f%2fwww.wptv.com%2fbusiness%2fcompany-news%2fwalgreens-closing-numerous-stores-amid-challenging-retail-environment&c=6863907681722574937&mkt=en-us,www.bing.com,bing_rss,2024-06-26T22:44:00+00:00,2026-06-27T11:46:07+00:00,0.49,"Walgreens closing numerous stores amid 'challenging' retail environment Walgreens, one of America's largest pharmacy chains, announced early Thursday plans to close numerous stores across the U.S.",Walgreens closing stores
d04cf619aba5c25575,Walgreens,"Chicago, IL",Chicago,IL,,,"Walgreens closes Midtown location, the eighth shuttered in three years",http://www.bing.com/news/apiclick.aspx?ref=FexRss&aid=&tid=6a3fb7f6aa254c90a90b23c8aede650a&url=https%3a%2f%2fwww.yahoo.com%2fnews%2fus%2farticles%2fwalgreens-closes-midtown-location-eighth-185356270.html&c=4970829250727021006&mkt=en-us,www.bing.com,bing_rss,2026-06-23T12:12:00+00:00,2026-06-27T11:46:07+00:00,1.00,"Walgreens closes Midtown location, the eighth shuttered in three years Walgreens is closing its Midtown store due to safety concerns, leaving residents to find new pharmacy options.",Walgreens closing stores
08a9b4f156101b18ac,Walgreens,,,,,,"Milwaukee Walgreens closed, 27th and North; what to know",http://www.bing.com/news/apiclick.aspx?ref=FexRss&aid=&tid=6a3fb7f6aa254c90a90b23c8aede650a&url=https%3a%2f%2fwww.msn.com%2fen-us%2flifestyle%2flifestyle-buzz%2fmilwaukee-walgreens-closed-27th-and-north-what-to-know%2far-AA26nJXv&c=902736325891801050&mkt=en-us,www.bing.com,bing_rss,2026-06-23T14:05:59+00:00,2026-06-27T11:46:07+00:00,0.26,"Milwaukee Walgreens closed, 27th and North; what to know A Walgreens location on Milwaukee's north side shut down on Tuesday.",Walgreens closing stores
5b1488c4cf858d13f7,Walgreens,,,,,,Walgreens to shutter 600 stores as part of Rite Aid deal,http://www.bing.com/news/apiclick.aspx?ref=FexRss&aid=&tid=6a3fb7f6aa254c90a90b23c8aede650a&url=https%3a%2f%2flocal12.com%2fnews%2fnation-world%2fwalgreens-to-shutter-600-stores-as-part-of-rite-aid-deal&c=6129116216094602309&mkt=en-us,www.bing.com,bing_rss,2017-10-25T05:52:00+00:00,2026-06-27T11:46:07+00:00,0.90,"Walgreens to shutter 600 stores as part of Rite Aid deal (AP) — Walgreens plans to close about 600 drugstores as it completes a $4.38 billion deal to buy nearly 2,000 from rival Rite Aid.",Walgreens closing stores
cd6e386254a8e36e22,Walgreens,,,,,,"Walgreens to close Chatham store after more than $1M loss, cites theft and declining sales",http://www.bing.com/news/apiclick.aspx?ref=FexRss&aid=&tid=6a3fb7f6aa254c90a90b23c8aede650a&url=https%3a%2f%2fwww.aol.com%2fnews%2fwalgreens-close-chatham-store-more-023340460.html&c=6188010764375494095&mkt=en-us,www.bing.com,bing_rss,2026-05-09T16:59:00+00:00,2026-06-27T11:46:07+00:00,0.90,"Walgreens to close Chatham store after more than $1M loss, cites theft and declining sales CHICAGO - For the first time, Walgreens is revealing some of the specific financial problems that prompted it to close a longtime location on Chicago's South Side.",Walgreens closing stores
802f4edf451e674e6b,Walgreens,,,,,,Walgreens to close St. Louis County store,http://www.bing.com/news/apiclick.aspx?ref=FexRss&aid=&tid=6a3fb7f6aa254c90a90b23c8aede650a&url=https%3a%2f%2fwww.bizjournals.com%2fstlouis%2fnews%2f2026%2f06%2f11%2fst-louis-county-walgreens-store-to-close.html&c=383589223251537787&mkt=en-us,www.bing.com,bing_rss,2026-06-11T15:35:00+00:00,2026-06-27T11:46:07+00:00,0.37,Walgreens to close St.,Walgreens closing stores
dd0e1458be50682c48,CVS,,,,,,CVS Closing 270 Stores Nationwide: List of Locations Impacted,http://www.bing.com/news/apiclick.aspx?ref=FexRss&aid=&tid=6a410c3868ea413585873bfa6fad3229&url=https%3a%2f%2fwww.newsweek.com%2fcvs-closing-270-stores-locations-impacted-2077982&c=15167923728816176235&mkt=en-us,www.bing.com,bing_rss,2025-05-28T08:25:00+00:00,2026-06-28T11:58:09+00:00,0.61,"In its recent annual report, filed in February, CVS announced that it would be closing 271 retail stores in 2025 as part of its ""enterprise-wide restructuring plan intended to streamline and simplify the organization."" This follows the closure of around 900 lo",CVS store closure location
297cdcb58d56e0c440,CVS,,,,,,CVS warns it may have to close over 100 more stores,http://www.bing.com/news/apiclick.aspx?ref=FexRss&aid=&tid=6a410c3868ea413585873bfa6fad3229&url=https%3a%2f%2fwww.thestreet.com%2fhealth%2fcvs-fights-law-that-could-force-134-stores-to-close-fair-rx&c=2158066446006967284&mkt=en-us,www.bing.com,bing_rss,2026-04-26T13:45:00+00:00,2026-06-28T11:58:09+00:00,0.37,"CVS warns it may have to close over 100 more stores A sweeping new health care law is setting up a high-stakes battle over prescription drug pricing, corporate power, and patient access.",CVS store closure location
a91509ef06c5dc5581,CVS,,,,,,CVS fights law that could force over 100 stores to close,http://www.bing.com/news/apiclick.aspx?ref=FexRss&aid=&tid=6a410c3868ea413585873bfa6fad3229&url=https%3a%2f%2fwww.msn.com%2fen-us%2fhealth%2fother%2fcvs-fights-law-that-could-force-over-100-stores-to-close%2far-AA21zQvb&c=11080782629388182880&mkt=en-us,www.bing.com,bing_rss,2026-04-23T12:25:00+00:00,2026-06-28T11:58:09+00:00,0.37,"CVS fights law that could force over 100 stores to close A sweeping new health care law is setting up a high-stakes battle over prescription drug pricing, corporate power, and patient access.",CVS store closure location
1adc1949336dc94ae2,CVS,,,,,,CVS Closing 270 Stores Nationwide: List of Locations Impacted,http://www.bing.com/news/apiclick.aspx?ref=FexRss&aid=&tid=6a410c3cee0d4d22b16024fae9c2843e&url=https%3a%2f%2fwww.newsweek.com%2fcvs-closing-270-stores-locations-impacted-2077982&c=15167923728816176235&mkt=en-us,www.bing.com,bing_rss,2025-05-28T08:25:00+00:00,2026-06-28T11:58:09+00:00,0.61,"In its recent annual report, filed in February, CVS announced that it would be closing 271 retail stores in 2025 as part of its ""enterprise-wide restructuring plan intended to streamline and simplify the organization."" This follows the closure of around 900 lo",CVS closing stores
73b46cbcfefc1447a1,CVS,,,,,,CVS Closing 270 Stores Nationwide: List of Locations Impacted,http://www.bing.com/news/apiclick.aspx?ref=FexRss&aid=&tid=6a410c404f364d13bef7c98c42529e76&url=https%3a%2f%2fwww.newsweek.com%2fcvs-closing-270-stores-locations-impacted-2077982&c=15167923728816176235&mkt=en-us,www.bing.com,bing_rss,2025-05-28T08:25:00+00:00,2026-06-28T11:58:09+00:00,0.61,"In its recent annual report, filed in February, CVS announced that it would be closing 271 retail stores in 2025 as part of its ""enterprise-wide restructuring plan intended to streamline and simplify the organization."" This follows the closure of around 900 lo",CVS pharmacy closed location
838e898ec1531a4f0b,Walgreens,"Chicago, IL",Chicago,IL,,,"Walgreens closes Midtown location, the eighth shuttered in three years",http://www.bing.com/news/apiclick.aspx?ref=FexRss&aid=&tid=6a410c46a1654fceaf2829b126490e08&url=https%3a%2f%2fwww.yahoo.com%2fnews%2fus%2farticles%2fwalgreens-closes-midtown-location-eighth-185356837.html&c=16834571838889409791&mkt=en-us,www.bing.com,bing_rss,2026-06-23T12:12:00+00:00,2026-06-28T11:58:09+00:00,1.00,"Walgreens closes Midtown location, the eighth shuttered in three years Walgreens is closing its Midtown store due to safety concerns, leaving residents to find new pharmacy options.",Walgreens store closure location
e802e0c2ae76c88ac2,Walgreens,,,,,,Local pharmacy chain steps in as Midtown Walgreens prepares to close,http://www.bing.com/news/apiclick.aspx?ref=FexRss&aid=&tid=6a410c46a1654fceaf2829b126490e08&url=https%3a%2f%2fwww.msn.com%2fen-us%2fnews%2fus%2flocal-pharmacy-chain-steps-in-as-midtown-walgreens-prepares-to-close%2far-AA25dpGI&c=4811352347859923765&mkt=en-us,www.bing.com,bing_rss,2026-06-09T11:39:00+00:00,2026-06-28T11:58:09+00:00,0.37,"Local pharmacy chain steps in as Midtown Walgreens prepares to close With the Midtown Walgreens at 27th Street and North Avenue set to close on June 23, Hayat Pharmacy is encouraging residents to transfer prescriptions to the local chain.",Walgreens store closure location
e5beb6f02725d66162,Walgreens,,,,,,Chicago pol says Walgreens should be charged with 'first-degree corporate abandonment' over closure over theft,http://www.bing.com/news/apiclick.aspx?ref=FexRss&aid=&tid=6a410c46a1654fceaf2829b126490e08&url=https%3a%2f%2fwww.msn.com%2fen-us%2fnews%2fus%2fchicago-pol-says-walgreens-should-be-charged-with-first-degree-corporate-abandonment-over-closure-over-theft%2far-AA22sAX4&c=1104892077083212185&mkt=en-us,www.bing.com,bing_rss,2026-05-05T13:29:55+00:00,2026-06-28T11:58:09+00:00,0.49,"Chicago pol says Walgreens should be charged with 'first-degree corporate abandonment' over closure over theft A Chicago alderman says Walgreens should be charged with ""first-degree corporate abandonment"" over its decision to close a store in the 6th Ward.",Walgreens store closure location
4605790f0cd251f490,Walgreens,,,,,,Walgreens closing numerous stores amid 'challenging' retail environment,http://www.bing.com/news/apiclick.aspx?ref=FexRss&aid=&tid=6a410c4c356242a0861209fa2da48d75&url=https%3a%2f%2fwww.wptv.com%2fbusiness%2fcompany-news%2fwalgreens-closing-numerous-stores-amid-challenging-retail-environment&c=6863907681722574937&mkt=en-us,www.bing.com,bing_rss,2024-06-27T05:43:00+00:00,2026-06-28T11:58:09+00:00,0.49,"Walgreens closing numerous stores amid 'challenging' retail environment Walgreens, one of America's largest pharmacy chains, announced early Thursday plans to close numerous stores across the U.S.",Walgreens closing stores
2c17239ea56d5aff30,Walgreens,"Chicago, IL",Chicago,IL,,,"Walgreens closes Midtown location, the eighth shuttered in three years",http://www.bing.com/news/apiclick.aspx?ref=FexRss&aid=&tid=6a410c4c356242a0861209fa2da48d75&url=https%3a%2f%2fwww.jsonline.com%2fstory%2fnews%2flocal%2fmilwaukee%2fneighborhoods%2f2026%2f06%2f23%2fmidtown-walgreens-location-closes-eighth-in-three-years%2f90660844007%2f&c=5495579637630957261&mkt=en-us,www.bing.com,bing_rss,2026-06-23T13:54:00+00:00,2026-06-28T11:58:09+00:00,1.00,"Walgreens closes Midtown location, the eighth shuttered in three years Walgreens is closing its Midtown store due to safety concerns, leaving residents to find new pharmacy options.",Walgreens closing stores
66ac5307289f25a40b,Walgreens,,,,,,Walgreens to shutter 600 stores as part of Rite Aid deal,http://www.bing.com/news/apiclick.aspx?ref=FexRss&aid=&tid=6a410c4c356242a0861209fa2da48d75&url=https%3a%2f%2flocal12.com%2fnews%2fnation-world%2fwalgreens-to-shutter-600-stores-as-part-of-rite-aid-deal&c=6129116216094602309&mkt=en-us,www.bing.com,bing_rss,2017-10-25T05:52:00+00:00,2026-06-28T11:58:09+00:00,0.90,"Walgreens to shutter 600 stores as part of Rite Aid deal (AP) — Walgreens plans to close about 600 drugstores as it completes a $4.38 billion deal to buy nearly 2,000 from rival Rite Aid.",Walgreens closing stores
a056b6edf7d578234f,Walgreens,,,,,,"Walgreens to close Chatham store after more than $1M loss, cites theft and declining sales",http://www.bing.com/news/apiclick.aspx?ref=FexRss&aid=&tid=6a410c4c356242a0861209fa2da48d75&url=https%3a%2f%2fwww.aol.com%2fnews%2fwalgreens-close-chatham-store-more-023340460.html&c=6188010764375494095&mkt=en-us,www.bing.com,bing_rss,2026-05-09T19:33:00+00:00,2026-06-28T11:58:09+00:00,0.90,"Walgreens to close Chatham store after more than $1M loss, cites theft and declining sales CHICAGO - For the first time, Walgreens is revealing some of the specific financial problems that prompted it to close a longtime location on Chicago's South Side.",Walgreens closing stores
bbce64bb851396c954,Walgreens,,,,,,Retail pharmacy to close St. Louis County store,http://www.bing.com/news/apiclick.aspx?ref=FexRss&aid=&tid=6a410c4c356242a0861209fa2da48d75&url=https%3a%2f%2fwww.msn.com%2fen-us%2fnews%2fus%2fretail-pharmacy-to-close-st-louis-county-store%2far-AA25uH41&c=9911094652721756306&mkt=en-us,www.bing.com,bing_rss,2026-06-12T07:56:58+00:00,2026-06-28T11:58:09+00:00,0.49,Retail pharmacy to close St.,Walgreens closing stores
d2dc49209eda03a49c,CVS,,,,,,CVS Closing 270 Stores Nationwide: List of Locations Impacted,http://www.bing.com/news/apiclick.aspx?ref=FexRss&aid=&tid=6a427ea80f3b494c8436d1e998c1e77d&url=https%3a%2f%2fwww.newsweek.com%2fcvs-closing-270-stores-locations-impacted-2077982&c=15167923728816176235&mkt=en-us,www.bing.com,bing_rss,2025-05-28T08:25:00+00:00,2026-06-29T14:19:16+00:00,0.61,"In its recent annual report, filed in February, CVS announced that it would be closing 271 retail stores in 2025 as part of its ""enterprise-wide restructuring plan intended to streamline and simplify the organization."" This follows the closure of around 900 lo",CVS store closure location
67ea8047efb89b3614,CVS,,,,,,CVS warns it may have to close over 100 more stores,http://www.bing.com/news/apiclick.aspx?ref=FexRss&aid=&tid=6a427ea80f3b494c8436d1e998c1e77d&url=https%3a%2f%2fwww.thestreet.com%2fhealth%2fcvs-fights-law-that-could-force-134-stores-to-close-fair-rx&c=2158066446006967284&mkt=en-us,www.bing.com,bing_rss,2026-04-23T12:18:00+00:00,2026-06-29T14:19:16+00:00,0.37,"CVS warns it may have to close over 100 more stores A sweeping new health care law is setting up a high-stakes battle over prescription drug pricing, corporate power, and patient access.",CVS store closure location
1e76d8d80ac5f79c78,CVS,,,,,,CVS Closing 270 Stores Nationwide: List of Locations Impacted,http://www.bing.com/news/apiclick.aspx?ref=FexRss&aid=&tid=6a427eb6ddf34b0097a5bc1e42f951ae&url=https%3a%2f%2fwww.newsweek.com%2fcvs-closing-270-stores-locations-impacted-2077982&c=15167923728816176235&mkt=en-us,www.bing.com,bing_rss,2025-05-28T08:25:00+00:00,2026-06-29T14:19:16+00:00,0.61,"In its recent annual report, filed in February, CVS announced that it would be closing 271 retail stores in 2025 as part of its ""enterprise-wide restructuring plan intended to streamline and simplify the organization."" This follows the closure of around 900 lo",CVS closing stores
e1cf488e02cede85d8,CVS,,,,,,CVS Closing 270 Stores Nationwide: List of Locations Impacted,http://www.bing.com/news/apiclick.aspx?ref=FexRss&aid=&tid=6a427ec1228849398e99c7607603f9cb&url=https%3a%2f%2fwww.newsweek.com%2fcvs-closing-270-stores-locations-impacted-2077982&c=15167923728816176235&mkt=en-us,www.bing.com,bing_rss,2025-05-28T08:25:00+00:00,2026-06-29T14:19:16+00:00,0.61,"In its recent annual report, filed in February, CVS announced that it would be closing 271 retail stores in 2025 as part of its ""enterprise-wide restructuring plan intended to streamline and simplify the organization."" This follows the closure of around 900 lo",CVS pharmacy closed location
dbf84cb71f3b4a21f2,Walgreens,"Chicago, IL",Chicago,IL,,,"Walgreens closes Midtown location, the eighth shuttered in three years",http://www.bing.com/news/apiclick.aspx?ref=FexRss&aid=&tid=6a427ecb1b804e5ab39a3deb9fb2daff&url=https%3a%2f%2fwww.yahoo.com%2fnews%2fus%2farticles%2fwalgreens-closes-midtown-location-eighth-185356837.html&c=16834571838889409791&mkt=en-us,www.bing.com,bing_rss,2026-06-23T12:12:00+00:00,2026-06-29T14:19:16+00:00,1.00,"Walgreens closes Midtown location, the eighth shuttered in three years Walgreens is closing its Midtown store due to safety concerns, leaving residents to find new pharmacy options.",Walgreens store closure location
dc7caaae810ce71126,Walgreens,"Chicago, IL",Chicago,IL,,,Walgreens to close Midtown store on Milwaukee’s North Avenue,http://www.bing.com/news/apiclick.aspx?ref=FexRss&aid=&tid=6a427ecb1b804e5ab39a3deb9fb2daff&url=https%3a%2f%2fwww.aol.com%2fnews%2fwalgreens-close-midtown-store-milwaukee-211103214.html&c=2184905918024052444&mkt=en-us,www.bing.com,bing_rss,2026-05-04T14:11:00+00:00,2026-06-29T14:19:16+00:00,1.00,"Walgreens to close Midtown store on Milwaukee’s North Avenue In another blow to Milwaukee’s grocery and pharmacy landscape, Walgreens has begun to notify customers that its midtown location at 2727 W.",Walgreens store closure location
2c3693d6d11e1f99f6,Walgreens,"Chicago, IL",Chicago,IL,,,Local pharmacy chain steps in as Midtown Walgreens prepares to close,http://www.bing.com/news/apiclick.aspx?ref=FexRss&aid=&tid=6a427ecb1b804e5ab39a3deb9fb2daff&url=https%3a%2f%2fwww.yahoo.com%2fnews%2fus%2farticles%2flocal-pharmacy-chain-steps-midtown-174138293.html&c=1827081298084649070&mkt=en-us,www.bing.com,bing_rss,2026-06-09T10:41:00+00:00,2026-06-29T14:19:16+00:00,0.79,Local pharmacy chain steps in as Midtown Walgreens prepares to close Add Yahoo as a preferred source to see more of our stories on Google.,Walgreens store closure location
32a0316602071fc82c,Walgreens,,,,,,"Milwaukee Walgreens closed, 27th and North; what to know",http://www.bing.com/news/apiclick.aspx?ref=FexRss&aid=&tid=6a427ecb1b804e5ab39a3deb9fb2daff&url=https%3a%2f%2fwww.msn.com%2fen-us%2flifestyle%2flifestyle-buzz%2fmilwaukee-walgreens-closed-27th-and-north-what-to-know%2far-AA26nJXv&c=902736325891801050&mkt=en-us,www.bing.com,bing_rss,2026-06-23T14:05:59+00:00,2026-06-29T14:19:16+00:00,0.26,"Milwaukee Walgreens closed, 27th and North; what to know A Walgreens location on Milwaukee's north side shut down on Tuesday.",Walgreens store closure location
188059e8ea136461f3,Walgreens,,,,,,Local pharmacy chain steps in as Midtown Walgreens prepares to close,http://www.bing.com/news/apiclick.aspx?ref=FexRss&aid=&tid=6a427ecb1b804e5ab39a3deb9fb2daff&url=https%3a%2f%2fwww.msn.com%2fen-us%2fnews%2fus%2flocal-pharmacy-chain-steps-in-as-midtown-walgreens-prepares-to-close%2far-AA25dpGI&c=4811352347859923765&mkt=en-us,www.bing.com,bing_rss,2026-06-09T11:39:00+00:00,2026-06-29T14:19:16+00:00,0.37,"Local pharmacy chain steps in as Midtown Walgreens prepares to close With the Midtown Walgreens at 27th Street and North Avenue set to close on June 23, Hayat Pharmacy is encouraging residents to transfer prescriptions to the local chain.",Walgreens store closure location
f733b5d99afeff68e0,Walgreens,,,,,,Walgreens closing numerous stores amid 'challenging' retail environment,http://www.bing.com/news/apiclick.aspx?ref=FexRss&aid=&tid=6a427ed7a7fc4d0aa8bda178a45da079&url=https%3a%2f%2fwww.wptv.com%2fbusiness%2fcompany-news%2fwalgreens-closing-numerous-stores-amid-challenging-retail-environment&c=6863907681722574937&mkt=en-us,www.bing.com,bing_rss,2024-06-27T05:43:00+00:00,2026-06-29T14:19:16+00:00,0.49,"Walgreens closing numerous stores amid 'challenging' retail environment Walgreens, one of America's largest pharmacy chains, announced early Thursday plans to close numerous stores across the U.S.",Walgreens closing stores
3eeb6bbc51965b04a3,Walgreens,"Chicago, IL",Chicago,IL,,,"Walgreens closes Midtown location, the eighth shuttered in three years",http://www.bing.com/news/apiclick.aspx?ref=FexRss&aid=&tid=6a427ed7a7fc4d0aa8bda178a45da079&url=https%3a%2f%2fwww.yahoo.com%2fnews%2fus%2farticles%2fwalgreens-closes-midtown-location-eighth-185356837.html&c=16834571838889409791&mkt=en-us,www.bing.com,bing_rss,2026-06-23T11:53:00+00:00,2026-06-29T14:19:16+00:00,1.00,"Walgreens closes Midtown location, the eighth shuttered in three years Walgreens is closing its Midtown store due to safety concerns, leaving residents to find new pharmacy options.",Walgreens closing stores
8278e11c8a8512dbcc,Walgreens,,,,,,"Walgreens to close Chatham store after more than $1M loss, cites theft and declining sales",http://www.bing.com/news/apiclick.aspx?ref=FexRss&aid=&tid=6a427ed7a7fc4d0aa8bda178a45da079&url=https%3a%2f%2fwww.aol.com%2fnews%2fwalgreens-close-chatham-store-more-023340460.html&c=6188010764375494095&mkt=en-us,www.bing.com,bing_rss,2026-05-09T19:33:00+00:00,2026-06-29T14:19:16+00:00,0.90,"Walgreens to close Chatham store after more than $1M loss, cites theft and declining sales CHICAGO - For the first time, Walgreens is revealing some of the specific financial problems that prompted it to close a longtime location on Chicago's South Side.",Walgreens closing stores
dc11266e12c0d6f357,Walgreens,,,,,,Walgreens to shutter 600 stores as part of Rite Aid deal,http://www.bing.com/news/apiclick.aspx?ref=FexRss&aid=&tid=6a427ed7a7fc4d0aa8bda178a45da079&url=https%3a%2f%2flocal12.com%2fnews%2fnation-world%2fwalgreens-to-shutter-600-stores-as-part-of-rite-aid-deal&c=6129116216094602309&mkt=en-us,www.bing.com,bing_rss,2017-10-25T05:52:00+00:00,2026-06-29T14:19:16+00:00,0.90,Walgreens to shutter 600 stores as part of Rite Aid deal The interchange is expected to open 950 acres for development.,Walgreens closing stores
7bfbde30a49420b60e,Walgreens,,,,,,"Milwaukee Walgreens closed, 27th and North; what to know",http://www.bing.com/news/apiclick.aspx?ref=FexRss&aid=&tid=6a427ed7a7fc4d0aa8bda178a45da079&url=https%3a%2f%2fwww.msn.com%2fen-us%2flifestyle%2flifestyle-buzz%2fmilwaukee-walgreens-closed-27th-and-north-what-to-know%2far-AA26nJXv&c=902736325891801050&mkt=en-us,www.bing.com,bing_rss,2026-06-23T14:05:59+00:00,2026-06-29T14:19:16+00:00,0.26,"Milwaukee Walgreens closed, 27th and North; what to know A Walgreens location on Milwaukee's north side shut down on Tuesday.",Walgreens closing stores
1fb14b11c7330c0fc3,Walgreens,,,,,,Local pharmacy chain steps in as Midtown Walgreens prepares to close,http://www.bing.com/news/apiclick.aspx?ref=FexRss&aid=&tid=6a427ee3665540cabe973d04e12737f8&url=https%3a%2f%2fwww.msn.com%2fen-us%2fnews%2fus%2flocal-pharmacy-chain-steps-in-as-midtown-walgreens-prepares-to-close%2far-AA25dpGI&c=4811352347859923765&mkt=en-us,www.bing.com,bing_rss,2026-06-09T11:39:00+00:00,2026-06-29T14:19:16+00:00,0.37,"Local pharmacy chain steps in as Midtown Walgreens prepares to close With the Midtown Walgreens at 27th Street and North Avenue set to close on June 23, Hayat Pharmacy is encouraging residents to transfer prescriptions to the local chain.",Walgreens pharmacy closed location
2e0656af0f99b7a54d,CVS,,,,,,CVS Closing 270 Stores Nationwide: List of Locations Impacted,http://www.bing.com/news/apiclick.aspx?ref=FexRss&aid=&tid=6a43b5275eda4c778862d0e1fc991a37&url=https%3a%2f%2fwww.newsweek.com%2fcvs-closing-270-stores-locations-impacted-2077982&c=15167923728816176235&mkt=en-us,www.bing.com,bing_rss,2025-05-28T08:25:00+00:00,2026-06-30T12:23:52+00:00,0.61,"In its recent annual report, filed in February, CVS announced that it would be closing 271 retail stores in 2025 as part of its ""enterprise-wide restructuring plan intended to streamline and simplify the organization."" This follows the closure of around 900 lo",CVS store closure location
516b6cd56d78551702,CVS,,,,,,CVS warns it may have to close over 100 more stores,http://www.bing.com/news/apiclick.aspx?ref=FexRss&aid=&tid=6a43b5275eda4c778862d0e1fc991a37&url=https%3a%2f%2fwww.thestreet.com%2fhealth%2fcvs-fights-law-that-could-force-134-stores-to-close-fair-rx&c=2158066446006967284&mkt=en-us,www.bing.com,bing_rss,2026-04-23T12:18:00+00:00,2026-06-30T12:23:52+00:00,0.37,"CVS warns it may have to close over 100 more stores A sweeping new health care law is setting up a high-stakes battle over prescription drug pricing, corporate power, and patient access.",CVS store closure location
0f41070857b9e1486a,CVS,,,,,,CVS fights law that could force over 100 stores to close,http://www.bing.com/news/apiclick.aspx?ref=FexRss&aid=&tid=6a43b5275eda4c778862d0e1fc991a37&url=https%3a%2f%2fwww.msn.com%2fen-us%2fhealth%2fother%2fcvs-fights-law-that-could-force-over-100-stores-to-close%2far-AA21zQvb&c=11080782629388182880&mkt=en-us,www.bing.com,bing_rss,2026-04-23T12:25:00+00:00,2026-06-30T12:23:52+00:00,0.37,"CVS fights law that could force over 100 stores to close A sweeping new health care law is setting up a high-stakes battle over prescription drug pricing, corporate power, and patient access.",CVS store closure location
82d443e78779adb508,CVS,,,,,,CVS Closing 270 Stores Nationwide: List of Locations Impacted,http://www.bing.com/news/apiclick.aspx?ref=FexRss&aid=&tid=6a43b53190944142932a94d208f80d5d&url=https%3a%2f%2fwww.newsweek.com%2fcvs-closing-270-stores-locations-impacted-2077982&c=15167923728816176235&mkt=en-us,www.bing.com,bing_rss,2025-05-28T08:25:00+00:00,2026-06-30T12:23:52+00:00,0.61,"In its recent annual report, filed in February, CVS announced that it would be closing 271 retail stores in 2025 as part of its ""enterprise-wide restructuring plan intended to streamline and simplify the organization."" This follows the closure of around 900 lo",CVS closing stores
f6a744520917dbd509,CVS,,,,,,CVS fights law that could force over 100 stores to close,http://www.bing.com/news/apiclick.aspx?ref=FexRss&aid=&tid=6a43b53190944142932a94d208f80d5d&url=https%3a%2f%2fwww.aol.com%2ffinance%2fcvs-fights-law-could-force-161300320.html&c=6327375268730961832&mkt=en-us,www.bing.com,bing_rss,2026-04-23T09:14:00+00:00,2026-06-30T12:23:52+00:00,0.61,"CVS fights law that could force over 100 stores to close A sweeping new health care law is setting up a high-stakes battle over prescription drug pricing, corporate power, and patient access.",CVS closing stores
070663c189a5534fa7,CVS,,,,,,"US store closings up 69% in 2024 amid Big Lots, CVS, Family Dollar cuts",http://www.bing.com/news/apiclick.aspx?ref=FexRss&aid=&tid=6a43b53190944142932a94d208f80d5d&url=https%3a%2f%2fwww.abc15.com%2fbusiness%2fcompany-news%2fus-store-closings-up-69-in-2024-amid-big-lots-cvs-family-dollar-cuts&c=938104820326025808&mkt=en-us,www.bing.com,bing_rss,2024-12-19T02:19:00+00:00,2026-06-30T12:23:52+00:00,0.90,"RELATED STORY | Big Lots files for bankruptcy, says more stores could close Family Dollar has closed the largest number of stores, with 718 confirmed closings.",CVS closing stores
d1f80f6adb3663d033,CVS,,,,,,CVS Closing 270 Stores Nationwide: List of Locations Impacted,http://www.bing.com/news/apiclick.aspx?ref=FexRss&aid=&tid=6a43b53aed65404bad18066592988d93&url=https%3a%2f%2fwww.newsweek.com%2fcvs-closing-270-stores-locations-impacted-2077982&c=15167923728816176235&mkt=en-us,www.bing.com,bing_rss,2025-05-28T08:25:00+00:00,2026-06-30T12:23:52+00:00,0.61,"In its recent annual report, filed in February, CVS announced that it would be closing 271 retail stores in 2025 as part of its ""enterprise-wide restructuring plan intended to streamline and simplify the organization."" This follows the closure of around 900 lo",CVS pharmacy closed location
1a82b45b651c7a7f27,Walgreens,"Chicago, IL",Chicago,IL,,,"Walgreens closes Midtown location, the eighth shuttered in three years",http://www.bing.com/news/apiclick.aspx?ref=FexRss&aid=&tid=6a43b5443bed48a7bdd387f1d3850647&url=https%3a%2f%2fwww.yahoo.com%2fnews%2fus%2farticles%2fwalgreens-closes-midtown-location-eighth-185356837.html&c=16834571838889409791&mkt=en-us,www.bing.com,bing_rss,2026-06-23T12:12:00+00:00,2026-06-30T12:23:52+00:00,1.00,"Walgreens closes Midtown location, the eighth shuttered in three years Walgreens is closing its Midtown store due to safety concerns, leaving residents to find new pharmacy options.",Walgreens store closure location
871ee655f3ada6d175,Walgreens,,,,,,Local pharmacy chain steps in as Midtown Walgreens prepares to close,http://www.bing.com/news/apiclick.aspx?ref=FexRss&aid=&tid=6a43b5443bed48a7bdd387f1d3850647&url=https%3a%2f%2fwww.msn.com%2fen-us%2fnews%2fus%2flocal-pharmacy-chain-steps-in-as-midtown-walgreens-prepares-to-close%2far-AA25dpGI&c=4811352347859923765&mkt=en-us,www.bing.com,bing_rss,2026-06-09T11:39:00+00:00,2026-06-30T12:23:52+00:00,0.37,"Local pharmacy chain steps in as Midtown Walgreens prepares to close With the Midtown Walgreens at 27th Street and North Avenue set to close on June 23, Hayat Pharmacy is encouraging residents to transfer prescriptions to the local chain.",Walgreens store closure location
3021f920dfc5e022a1,Walgreens,,,,,,Walgreens closing numerous stores amid 'challenging' retail environment,http://www.bing.com/news/apiclick.aspx?ref=FexRss&aid=&tid=6a43b54feded441686085bf258d27698&url=https%3a%2f%2fwww.wptv.com%2fbusiness%2fcompany-news%2fwalgreens-closing-numerous-stores-amid-challenging-retail-environment&c=6863907681722574937&mkt=en-us,www.bing.com,bing_rss,2024-06-26T22:44:00+00:00,2026-06-30T12:23:52+00:00,0.49,"Walgreens closing numerous stores amid 'challenging' retail environment Walgreens, one of America's largest pharmacy chains, announced early Thursday plans to close numerous stores across the U.S.",Walgreens closing stores
ff342fa4833be79f64,Walgreens,,,,,,"Milwaukee Walgreens closed, 27th and North; what to know",http://www.bing.com/news/apiclick.aspx?ref=FexRss&aid=&tid=6a43b54feded441686085bf258d27698&url=https%3a%2f%2fwww.msn.com%2fen-us%2flifestyle%2flifestyle-buzz%2fmilwaukee-walgreens-closed-27th-and-north-what-to-know%2far-AA26nJXv&c=902736325891801050&mkt=en-us,www.bing.com,bing_rss,2026-06-23T14:05:59+00:00,2026-06-30T12:23:52+00:00,0.26,"Milwaukee Walgreens closed, 27th and North; what to know A Walgreens location on Milwaukee's north side shut down on Tuesday.",Walgreens closing stores
2c258ece436b8521e3,Walgreens,,,,,,"Walgreens to close Chatham store after more than $1M loss, cites theft and declining sales",http://www.bing.com/news/apiclick.aspx?ref=FexRss&aid=&tid=6a43b54feded441686085bf258d27698&url=https%3a%2f%2fwww.aol.com%2fnews%2fwalgreens-close-chatham-store-more-023340460.html&c=6188010764375494095&mkt=en-us,www.bing.com,bing_rss,2026-05-09T16:59:00+00:00,2026-06-30T12:23:52+00:00,0.90,"Walgreens to close Chatham store after more than $1M loss, cites theft and declining sales CHICAGO - For the first time, Walgreens is revealing some of the specific financial problems that prompted it to close a longtime location on Chicago's South Side.",Walgreens closing stores
a6d55586a306be5210,CVS,,,,,,CVS Closing 270 Stores Nationwide: List of Locations Impacted,http://www.bing.com/news/apiclick.aspx?ref=FexRss&aid=&tid=6a450c1c24a74213b69d06e2823dbc47&url=https%3a%2f%2fwww.newsweek.com%2fcvs-closing-270-stores-locations-impacted-2077982&c=15167923728816176235&mkt=en-us,www.bing.com,bing_rss,2025-05-28T08:25:00+00:00,2026-07-01T12:48:08+00:00,0.61,"In its recent annual report, filed in February, CVS announced that it would be closing 271 retail stores in 2025 as part of its ""enterprise-wide restructuring plan intended to streamline and simplify the organization."" This follows the closure of around 900 lo",CVS store closure location
637a4f9a157142aaeb,CVS,,,,,,CVS warns it may have to close over 100 more stores,http://www.bing.com/news/apiclick.aspx?ref=FexRss&aid=&tid=6a450c1c24a74213b69d06e2823dbc47&url=https%3a%2f%2fwww.thestreet.com%2fhealth%2fcvs-fights-law-that-could-force-134-stores-to-close-fair-rx&c=2158066446006967284&mkt=en-us,www.bing.com,bing_rss,2026-04-23T12:18:00+00:00,2026-07-01T12:48:08+00:00,0.37,"CVS warns it may have to close over 100 more stores A sweeping new health care law is setting up a high-stakes battle over prescription drug pricing, corporate power, and patient access.",CVS store closure location
048a4bc317716b610d,CVS,,,,,,CVS fights law that could force over 100 stores to close,http://www.bing.com/news/apiclick.aspx?ref=FexRss&aid=&tid=6a450c1c24a74213b69d06e2823dbc47&url=https%3a%2f%2fwww.msn.com%2fen-us%2fhealth%2fother%2fcvs-fights-law-that-could-force-over-100-stores-to-close%2far-AA21zQvb&c=11080782629388182880&mkt=en-us,www.bing.com,bing_rss,2026-04-23T12:25:00+00:00,2026-07-01T12:48:08+00:00,0.37,"CVS fights law that could force over 100 stores to close A sweeping new health care law is setting up a high-stakes battle over prescription drug pricing, corporate power, and patient access.",CVS store closure location
fb9557895d05099e4f,CVS,,,,,,CVS Closing 270 Stores Nationwide: List of Locations Impacted,http://www.bing.com/news/apiclick.aspx?ref=FexRss&aid=&tid=6a450c36dcab410388c11eeda44686d4&url=https%3a%2f%2fwww.newsweek.com%2fcvs-closing-270-stores-locations-impacted-2077982&c=15167923728816176235&mkt=en-us,www.bing.com,bing_rss,2025-05-28T08:25:00+00:00,2026-07-01T12:48:08+00:00,0.61,"In its recent annual report, filed in February, CVS announced that it would be closing 271 retail stores in 2025 as part of its ""enterprise-wide restructuring plan intended to streamline and simplify the organization."" This follows the closure of around 900 lo",CVS closing stores
87336616b497746040,CVS,,,,,,CVS fights law that could force over 100 stores to close,http://www.bing.com/news/apiclick.aspx?ref=FexRss&aid=&tid=6a450c36dcab410388c11eeda44686d4&url=https%3a%2f%2fwww.aol.com%2ffinance%2fcvs-fights-law-could-force-161300320.html&c=6327375268730961832&mkt=en-us,www.bing.com,bing_rss,2026-04-22T16:59:00+00:00,2026-07-01T12:48:08+00:00,0.61,"CVS fights law that could force over 100 stores to close A sweeping new health care law is setting up a high-stakes battle over prescription drug pricing, corporate power, and patient access.",CVS closing stores
0bc92e6a2e12d2f521,CVS,,,,,,"US store closings up 69% in 2024 amid Big Lots, CVS, Family Dollar cuts",http://www.bing.com/news/apiclick.aspx?ref=FexRss&aid=&tid=6a450c36dcab410388c11eeda44686d4&url=https%3a%2f%2fwww.abc15.com%2fbusiness%2fcompany-news%2fus-store-closings-up-69-in-2024-amid-big-lots-cvs-family-dollar-cuts&c=938104820326025808&mkt=en-us,www.bing.com,bing_rss,2024-12-19T02:19:00+00:00,2026-07-01T12:48:08+00:00,0.90,"RELATED STORY | Big Lots files for bankruptcy, says more stores could close Family Dollar has closed the largest number of stores, with 718 confirmed closings.",CVS closing stores
791911d01c78fc98d4,CVS,,,,,,CVS Closing 270 Stores Nationwide: List of Locations Impacted,http://www.bing.com/news/apiclick.aspx?ref=FexRss&aid=&tid=6a450c4f04e347938a25a3f091964a4f&url=https%3a%2f%2fwww.newsweek.com%2fcvs-closing-270-stores-locations-impacted-2077982&c=15167923728816176235&mkt=en-us,www.bing.com,bing_rss,2025-05-28T08:25:00+00:00,2026-07-01T12:48:08+00:00,0.61,"In its recent annual report, filed in February, CVS announced that it would be closing 271 retail stores in 2025 as part of its ""enterprise-wide restructuring plan intended to streamline and simplify the organization."" This follows the closure of around 900 lo",CVS pharmacy closed location
02cc1f5e7e3fcd233a,Walgreens,"Chicago, IL",Chicago,IL,,,"Walgreens closes Midtown location, the eighth shuttered in three years",http://www.bing.com/news/apiclick.aspx?ref=FexRss&aid=&tid=6a450c64d0ce43cebb4b67df1c69debc&url=https%3a%2f%2fwww.yahoo.com%2fnews%2fus%2farticles%2fwalgreens-closes-midtown-location-eighth-185356837.html&c=16834571838889409791&mkt=en-us,www.bing.com,bing_rss,2026-06-23T12:12:00+00:00,2026-07-01T12:48:08+00:00,1.00,"Walgreens closes Midtown location, the eighth shuttered in three years Walgreens is closing its Midtown store due to safety concerns, leaving residents to find new pharmacy options.",Walgreens store closure location
38e34f09dd607c415b,Walgreens,"Chicago, IL",Chicago,IL,,,Walgreens to close Midtown store on Milwaukee’s North Avenue,http://www.bing.com/news/apiclick.aspx?ref=FexRss&aid=&tid=6a450c64d0ce43cebb4b67df1c69debc&url=https%3a%2f%2fwww.aol.com%2fnews%2fwalgreens-close-midtown-store-milwaukee-211103214.html&c=2184905918024052444&mkt=en-us,www.bing.com,bing_rss,2026-05-04T14:11:00+00:00,2026-07-01T12:48:08+00:00,1.00,"Walgreens to close Midtown store on Milwaukee’s North Avenue In another blow to Milwaukee’s grocery and pharmacy landscape, Walgreens has begun to notify customers that its midtown location at 2727 W.",Walgreens store closure location
71c0cdb6374469cbe2,Walgreens,,,,,,Local pharmacy chain steps in as Midtown Walgreens prepares to close,http://www.bing.com/news/apiclick.aspx?ref=FexRss&aid=&tid=6a450c64d0ce43cebb4b67df1c69debc&url=https%3a%2f%2fwww.msn.com%2fen-us%2fnews%2fus%2flocal-pharmacy-chain-steps-in-as-midtown-walgreens-prepares-to-close%2far-AA25dpGI&c=4811352347859923765&mkt=en-us,www.bing.com,bing_rss,2026-06-09T11:39:00+00:00,2026-07-01T12:48:08+00:00,0.37,"Local pharmacy chain steps in as Midtown Walgreens prepares to close With the Midtown Walgreens at 27th Street and North Avenue set to close on June 23, Hayat Pharmacy is encouraging residents to transfer prescriptions to the local chain.",Walgreens store closure location
ee7d371ebededd531e,Walgreens,,,,,,Walgreens closing numerous stores amid 'challenging' retail environment,http://www.bing.com/news/apiclick.aspx?ref=FexRss&aid=&tid=6a450c72a2854376855a916a648fbdb1&url=https%3a%2f%2fwww.wptv.com%2fbusiness%2fcompany-news%2fwalgreens-closing-numerous-stores-amid-challenging-retail-environment&c=6863907681722574937&mkt=en-us,www.bing.com,bing_rss,2024-06-26T22:44:00+00:00,2026-07-01T12:48:08+00:00,0.49,"Walgreens closing numerous stores amid 'challenging' retail environment Walgreens, one of America's largest pharmacy chains, announced early Thursday plans to close numerous stores across the U.S.",Walgreens closing stores
230ab8dd081a060027,Walgreens,"Chicago, IL",Chicago,IL,,,"Walgreens closes Midtown location, the eighth shuttered in three years",http://www.bing.com/news/apiclick.aspx?ref=FexRss&aid=&tid=6a450c72a2854376855a916a648fbdb1&url=https%3a%2f%2fwww.yahoo.com%2fnews%2fus%2farticles%2fwalgreens-closes-midtown-location-eighth-185356837.html&c=16834571838889409791&mkt=en-us,www.bing.com,bing_rss,2026-06-23T12:12:00+00:00,2026-07-01T12:48:08+00:00,1.00,"Walgreens closes Midtown location, the eighth shuttered in three years Walgreens is closing its Midtown store due to safety concerns, leaving residents to find new pharmacy options.",Walgreens closing stores
8466f7755d1097c463,Walgreens,,,,,,"Milwaukee Walgreens closed, 27th and North; what to know",http://www.bing.com/news/apiclick.aspx?ref=FexRss&aid=&tid=6a450c72a2854376855a916a648fbdb1&url=https%3a%2f%2fwww.msn.com%2fen-us%2flifestyle%2flifestyle-buzz%2fmilwaukee-walgreens-closed-27th-and-north-what-to-know%2far-AA26nJXv&c=902736325891801050&mkt=en-us,www.bing.com,bing_rss,2026-06-23T14:05:59+00:00,2026-07-01T12:48:08+00:00,0.26,"Milwaukee Walgreens closed, 27th and North; what to know A Walgreens location on Milwaukee's north side shut down on Tuesday.",Walgreens closing stores
a47011e46741364eb0,Walgreens,,,,,,"Walgreens to close Chatham store after more than $1M loss, cites theft and declining sales",http://www.bing.com/news/apiclick.aspx?ref=FexRss&aid=&tid=6a450c72a2854376855a916a648fbdb1&url=https%3a%2f%2fwww.aol.com%2fnews%2fwalgreens-close-chatham-store-more-023340460.html&c=6188010764375494095&mkt=en-us,www.bing.com,bing_rss,2026-05-09T16:59:00+00:00,2026-07-01T12:48:08+00:00,0.90,"Walgreens to close Chatham store after more than $1M loss, cites theft and declining sales CHICAGO - For the first time, Walgreens is revealing some of the specific financial problems that prompted it to close a longtime location on Chicago's South Side.",Walgreens closing stores
cbb98beb37874df081,Walgreens,"Chicago, IL",Chicago,IL,,,Walgreens to close Midtown store on Milwaukee’s North Avenue,http://www.bing.com/news/apiclick.aspx?ref=FexRss&aid=&tid=6a450c72a2854376855a916a648fbdb1&url=https%3a%2f%2fwww.aol.com%2farticles%2fwalgreens-close-midtown-store-milwaukee-211103214.html&c=2790933303493612534&mkt=en-us,www.bing.com,bing_rss,2026-05-07T14:56:00+00:00,2026-07-01T12:48:08+00:00,1.00,"Walgreens to close Midtown store on Milwaukee’s North Avenue In another blow to Milwaukee's grocery and pharmacy landscape, Walgreens has begun to notify customers that its midtown location at 2727 W.",Walgreens closing stores
a10a77832e45798c32,Walgreens,"Chicago, IL",Chicago,IL,,,"Walgreens closes Midtown location, the eighth shuttered in three years",http://www.bing.com/news/apiclick.aspx?ref=FexRss&aid=&tid=6a450c870fdd4669a6d88b0dd602d659&url=https%3a%2f%2fwww.yahoo.com%2fnews%2fus%2farticles%2fwalgreens-closes-midtown-location-eighth-185356837.html&c=16834571838889409791&mkt=en-us,www.bing.com,bing_rss,2026-06-23T12:12:00+00:00,2026-07-01T12:48:08+00:00,1.00,"Walgreens closes Midtown location, the eighth shuttered in three years Walgreens is closing its Midtown store due to safety concerns, leaving residents to find new pharmacy options.",Walgreens pharmacy closed location
5b34b75e3f98db8804,Walgreens,,,,,,Local pharmacy chain steps in as Midtown Walgreens prepares to close,http://www.bing.com/news/apiclick.aspx?ref=FexRss&aid=&tid=6a450c870fdd4669a6d88b0dd602d659&url=https%3a%2f%2fwww.msn.com%2fen-us%2fnews%2fus%2flocal-pharmacy-chain-steps-in-as-midtown-walgreens-prepares-to-close%2far-AA25dpGI&c=4811352347859923765&mkt=en-us,www.bing.com,bing_rss,2026-06-09T11:39:00+00:00,2026-07-01T12:48:08+00:00,0.37,"Local pharmacy chain steps in as Midtown Walgreens prepares to close With the Midtown Walgreens at 27th Street and North Avenue set to close on June 23, Hayat Pharmacy is encouraging residents to transfer prescriptions to the local chain.",Walgreens pharmacy closed location
e59d6ce094e3c092c3,CVS,,,,,,CVS Closing 270 Stores Nationwide: List of Locations Impacted,http://www.bing.com/news/apiclick.aspx?ref=FexRss&aid=&tid=6a46579ea18d47a0b958d7a86837dfbf&url=https%3a%2f%2fwww.newsweek.com%2fcvs-closing-270-stores-locations-impacted-2077982&c=15167923728816176235&mkt=en-us,www.bing.com,bing_rss,2025-05-28T08:25:00+00:00,2026-07-02T12:22:00+00:00,0.61,"In its recent annual report, filed in February, CVS announced that it would be closing 271 retail stores in 2025 as part of its ""enterprise-wide restructuring plan intended to streamline and simplify the organization."" This follows the closure of around 900 lo",CVS store closure location
be409832e725bcee47,CVS,,,,,,CVS warns it may have to close over 100 more stores,http://www.bing.com/news/apiclick.aspx?ref=FexRss&aid=&tid=6a46579ea18d47a0b958d7a86837dfbf&url=https%3a%2f%2fwww.thestreet.com%2fhealth%2fcvs-fights-law-that-could-force-134-stores-to-close-fair-rx&c=2158066446006967284&mkt=en-us,www.bing.com,bing_rss,2026-04-23T12:18:00+00:00,2026-07-02T12:22:00+00:00,0.37,"CVS warns it may have to close over 100 more stores A sweeping new health care law is setting up a high-stakes battle over prescription drug pricing, corporate power, and patient access.",CVS store closure location
cc4a482846f5e32f64,CVS,,,,,,CVS Closing 270 Stores Nationwide: List of Locations Impacted,http://www.bing.com/news/apiclick.aspx?ref=FexRss&aid=&tid=6a4657b0d1db4da2a273c0bbb78b9025&url=https%3a%2f%2fwww.newsweek.com%2fcvs-closing-270-stores-locations-impacted-2077982&c=15167923728816176235&mkt=en-us,www.bing.com,bing_rss,2025-05-28T08:25:00+00:00,2026-07-02T12:22:00+00:00,0.61,"In its recent annual report, filed in February, CVS announced that it would be closing 271 retail stores in 2025 as part of its ""enterprise-wide restructuring plan intended to streamline and simplify the organization."" This follows the closure of around 900 lo",CVS closing stores
bb60dcab371bddfc88,CVS,,,,,,CVS fights law that could force over 100 stores to close,http://www.bing.com/news/apiclick.aspx?ref=FexRss&aid=&tid=6a4657b0d1db4da2a273c0bbb78b9025&url=https%3a%2f%2fwww.aol.com%2ffinance%2fcvs-fights-law-could-force-161300320.html&c=6327375268730961832&mkt=en-us,www.bing.com,bing_rss,2026-04-22T16:59:00+00:00,2026-07-02T12:22:00+00:00,0.61,"CVS fights law that could force over 100 stores to close A sweeping new health care law is setting up a high-stakes battle over prescription drug pricing, corporate power, and patient access.",CVS closing stores
20f31d0f68d6a8fe75,CVS,,,,,,"US store closings up 69% in 2024 amid Big Lots, CVS, Family Dollar cuts",http://www.bing.com/news/apiclick.aspx?ref=FexRss&aid=&tid=6a4657b0d1db4da2a273c0bbb78b9025&url=https%3a%2f%2fwww.abc15.com%2fbusiness%2fcompany-news%2fus-store-closings-up-69-in-2024-amid-big-lots-cvs-family-dollar-cuts&c=938104820326025808&mkt=en-us,www.bing.com,bing_rss,2024-12-19T02:19:00+00:00,2026-07-02T12:22:00+00:00,0.90,"RELATED STORY | Big Lots files for bankruptcy, says more stores could close Family Dollar has closed the largest number of stores, with 718 confirmed closings.",CVS closing stores
85aa1293f7b6b7f0e9,CVS,,,,,,CVS Closing 270 Stores Nationwide: List of Locations Impacted,http://www.bing.com/news/apiclick.aspx?ref=FexRss&aid=&tid=6a4657be92124f599d9adebdbe833e79&url=https%3a%2f%2fwww.newsweek.com%2fcvs-closing-270-stores-locations-impacted-2077982&c=15167923728816176235&mkt=en-us,www.bing.com,bing_rss,2025-05-28T08:25:00+00:00,2026-07-02T12:22:00+00:00,0.61,"In its recent annual report, filed in February, CVS announced that it would be closing 271 retail stores in 2025 as part of its ""enterprise-wide restructuring plan intended to streamline and simplify the organization."" This follows the closure of around 900 lo",CVS pharmacy closed location
427bdeca3068217157,Walgreens,"Chicago, IL",Chicago,IL,,,"Walgreens closes Midtown location, the eighth shuttered in three years",http://www.bing.com/news/apiclick.aspx?ref=FexRss&aid=&tid=6a4657cf257042fcb2b4f324c42f01b7&url=https%3a%2f%2fwww.yahoo.com%2fnews%2fus%2farticles%2fwalgreens-closes-midtown-location-eighth-185356837.html&c=16834571838889409791&mkt=en-us,www.bing.com,bing_rss,2026-06-23T12:12:00+00:00,2026-07-02T12:22:00+00:00,1.00,"Walgreens closes Midtown location, the eighth shuttered in three years Walgreens is closing its Midtown store due to safety concerns, leaving residents to find new pharmacy options.",Walgreens store closure location
ea07c319b681dac672,Walgreens,"Chicago, IL",Chicago,IL,,,Walgreens to close Midtown store on Milwaukee’s North Avenue,http://www.bing.com/news/apiclick.aspx?ref=FexRss&aid=&tid=6a4657cf257042fcb2b4f324c42f01b7&url=https%3a%2f%2fwww.aol.com%2fnews%2fwalgreens-close-midtown-store-milwaukee-211103214.html&c=2184905918024052444&mkt=en-us,www.bing.com,bing_rss,2026-05-04T14:11:00+00:00,2026-07-02T12:22:00+00:00,1.00,"Walgreens to close Midtown store on Milwaukee’s North Avenue In another blow to Milwaukee’s grocery and pharmacy landscape, Walgreens has begun to notify customers that its midtown location at 2727 W.",Walgreens store closure location
23f5aa67c1b9d09c58,Walgreens,,,,,,Local pharmacy chain steps in as Midtown Walgreens prepares to close,http://www.bing.com/news/apiclick.aspx?ref=FexRss&aid=&tid=6a4657cf257042fcb2b4f324c42f01b7&url=https%3a%2f%2fwww.msn.com%2fen-us%2fnews%2fus%2flocal-pharmacy-chain-steps-in-as-midtown-walgreens-prepares-to-close%2far-AA25dpGI&c=4811352347859923765&mkt=en-us,www.bing.com,bing_rss,2026-06-09T11:39:00+00:00,2026-07-02T12:22:00+00:00,0.37,"Local pharmacy chain steps in as Midtown Walgreens prepares to close With the Midtown Walgreens at 27th Street and North Avenue set to close on June 23, Hayat Pharmacy is encouraging residents to transfer prescriptions to the local chain.",Walgreens store closure location
f39265964ec645b574,Walgreens,,,,,,Walgreens closing numerous stores amid 'challenging' retail environment,http://www.bing.com/news/apiclick.aspx?ref=FexRss&aid=&tid=6a4657dd1573499786ea27552b202eb2&url=https%3a%2f%2fwww.wptv.com%2fbusiness%2fcompany-news%2fwalgreens-closing-numerous-stores-amid-challenging-retail-environment&c=6863907681722574937&mkt=en-us,www.bing.com,bing_rss,2024-06-26T22:44:00+00:00,2026-07-02T12:22:00+00:00,0.49,"Walgreens closing numerous stores amid 'challenging' retail environment Walgreens, one of America's largest pharmacy chains, announced early Thursday plans to close numerous stores across the U.S.",Walgreens closing stores
d4afee324fc37334c7,Walgreens,"Chicago, IL",Chicago,IL,,,"Walgreens closes Midtown location, the eighth shuttered in three years",http://www.bing.com/news/apiclick.aspx?ref=FexRss&aid=&tid=6a4657dd1573499786ea27552b202eb2&url=https%3a%2f%2fwww.yahoo.com%2fnews%2fus%2farticles%2fwalgreens-closes-midtown-location-eighth-185356837.html&c=16834571838889409791&mkt=en-us,www.bing.com,bing_rss,2026-06-23T12:12:00+00:00,2026-07-02T12:22:00+00:00,1.00,"Walgreens closes Midtown location, the eighth shuttered in three years Walgreens is closing its Midtown store due to safety concerns, leaving residents to find new pharmacy options.",Walgreens closing stores
38b41cf9af17469568,Walgreens,,,,,,"Walgreens to close Chatham store after more than $1M loss, cites theft and declining sales",http://www.bing.com/news/apiclick.aspx?ref=FexRss&aid=&tid=6a4657dd1573499786ea27552b202eb2&url=https%3a%2f%2fwww.aol.com%2fnews%2fwalgreens-close-chatham-store-more-023340460.html&c=6188010764375494095&mkt=en-us,www.bing.com,bing_rss,2026-05-09T16:59:00+00:00,2026-07-02T12:22:00+00:00,0.90,"Walgreens to close Chatham store after more than $1M loss, cites theft and declining sales CHICAGO - For the first time, Walgreens is revealing some of the specific financial problems that prompted it to close a longtime location on Chicago's South Side.",Walgreens closing stores
7fce2bcda529067ad9,Walgreens,,,,,,Walgreens pharmacy on Cottage Grove in Chatham set to close Thursday,http://www.bing.com/news/apiclick.aspx?ref=FexRss&aid=&tid=6a4657dd1573499786ea27552b202eb2&url=https%3a%2f%2fabc7chicago.com%2fpost%2fchicago-store-closing-walgreens-pharmacy-86th-street-cottage-grove-chatham-set-close-thursday%2f19232450%2f%3fuserab%3dkabc_content_recs-577*variant_c_trending-2482%2cwls_content_recs-584*variant_b_trending_wls-2517%2cwtvd_content_recs-585*variant_a_control_wtvd-2518%2cktrk_content_recs-587*variant_b_trending_ktrk-2523%2cwpvi_content_recs-586*variant_b_trending_wpvi-2521%2cotv_web_content_rec-539*variant_c_trending-2268%2cotv_web_topic-580*variant_a_topic-2508%2cotv_search_page_design_unification-546*variant_b_search_redesign-2300%2ckgo_content_recs-583*variant_a_control_kgo-2514%2cabcn_popular_reads_exp-542*variant_b_7days_filter-2288&c=4792355149292572720&mkt=en-us,www.bing.com,bing_rss,2026-06-03T17:00:00+00:00,2026-07-02T12:22:00+00:00,0.84,Walgreens pharmacy on Cottage Grove in Chatham set to close Thursday CHICAGO (WLS) -- The Walgreens at 86th Street and Cottage Grove Avenue in Chatham is set to close Thursday.,Walgreens closing stores
63ea8425517e30adf5,Walgreens,"Chicago, IL",Chicago,IL,,,"Walgreens closes Midtown location, the eighth shuttered in three years",http://www.bing.com/news/apiclick.aspx?ref=FexRss&aid=&tid=6a4657e7f351474cbbcf6ffe1dd5f110&url=https%3a%2f%2fwww.yahoo.com%2fnews%2fus%2farticles%2fwalgreens-closes-midtown-location-eighth-185356837.html&c=16834571838889409791&mkt=en-us,www.bing.com,bing_rss,2026-06-23T12:12:00+00:00,2026-07-02T12:22:00+00:00,1.00,"Walgreens closes Midtown location, the eighth shuttered in three years Walgreens is closing its Midtown store due to safety concerns, leaving residents to find new pharmacy options.",Walgreens pharmacy closed location
fc07eba13792c6d521,Walgreens,,,,,,Local pharmacy chain steps in as Midtown Walgreens prepares to close,http://www.bing.com/news/apiclick.aspx?ref=FexRss&aid=&tid=6a4657e7f351474cbbcf6ffe1dd5f110&url=https%3a%2f%2fwww.msn.com%2fen-us%2fnews%2fus%2flocal-pharmacy-chain-steps-in-as-midtown-walgreens-prepares-to-close%2far-AA25dpGI&c=4811352347859923765&mkt=en-us,www.bing.com,bing_rss,2026-06-09T11:39:00+00:00,2026-07-02T12:22:00+00:00,0.37,"Local pharmacy chain steps in as Midtown Walgreens prepares to close With the Midtown Walgreens at 27th Street and North Avenue set to close on June 23, Hayat Pharmacy is encouraging residents to transfer prescriptions to the local chain.",Walgreens pharmacy closed location
8d8a5f6e8c2098c93f,Walgreens,,,,,,Walgreens to close Midtown store on Milwaukee’s North Avenue,http://www.bing.com/news/apiclick.aspx?ref=FexRss&aid=&tid=6a4657e7f351474cbbcf6ffe1dd5f110&url=https%3a%2f%2fwww.msn.com%2fen-us%2fnews%2fother%2fwalgreens-to-close-midtown-store-on-milwaukee-s-north-avenue%2far-AA22nH5N&c=13671027700461977555&mkt=en-us,www.bing.com,bing_rss,2026-05-04T14:19:00+00:00,2026-07-02T12:22:00+00:00,0.72,"Walgreens to close Midtown store on Milwaukee’s North Avenue In another blow to Milwaukee’s grocery and pharmacy landscape, Walgreens has begun to notify customers that its midtown location at 2727 W.",Walgreens pharmacy closed location
37614c648e84e387fe,CVS,,,,,,CVS Closing 270 Stores Nationwide: List of Locations Impacted,http://www.bing.com/news/apiclick.aspx?ref=FexRss&aid=&tid=6a47a8c552314ca2b5de2996a4c0eb57&url=https%3a%2f%2fwww.newsweek.com%2fcvs-closing-270-stores-locations-impacted-2077982&c=15167923728816176235&mkt=en-us,www.bing.com,bing_rss,2025-05-28T08:25:00+00:00,2026-07-03T12:20:08+00:00,0.61,"In its recent annual report, filed in February, CVS announced that it would be closing 271 retail stores in 2025 as part of its ""enterprise-wide restructuring plan intended to streamline and simplify the organization."" This follows the closure of around 900 lo",CVS store closure location
81598a564592767961,CVS,,,,,,CVS warns it may have to close over 100 more stores,http://www.bing.com/news/apiclick.aspx?ref=FexRss&aid=&tid=6a47a8c552314ca2b5de2996a4c0eb57&url=https%3a%2f%2fwww.thestreet.com%2fhealth%2fcvs-fights-law-that-could-force-134-stores-to-close-fair-rx&c=2158066446006967284&mkt=en-us,www.bing.com,bing_rss,2026-04-23T12:18:00+00:00,2026-07-03T12:20:08+00:00,0.37,"CVS warns it may have to close over 100 more stores A sweeping new health care law is setting up a high-stakes battle over prescription drug pricing, corporate power, and patient access.",CVS store closure location
436f5cdbd4b74be430,CVS,,,,,,CVS fights law that could force over 100 stores to close,http://www.bing.com/news/apiclick.aspx?ref=FexRss&aid=&tid=6a47a8c552314ca2b5de2996a4c0eb57&url=https%3a%2f%2fwww.msn.com%2fen-us%2fhealth%2fother%2fcvs-fights-law-that-could-force-over-100-stores-to-close%2far-AA21zQvb&c=11080782629388182880&mkt=en-us,www.bing.com,bing_rss,2026-04-23T12:25:00+00:00,2026-07-03T12:20:08+00:00,0.37,"CVS fights law that could force over 100 stores to close A sweeping new health care law is setting up a high-stakes battle over prescription drug pricing, corporate power, and patient access.",CVS store closure location
338699c6fcbc2b4bb3,CVS,,,,,,CVS Closing 270 Stores Nationwide: List of Locations Impacted,http://www.bing.com/news/apiclick.aspx?ref=FexRss&aid=&tid=6a47a8cf1edb47f09d308cf1ab447f9f&url=https%3a%2f%2fwww.newsweek.com%2fcvs-closing-270-stores-locations-impacted-2077982&c=15167923728816176235&mkt=en-us,www.bing.com,bing_rss,2025-05-28T08:25:00+00:00,2026-07-03T12:20:08+00:00,0.61,"In its recent annual report, filed in February, CVS announced that it would be closing 271 retail stores in 2025 as part of its ""enterprise-wide restructuring plan intended to streamline and simplify the organization."" This follows the closure of around 900 lo",CVS closing stores
5e3d0432a1ca918b54,CVS,,,,,,CVS fights law that could force over 100 stores to close,http://www.bing.com/news/apiclick.aspx?ref=FexRss&aid=&tid=6a47a8cf1edb47f09d308cf1ab447f9f&url=https%3a%2f%2fwww.aol.com%2ffinance%2fcvs-fights-law-could-force-161300320.html&c=6327375268730961832&mkt=en-us,www.bing.com,bing_rss,2026-04-23T09:14:00+00:00,2026-07-03T12:20:08+00:00,0.61,"CVS fights law that could force over 100 stores to close A sweeping new health care law is setting up a high-stakes battle over prescription drug pricing, corporate power, and patient access.",CVS closing stores
2d39244bc584c28012,CVS,,,,,,"US store closings up 69% in 2024 amid Big Lots, CVS, Family Dollar cuts",http://www.bing.com/news/apiclick.aspx?ref=FexRss&aid=&tid=6a47a8cf1edb47f09d308cf1ab447f9f&url=https%3a%2f%2fwww.abc15.com%2fbusiness%2fcompany-news%2fus-store-closings-up-69-in-2024-amid-big-lots-cvs-family-dollar-cuts&c=938104820326025808&mkt=en-us,www.bing.com,bing_rss,2024-12-19T02:19:00+00:00,2026-07-03T12:20:08+00:00,0.90,"RELATED STORY | Big Lots files for bankruptcy, says more stores could close Family Dollar has closed the largest number of stores, with 718 confirmed closings.",CVS closing stores
5d48375427bee27714,CVS,,,,,,What new : Target opening soon in Perris – Daily Bulletin,https://www.dailybulletin.com/2026/06/29/whats-new-target-opening-soon-in-perris/,www.dailybulletin.com,gdelt,20260629T183000Z,2026-07-03T12:20:08+00:00,0.26,Claim Jumper closes: Food reporter Fielding Buck shared the news last week that Claim Jumper had closed its San Bernardino location at E.,CVS pharmacy closed location
b0f4f420bb39aa0670,CVS,,,,,,CVS Closing 270 Stores Nationwide: List of Locations Impacted,http://www.bing.com/news/apiclick.aspx?ref=FexRss&aid=&tid=6a47a8db61f84d35bb172596b13d1b1d&url=https%3a%2f%2fwww.newsweek.com%2fcvs-closing-270-stores-locations-impacted-2077982&c=15167923728816176235&mkt=en-us,www.bing.com,bing_rss,2025-05-28T08:25:00+00:00,2026-07-03T12:20:08+00:00,0.61,"In its recent annual report, filed in February, CVS announced that it would be closing 271 retail stores in 2025 as part of its ""enterprise-wide restructuring plan intended to streamline and simplify the organization."" This follows the closure of around 900 lo",CVS pharmacy closed location
ed9c65d359d58f6800,Walgreens,"Chicago, IL",Chicago,IL,,,Walgreens to close Midtown store on Milwaukee’s North Avenue,http://www.bing.com/news/apiclick.aspx?ref=FexRss&aid=&tid=6a47a8e4752e4f57a517d7393da3eab2&url=https%3a%2f%2fwww.aol.com%2fnews%2fwalgreens-close-midtown-store-milwaukee-211103214.html&c=2184905918024052444&mkt=en-us,www.bing.com,bing_rss,2026-05-04T14:11:00+00:00,2026-07-03T12:20:08+00:00,1.00,"Walgreens to close Midtown store on Milwaukee’s North Avenue In another blow to Milwaukee’s grocery and pharmacy landscape, Walgreens has begun to notify customers that its midtown location at 2727 W.",Walgreens store closure location
8c18cab03855b1e3bf,Walgreens,,,,,,Local pharmacy chain steps in as Midtown Walgreens prepares to close,http://www.bing.com/news/apiclick.aspx?ref=FexRss&aid=&tid=6a47a8e4752e4f57a517d7393da3eab2&url=https%3a%2f%2fwww.msn.com%2fen-us%2fnews%2fus%2flocal-pharmacy-chain-steps-in-as-midtown-walgreens-prepares-to-close%2far-AA25dpGI&c=4811352347859923765&mkt=en-us,www.bing.com,bing_rss,2026-06-09T11:39:00+00:00,2026-07-03T12:20:08+00:00,0.37,"Local pharmacy chain steps in as Midtown Walgreens prepares to close With the Midtown Walgreens at 27th Street and North Avenue set to close on June 23, Hayat Pharmacy is encouraging residents to transfer prescriptions to the local chain.",Walgreens store closure location
005a37b5a51beaf32d,Walgreens,,,,,,Walgreens closing numerous stores amid 'challenging' retail environment,http://www.bing.com/news/apiclick.aspx?ref=FexRss&aid=&tid=6a47a8eece264f8ea392db98ffa0417f&url=https%3a%2f%2fwww.wptv.com%2fbusiness%2fcompany-news%2fwalgreens-closing-numerous-stores-amid-challenging-retail-environment&c=6863907681722574937&mkt=en-us,www.bing.com,bing_rss,2024-06-26T22:44:00+00:00,2026-07-03T12:20:08+00:00,0.49,"Walgreens closing numerous stores amid 'challenging' retail environment Walgreens, one of America's largest pharmacy chains, announced early Thursday plans to close numerous stores across the U.S.",Walgreens closing stores
86413702f1c5b786c2,Walgreens,"Chicago, IL",Chicago,IL,,,"Walgreens closes Midtown location, the eighth shuttered in three years",http://www.bing.com/news/apiclick.aspx?ref=FexRss&aid=&tid=6a47a8eece264f8ea392db98ffa0417f&url=https%3a%2f%2fwww.yahoo.com%2fnews%2fus%2farticles%2fwalgreens-closes-midtown-location-eighth-185356837.html&c=16834571838889409791&mkt=en-us,www.bing.com,bing_rss,2026-06-23T12:12:00+00:00,2026-07-03T12:20:08+00:00,1.00,"Walgreens closes Midtown location, the eighth shuttered in three years Walgreens is closing its Midtown store due to safety concerns, leaving residents to find new pharmacy options.",Walgreens closing stores
e989fdfc282634b400,Walgreens,,,,,,"Walgreens to close Chatham store after more than $1M loss, cites theft and declining sales",http://www.bing.com/news/apiclick.aspx?ref=FexRss&aid=&tid=6a47a8eece264f8ea392db98ffa0417f&url=https%3a%2f%2fwww.aol.com%2fnews%2fwalgreens-close-chatham-store-more-023340460.html&c=6188010764375494095&mkt=en-us,www.bing.com,bing_rss,2026-05-09T16:59:00+00:00,2026-07-03T12:20:08+00:00,0.90,"Walgreens to close Chatham store after more than $1M loss, cites theft and declining sales CHICAGO - For the first time, Walgreens is revealing some of the specific financial problems that prompted it to close a longtime location on Chicago's South Side.",Walgreens closing stores
32d2ce196335ce966c,Walgreens,"Washington, DC",Washington,DC,,,"More than 2,000 stores are set to close across the US in 2026. Here's the list.",http://www.bing.com/news/apiclick.aspx?ref=FexRss&aid=&tid=6a47a8eece264f8ea392db98ffa0417f&url=https%3a%2f%2fwww.businessinsider.com%2fstores-closing-in-2026-list&c=10505950347651320043&mkt=en-us,www.bing.com,bing_rss,2026-04-29T11:56:00+00:00,2026-07-03T12:20:08+00:00,1.00,"More than 2,000 stores are set to close across the US in 2026.",Walgreens closing stores
684b2ece46940c8bea,Walgreens,,,,,,"Walgreens will close Chicago store due to theft, violence",http://www.bing.com/news/apiclick.aspx?ref=FexRss&aid=&tid=6a47a8eece264f8ea392db98ffa0417f&url=https%3a%2f%2fwww.supermarketnews.com%2fnonfood-pharmacy%2fwalgreens-closes-chicago-store-due-to-theft-violence&c=17326281027672621165&mkt=en-us,www.bing.com,bing_rss,2026-05-06T17:01:00+00:00,2026-07-03T12:20:08+00:00,0.90,"Walgreens will close Chicago store due to theft, violence Walgreens is closing a location on Chicago's South Side due to theft and violence, according to multiple reports.",Walgreens closing stores
a964c6bbaa0f694575,Walgreens,,,,,,"Milwaukee Walgreens closed, 27th and North; what to know",http://www.bing.com/news/apiclick.aspx?ref=FexRss&aid=&tid=6a47a8eece264f8ea392db98ffa0417f&url=https%3a%2f%2fwww.aol.com%2fnews%2fmilwaukee-walgreens-closed-27th-north-210559801.html&c=14334300818989621537&mkt=en-us,www.bing.com,bing_rss,2026-06-23T21:05:00+00:00,2026-07-03T12:20:08+00:00,0.73,"Milwaukee Walgreens closed, 27th and North; what to know A Walgreens location on Milwaukee's north side shut down on Tuesday.",Walgreens closing stores
58c662b30a0efda315,Walgreens,"Chicago, IL",Chicago,IL,,,"Walgreens closes Midtown location, the eighth shuttered in three years",http://www.bing.com/news/apiclick.aspx?ref=FexRss&aid=&tid=6a47a8f8edf148b79545ad7a3c0945af&url=https%3a%2f%2fwww.yahoo.com%2fnews%2fus%2farticles%2fwalgreens-closes-midtown-location-eighth-185356837.html&c=16834571838889409791&mkt=en-us,www.bing.com,bing_rss,2026-06-23T12:12:00+00:00,2026-07-03T12:20:08+00:00,1.00,"Walgreens closes Midtown location, the eighth shuttered in three years Walgreens is closing its Midtown store due to safety concerns, leaving residents to find new pharmacy options.",Walgreens pharmacy closed location
e348453e1bc7f82e7d,Walgreens,,,,,,"Milwaukee Walgreens closed, 27th and North; what to know",http://www.bing.com/news/apiclick.aspx?ref=FexRss&aid=&tid=6a47a8f8edf148b79545ad7a3c0945af&url=https%3a%2f%2fwww.msn.com%2fen-us%2flifestyle%2flifestyle-buzz%2fmilwaukee-walgreens-closed-27th-and-north-what-to-know%2far-AA26nJXv&c=902736325891801050&mkt=en-us,www.bing.com,bing_rss,2026-06-23T18:33:00+00:00,2026-07-03T12:20:08+00:00,0.26,"Milwaukee Walgreens closed, 27th and North; what to know A Walgreens location on Milwaukee's north side shut down on Tuesday.",Walgreens pharmacy closed location
72197b58b8568717e0,CVS,,,,,,CVS Closing 270 Stores Nationwide: List of Locations Impacted,http://www.bing.com/news/apiclick.aspx?ref=FexRss&aid=&tid=6a48f217ec644a15a6bae2e09ffeae24&url=https%3a%2f%2fwww.newsweek.com%2fcvs-closing-270-stores-locations-impacted-2077982&c=15167923728816176235&mkt=en-us,www.bing.com,bing_rss,2025-05-28T08:25:00+00:00,2026-07-04T11:45:20+00:00,0.61,"In its recent annual report, filed in February, CVS announced that it would be closing 271 retail stores in 2025 as part of its ""enterprise-wide restructuring plan intended to streamline and simplify the organization."" This follows the closure of around 900 lo",CVS store closure location
6d1b7e69a523de70ab,CVS,,,,,,"What’s open and closed on July 4th: Grocery stores, pharmacies, retail, coffee shops",http://www.bing.com/news/apiclick.aspx?ref=FexRss&aid=&tid=6a48f217ec644a15a6bae2e09ffeae24&url=https%3a%2f%2fwww.news4jax.com%2fnews%2flocal%2f2026%2f07%2f03%2fwhats-open-and-closed-on-july-4th-grocery-stores-pharmacies-retail-coffee-shops%2f&c=8859045000603910903&mkt=en-us,www.bing.com,bing_rss,2026-07-03T06:29:00+00:00,2026-07-04T11:45:20+00:00,0.49,"What’s open and closed on July 4th: Grocery stores, pharmacies, retail, coffee shops Planning to pick up last-minute supplies for your Fourth of July cookout?",CVS store closure location
ed528ce05d8e05da5a,CVS,,,,,,CVS Closing 270 Stores Nationwide: List of Locations Impacted,http://www.bing.com/news/apiclick.aspx?ref=FexRss&aid=&tid=6a48f221e0944703b1ff139fd17421f8&url=https%3a%2f%2fwww.newsweek.com%2fcvs-closing-270-stores-locations-impacted-2077982&c=15167923728816176235&mkt=en-us,www.bing.com,bing_rss,2025-05-28T08:25:00+00:00,2026-07-04T11:45:20+00:00,0.61,"In its recent annual report, filed in February, CVS announced that it would be closing 271 retail stores in 2025 as part of its ""enterprise-wide restructuring plan intended to streamline and simplify the organization."" This follows the closure of around 900 lo",CVS closing stores
fc2675bc84033f9fa7,CVS,,,,,,CVS fights law that could force over 100 stores to close,http://www.bing.com/news/apiclick.aspx?ref=FexRss&aid=&tid=6a48f221e0944703b1ff139fd17421f8&url=https%3a%2f%2fwww.aol.com%2ffinance%2fcvs-fights-law-could-force-161300320.html&c=6327375268730961832&mkt=en-us,www.bing.com,bing_rss,2026-04-22T16:59:00+00:00,2026-07-04T11:45:20+00:00,0.61,"CVS fights law that could force over 100 stores to close A sweeping new health care law is setting up a high-stakes battle over prescription drug pricing, corporate power, and patient access.",CVS closing stores
8f9f1579b9bf8585e0,CVS,,,,,,"US store closings up 69% in 2024 amid Big Lots, CVS, Family Dollar cuts",http://www.bing.com/news/apiclick.aspx?ref=FexRss&aid=&tid=6a48f221e0944703b1ff139fd17421f8&url=https%3a%2f%2fwww.abc15.com%2fbusiness%2fcompany-news%2fus-store-closings-up-69-in-2024-amid-big-lots-cvs-family-dollar-cuts&c=938104820326025808&mkt=en-us,www.bing.com,bing_rss,2024-12-19T02:19:00+00:00,2026-07-04T11:45:20+00:00,0.90,"RELATED STORY | Big Lots files for bankruptcy, says more stores could close Family Dollar has closed the largest number of stores, with 718 confirmed closings.",CVS closing stores
fbaf453839534b4ef5,CVS,,,,,,CVS Closing 270 Stores Nationwide: List of Locations Impacted,http://www.bing.com/news/apiclick.aspx?ref=FexRss&aid=&tid=6a48f230eaf54243b11093442600f437&url=https%3a%2f%2fwww.newsweek.com%2fcvs-closing-270-stores-locations-impacted-2077982&c=15167923728816176235&mkt=en-us,www.bing.com,bing_rss,2025-05-28T08:25:00+00:00,2026-07-04T11:45:20+00:00,0.61,"In its recent annual report, filed in February, CVS announced that it would be closing 271 retail stores in 2025 as part of its ""enterprise-wide restructuring plan intended to streamline and simplify the organization."" This follows the closure of around 900 lo",CVS pharmacy closed location
64ed0323b1af6d925b,Walgreens,"Chicago, IL",Chicago,IL,,,"Walgreens closes Midtown location, the eighth shuttered in three years",http://www.bing.com/news/apiclick.aspx?ref=FexRss&aid=&tid=6a48f23a20cf44fb870ecccd0dbbc55e&url=https%3a%2f%2fwww.yahoo.com%2fnews%2fus%2farticles%2fwalgreens-closes-midtown-location-eighth-185356837.html&c=16834571838889409791&mkt=en-us,www.bing.com,bing_rss,2026-06-23T12:12:00+00:00,2026-07-04T11:45:20+00:00,1.00,"Walgreens closes Midtown location, the eighth shuttered in three years Walgreens is closing its Midtown store due to safety concerns, leaving residents to find new pharmacy options.",Walgreens store closure location
87daa59c4866588062,Walgreens,"Chicago, IL",Chicago,IL,,,Walgreens to close Midtown store on Milwaukee’s North Avenue,http://www.bing.com/news/apiclick.aspx?ref=FexRss&aid=&tid=6a48f23a20cf44fb870ecccd0dbbc55e&url=https%3a%2f%2fwww.aol.com%2fnews%2fwalgreens-close-midtown-store-milwaukee-211103214.html&c=2184905918024052444&mkt=en-us,www.bing.com,bing_rss,2026-05-04T14:11:00+00:00,2026-07-04T11:45:20+00:00,1.00,"Walgreens to close Midtown store on Milwaukee’s North Avenue In another blow to Milwaukee’s grocery and pharmacy landscape, Walgreens has begun to notify customers that its midtown location at 2727 W.",Walgreens store closure location
bb0fbbc35db3213292,Walgreens,,,,,,Local pharmacy chain steps in as Midtown Walgreens prepares to close,http://www.bing.com/news/apiclick.aspx?ref=FexRss&aid=&tid=6a48f23a20cf44fb870ecccd0dbbc55e&url=https%3a%2f%2fwww.msn.com%2fen-us%2fnews%2fus%2flocal-pharmacy-chain-steps-in-as-midtown-walgreens-prepares-to-close%2far-AA25dpGI&c=4811352347859923765&mkt=en-us,www.bing.com,bing_rss,2026-06-09T11:39:00+00:00,2026-07-04T11:45:20+00:00,0.37,"Local pharmacy chain steps in as Midtown Walgreens prepares to close With the Midtown Walgreens at 27th Street and North Avenue set to close on June 23, Hayat Pharmacy is encouraging residents to transfer prescriptions to the local chain.",Walgreens store closure location
4a024452c2772db3ee,Walgreens,"Chicago, IL",Chicago,IL,,,"Walgreens closes Midtown location, the eighth shuttered in three years",http://www.bing.com/news/apiclick.aspx?ref=FexRss&aid=&tid=6a48f243bb5b462b8d091a25960c603e&url=https%3a%2f%2fwww.yahoo.com%2fnews%2fus%2farticles%2fwalgreens-closes-midtown-location-eighth-185356837.html&c=16834571838889409791&mkt=en-us,www.bing.com,bing_rss,2026-06-23T12:12:00+00:00,2026-07-04T11:45:20+00:00,1.00,"Walgreens closes Midtown location, the eighth shuttered in three years Walgreens is closing its Midtown store due to safety concerns, leaving residents to find new pharmacy options.",Walgreens closing stores
fb362a518fc397b6f6,Walgreens,,,,,,"Walgreens to close Chatham store after more than $1M loss, cites theft and declining sales",http://www.bing.com/news/apiclick.aspx?ref=FexRss&aid=&tid=6a48f243bb5b462b8d091a25960c603e&url=https%3a%2f%2fwww.aol.com%2fnews%2fwalgreens-close-chatham-store-more-023340460.html&c=6188010764375494095&mkt=en-us,www.bing.com,bing_rss,2026-05-09T16:59:00+00:00,2026-07-04T11:45:20+00:00,0.90,"Walgreens to close Chatham store after more than $1M loss, cites theft and declining sales CHICAGO - For the first time, Walgreens is revealing some of the specific financial problems that prompted it to close a longtime location on Chicago's South Side.",Walgreens closing stores
35b7991f8f94569c89,CVS,,,,,,CVS Closing 270 Stores Nationwide: List of Locations Impacted,http://www.bing.com/news/apiclick.aspx?ref=FexRss&aid=&tid=6a4a44230a11486ea0083deb4d02bc86&url=https%3a%2f%2fwww.newsweek.com%2fcvs-closing-270-stores-locations-impacted-2077982&c=15167923728816176235&mkt=en-us,www.bing.com,bing_rss,2025-05-28T08:25:00+00:00,2026-07-05T11:47:31+00:00,0.61,"In its recent annual report, filed in February, CVS announced that it would be closing 271 retail stores in 2025 as part of its ""enterprise-wide restructuring plan intended to streamline and simplify the organization."" This follows the closure of around 900 lo",CVS store closure location
1554f299eb41119a48,CVS,,,,,,CVS Closing 270 Stores Nationwide: List of Locations Impacted,http://www.bing.com/news/apiclick.aspx?ref=FexRss&aid=&tid=6a4a442c340248eb90bb6282955f9f58&url=https%3a%2f%2fwww.newsweek.com%2fcvs-closing-270-stores-locations-impacted-2077982&c=15167923728816176235&mkt=en-us,www.bing.com,bing_rss,2025-05-28T08:25:00+00:00,2026-07-05T11:47:31+00:00,0.61,"In its recent annual report, filed in February, CVS announced that it would be closing 271 retail stores in 2025 as part of its ""enterprise-wide restructuring plan intended to streamline and simplify the organization."" This follows the closure of around 900 lo",CVS closing stores
0bad9e82c7e88e5133,CVS,,,,,,CVS fights law that could force over 100 stores to close,http://www.bing.com/news/apiclick.aspx?ref=FexRss&aid=&tid=6a4a442c340248eb90bb6282955f9f58&url=https%3a%2f%2fwww.aol.com%2ffinance%2fcvs-fights-law-could-force-161300320.html&c=6327375268730961832&mkt=en-us,www.bing.com,bing_rss,2026-04-23T09:14:00+00:00,2026-07-05T11:47:31+00:00,0.61,"CVS fights law that could force over 100 stores to close A sweeping new health care law is setting up a high-stakes battle over prescription drug pricing, corporate power, and patient access.",CVS closing stores
b09d2a4ec399541380,CVS,,,,,,"US store closings up 69% in 2024 amid Big Lots, CVS, Family Dollar cuts",http://www.bing.com/news/apiclick.aspx?ref=FexRss&aid=&tid=6a4a442c340248eb90bb6282955f9f58&url=https%3a%2f%2fwww.abc15.com%2fbusiness%2fcompany-news%2fus-store-closings-up-69-in-2024-amid-big-lots-cvs-family-dollar-cuts&c=938104820326025808&mkt=en-us,www.bing.com,bing_rss,2024-12-19T02:19:00+00:00,2026-07-05T11:47:31+00:00,0.90,"RELATED STORY | Big Lots files for bankruptcy, says more stores could close Family Dollar has closed the largest number of stores, with 718 confirmed closings.",CVS closing stores
11f6d6dcb1e8dfb352,CVS,,,,,,CVS Closing 270 Stores Nationwide: List of Locations Impacted,http://www.bing.com/news/apiclick.aspx?ref=FexRss&aid=&tid=6a4a443f31d043139602b21edb0d631c&url=https%3a%2f%2fwww.newsweek.com%2fcvs-closing-270-stores-locations-impacted-2077982&c=15167923728816176235&mkt=en-us,www.bing.com,bing_rss,2025-05-28T08:25:00+00:00,2026-07-05T11:47:31+00:00,0.61,"In its recent annual report, filed in February, CVS announced that it would be closing 271 retail stores in 2025 as part of its ""enterprise-wide restructuring plan intended to streamline and simplify the organization."" This follows the closure of around 900 lo",CVS pharmacy closed location
bd54318e6c67b7025c,Walgreens,,,,,,Local pharmacy chain steps in as Midtown Walgreens prepares to close,http://www.bing.com/news/apiclick.aspx?ref=FexRss&aid=&tid=6a4a44496beb4294aaea9ec56cee3370&url=https%3a%2f%2fwww.msn.com%2fen-us%2fnews%2fus%2flocal-pharmacy-chain-steps-in-as-midtown-walgreens-prepares-to-close%2far-AA25dpGI&c=4811352347859923765&mkt=en-us,www.bing.com,bing_rss,2026-06-09T11:39:00+00:00,2026-07-05T11:47:31+00:00,0.37,"Local pharmacy chain steps in as Midtown Walgreens prepares to close With the Midtown Walgreens at 27th Street and North Avenue set to close on June 23, Hayat Pharmacy is encouraging residents to transfer prescriptions to the local chain.",Walgreens store closure location
108730cc9894c20ed6,Walgreens,"Chicago, IL",Chicago,IL,,,"Walgreens closes Midtown location, the eighth shuttered in three years",http://www.bing.com/news/apiclick.aspx?ref=FexRss&aid=&tid=6a4a444e47434c48a8b609f650526285&url=https%3a%2f%2fwww.yahoo.com%2fnews%2fus%2farticles%2fwalgreens-closes-midtown-location-eighth-185356270.html&c=4970829250727021006&mkt=en-us,www.bing.com,bing_rss,2026-06-23T12:12:00+00:00,2026-07-05T11:47:31+00:00,1.00,"Walgreens closes Midtown location, the eighth shuttered in three years Walgreens is closing its Midtown store due to safety concerns, leaving residents to find new pharmacy options.",Walgreens closing stores
bfaaccd2f52e081225,Walgreens,,,,,,"Walgreens to close Chatham store after more than $1M loss, cites theft and declining sales",http://www.bing.com/news/apiclick.aspx?ref=FexRss&aid=&tid=6a4a444e47434c48a8b609f650526285&url=https%3a%2f%2fwww.aol.com%2fnews%2fwalgreens-close-chatham-store-more-023340460.html&c=6188010764375494095&mkt=en-us,www.bing.com,bing_rss,2026-05-09T16:59:00+00:00,2026-07-05T11:47:31+00:00,0.90,"Walgreens to close Chatham store after more than $1M loss, cites theft and declining sales CHICAGO - For the first time, Walgreens is revealing some of the specific financial problems that prompted it to close a longtime location on Chicago's South Side.",Walgreens closing stores
51d7f84f845f84b848,Walgreens,,,,,,"More than 4,100 stores and restaurants are closing across the US this year. Here's the list.",http://www.bing.com/news/apiclick.aspx?ref=FexRss&aid=&tid=6a4a444e47434c48a8b609f650526285&url=https%3a%2f%2fwww.businessinsider.com%2fstores-closing-in-2025-list&c=13973718250869851834&mkt=en-us,www.bing.com,bing_rss,2025-12-24T03:02:00+00:00,2026-07-05T11:47:31+00:00,0.90,Other retailers are also shuttering locations.,Walgreens closing stores
515da8db1cb8383cab,CVS,,,,,,CVS Closing 270 Stores Nationwide: List of Locations Impacted,http://www.bing.com/news/apiclick.aspx?ref=FexRss&aid=&tid=6a4bb50f65dd4cb393c0a6ffff8d494c&url=https%3a%2f%2fwww.newsweek.com%2fcvs-closing-270-stores-locations-impacted-2077982&c=15167923728816176235&mkt=en-us,www.bing.com,bing_rss,2025-05-28T08:25:00+00:00,2026-07-06T14:01:58+00:00,0.61,"In its recent annual report, filed in February, CVS announced that it would be closing 271 retail stores in 2025 as part of its ""enterprise-wide restructuring plan intended to streamline and simplify the organization."" This follows the closure of around 900 lo",CVS store closure location
a3a8312e2e72bb6990,CVS,,,,,,"What’s open and closed on July 4th: Grocery stores, pharmacies, retail, coffee shops",http://www.bing.com/news/apiclick.aspx?ref=FexRss&aid=&tid=6a4bb50f65dd4cb393c0a6ffff8d494c&url=https%3a%2f%2fwww.news4jax.com%2fnews%2flocal%2f2026%2f07%2f03%2fwhats-open-and-closed-on-july-4th-grocery-stores-pharmacies-retail-coffee-shops%2f&c=8859045000603910903&mkt=en-us,www.bing.com,bing_rss,2026-07-03T06:29:00+00:00,2026-07-06T14:01:58+00:00,0.49,"What’s open and closed on July 4th: Grocery stores, pharmacies, retail, coffee shops Planning to pick up last-minute supplies for your Fourth of July cookout?",CVS store closure location
ad39b30e9a012b5ad5,CVS,,,,,,CVS Closing 270 Stores Nationwide: List of Locations Impacted,http://www.bing.com/news/apiclick.aspx?ref=FexRss&aid=&tid=6a4bb51b89e94e20acd3acdd36d85e9f&url=https%3a%2f%2fwww.newsweek.com%2fcvs-closing-270-stores-locations-impacted-2077982&c=15167923728816176235&mkt=en-us,www.bing.com,bing_rss,2025-05-28T08:25:00+00:00,2026-07-06T14:01:58+00:00,0.61,"In its recent annual report, filed in February, CVS announced that it would be closing 271 retail stores in 2025 as part of its ""enterprise-wide restructuring plan intended to streamline and simplify the organization."" This follows the closure of around 900 lo",CVS closing stores
1fa85c18018b42921b,CVS,,,,,,"What’s open and closed on July 4th: Grocery stores, pharmacies, retail, coffee shops",http://www.bing.com/news/apiclick.aspx?ref=FexRss&aid=&tid=6a4bb52a3eb74893a766f9f42285da15&url=https%3a%2f%2fwww.news4jax.com%2fnews%2flocal%2f2026%2f07%2f03%2fwhats-open-and-closed-on-july-4th-grocery-stores-pharmacies-retail-coffee-shops%2f&c=8859045000603910903&mkt=en-us,www.bing.com,bing_rss,2026-07-02T22:00:00+00:00,2026-07-06T14:01:58+00:00,0.49,"What’s open and closed on July 4th: Grocery stores, pharmacies, retail, coffee shops Planning to pick up last-minute supplies for your Fourth of July cookout?",CVS pharmacy closed location
5cb27f5eac2e848001,CVS,,,,,,CVS Closing 270 Stores Nationwide: List of Locations Impacted,http://www.bing.com/news/apiclick.aspx?ref=FexRss&aid=&tid=6a4bb52a3eb74893a766f9f42285da15&url=https%3a%2f%2fwww.newsweek.com%2fcvs-closing-270-stores-locations-impacted-2077982&c=15167923728816176235&mkt=en-us,www.bing.com,bing_rss,2025-05-28T08:25:00+00:00,2026-07-06T14:01:58+00:00,0.61,"In its recent annual report, filed in February, CVS announced that it would be closing 271 retail stores in 2025 as part of its ""enterprise-wide restructuring plan intended to streamline and simplify the organization."" This follows the closure of around 900 lo",CVS pharmacy closed location
551fa1b1812fa15ed6,Walgreens,"Chicago, IL",Chicago,IL,,,"Walgreens closes Midtown location, the eighth shuttered in three years",http://www.bing.com/news/apiclick.aspx?ref=FexRss&aid=&tid=6a4bb53b8d6e4d4a9fe3a98fd95f2564&url=https%3a%2f%2fwww.yahoo.com%2fnews%2fus%2farticles%2fwalgreens-closes-midtown-location-eighth-185356270.html&c=4970829250727021006&mkt=en-us,www.bing.com,bing_rss,2026-06-23T12:12:00+00:00,2026-07-06T14:01:58+00:00,1.00,"Walgreens closes Midtown location, the eighth shuttered in three years Walgreens is closing its Midtown store due to safety concerns, leaving residents to find new pharmacy options.",Walgreens store closure location
137b7392675694af1f,Walgreens,,,,,,Local pharmacy chain steps in as Midtown Walgreens prepares to close,http://www.bing.com/news/apiclick.aspx?ref=FexRss&aid=&tid=6a4bb53b8d6e4d4a9fe3a98fd95f2564&url=https%3a%2f%2fwww.msn.com%2fen-us%2fnews%2fus%2flocal-pharmacy-chain-steps-in-as-midtown-walgreens-prepares-to-close%2far-AA25dpGI&c=4811352347859923765&mkt=en-us,www.bing.com,bing_rss,2026-06-09T11:39:00+00:00,2026-07-06T14:01:58+00:00,0.37,"Local pharmacy chain steps in as Midtown Walgreens prepares to close With the Midtown Walgreens at 27th Street and North Avenue set to close on June 23, Hayat Pharmacy is encouraging residents to transfer prescriptions to the local chain.",Walgreens store closure location
2d15917120fa0e25bb,Walgreens,,,,,,"Walgreens to close Chatham store after more than $1M loss, cites theft and declining sales",http://www.bing.com/news/apiclick.aspx?ref=FexRss&aid=&tid=6a4bb549cd444ec4ac898a81b774e7a0&url=https%3a%2f%2fwww.aol.com%2fnews%2fwalgreens-close-chatham-store-more-023340460.html&c=6188010764375494095&mkt=en-us,www.bing.com,bing_rss,2026-05-09T16:59:00+00:00,2026-07-06T14:01:58+00:00,0.90,"Walgreens to close Chatham store after more than $1M loss, cites theft and declining sales CHICAGO - For the first time, Walgreens is revealing some of the specific financial problems that prompted it to close a longtime location on Chicago's South Side.",Walgreens closing stores
06cf7c299d2714f437,Walgreens,"Chicago, IL",Chicago,IL,,,"Walgreens closes Midtown location, the eighth shuttered in three years",http://www.bing.com/news/apiclick.aspx?ref=FexRss&aid=&tid=6a4bb549cd444ec4ac898a81b774e7a0&url=https%3a%2f%2fwww.yahoo.com%2fnews%2fus%2farticles%2fwalgreens-closes-midtown-location-eighth-185356270.html&c=4970829250727021006&mkt=en-us,www.bing.com,bing_rss,2026-06-23T12:12:00+00:00,2026-07-06T14:01:58+00:00,1.00,"Walgreens closes Midtown location, the eighth shuttered in three years Walgreens is closing its Midtown store due to safety concerns, leaving residents to find new pharmacy options.",Walgreens closing stores
eaf8fef1b090b59662,Walgreens,,,,,,"Walgreens will close Chicago store due to theft, violence",http://www.bing.com/news/apiclick.aspx?ref=FexRss&aid=&tid=6a4bb549cd444ec4ac898a81b774e7a0&url=https%3a%2f%2fwww.supermarketnews.com%2fnonfood-pharmacy%2fwalgreens-closes-chicago-store-due-to-theft-violence&c=17326281027672621165&mkt=en-us,www.bing.com,bing_rss,2026-05-06T17:01:00+00:00,2026-07-06T14:01:58+00:00,0.90,"Walgreens will close Chicago store due to theft, violence Walgreens is closing a location on Chicago's South Side due to theft and violence, according to multiple reports.",Walgreens closing stores
e6eee6aea35cfb75c5,Walgreens,"Chicago, IL",Chicago,IL,,,"Walgreens closes Midtown location, the eighth shuttered in three years",http://www.bing.com/news/apiclick.aspx?ref=FexRss&aid=&tid=6a4bb556de2143ae97c4530c28b67839&url=https%3a%2f%2fwww.yahoo.com%2fnews%2fus%2farticles%2fwalgreens-closes-midtown-location-eighth-185356270.html&c=4970829250727021006&mkt=en-us,www.bing.com,bing_rss,2026-06-23T12:12:00+00:00,2026-07-06T14:01:58+00:00,1.00,"Walgreens closes Midtown location, the eighth shuttered in three years Walgreens is closing its Midtown store due to safety concerns, leaving residents to find new pharmacy options.",Walgreens pharmacy closed location
d86a7d2dcc4e5d426b,CVS,,,,,,"What’s open and closed on July 4th: Grocery stores, pharmacies, retail, coffee shops",http://www.bing.com/news/apiclick.aspx?ref=FexRss&aid=&tid=6a4cf32202544fdcb7f07cb3ca3e44d2&url=https%3a%2f%2fwww.news4jax.com%2fnews%2flocal%2f2026%2f07%2f03%2fwhats-open-and-closed-on-july-4th-grocery-stores-pharmacies-retail-coffee-shops%2f&c=8859045000603910903&mkt=en-us,www.bing.com,bing_rss,2026-07-02T22:00:00+00:00,2026-07-07T12:38:40+00:00,0.49,"What’s open and closed on July 4th: Grocery stores, pharmacies, retail, coffee shops Planning to pick up last-minute supplies for your Fourth of July cookout?",CVS store closure location
e9b8b899bfba86b85e,CVS,,,,,,CVS fights law that could force over 100 stores to close,http://www.bing.com/news/apiclick.aspx?ref=FexRss&aid=&tid=6a4cf32c1fe844fdb9a0be76c0bfbdc1&url=https%3a%2f%2fwww.aol.com%2ffinance%2fcvs-fights-law-could-force-161300320.html&c=6327375268730961832&mkt=en-us,www.bing.com,bing_rss,2026-04-22T16:59:00+00:00,2026-07-07T12:38:40+00:00,0.61,"CVS fights law that could force over 100 stores to close A sweeping new health care law is setting up a high-stakes battle over prescription drug pricing, corporate power, and patient access.",CVS closing stores
87092a8ea53769ccb1,CVS,,,,,,"US store closings up 69% in 2024 amid Big Lots, CVS, Family Dollar cuts",http://www.bing.com/news/apiclick.aspx?ref=FexRss&aid=&tid=6a4cf32c1fe844fdb9a0be76c0bfbdc1&url=https%3a%2f%2fwww.abc15.com%2fbusiness%2fcompany-news%2fus-store-closings-up-69-in-2024-amid-big-lots-cvs-family-dollar-cuts&c=938104820326025808&mkt=en-us,www.bing.com,bing_rss,2024-12-19T02:19:00+00:00,2026-07-07T12:38:40+00:00,0.90,"RELATED STORY | Big Lots files for bankruptcy, says more stores could close Family Dollar has closed the largest number of stores, with 718 confirmed closings.",CVS closing stores
d4ad0e5e5817e36642,CVS,,,,,,"What’s open and closed on July 4th: Grocery stores, pharmacies, retail, coffee shops",http://www.bing.com/news/apiclick.aspx?ref=FexRss&aid=&tid=6a4cf335ccae4974aeeba2754741b9c9&url=https%3a%2f%2fwww.news4jax.com%2fnews%2flocal%2f2026%2f07%2f03%2fwhats-open-and-closed-on-july-4th-grocery-stores-pharmacies-retail-coffee-shops%2f&c=8859045000603910903&mkt=en-us,www.bing.com,bing_rss,2026-07-03T06:29:00+00:00,2026-07-07T12:38:40+00:00,0.49,"What’s open and closed on July 4th: Grocery stores, pharmacies, retail, coffee shops Planning to pick up last-minute supplies for your Fourth of July cookout?",CVS pharmacy closed location
47fda04e2ee24f3411,Walgreens,"Chicago, IL",Chicago,IL,,,"Walgreens closes Midtown location, the eighth shuttered in three years",http://www.bing.com/news/apiclick.aspx?ref=FexRss&aid=&tid=6a4cf33d711e4ae5b0c6c4443bd551b8&url=https%3a%2f%2fwww.yahoo.com%2fnews%2fus%2farticles%2fwalgreens-closes-midtown-location-eighth-185356270.html&c=4970829250727021006&mkt=en-us,www.bing.com,bing_rss,2026-06-23T12:12:00+00:00,2026-07-07T12:38:40+00:00,1.00,"Walgreens closes Midtown location, the eighth shuttered in three years Walgreens is closing its Midtown store due to safety concerns, leaving residents to find new pharmacy options.",Walgreens store closure location
c619f1772a04f7b5d1,Walgreens,"Chicago, IL",Chicago,IL,,,Walgreens to close Midtown store on Milwaukee’s North Avenue,http://www.bing.com/news/apiclick.aspx?ref=FexRss&aid=&tid=6a4cf33d711e4ae5b0c6c4443bd551b8&url=https%3a%2f%2fwww.aol.com%2farticles%2fwalgreens-close-midtown-store-milwaukee-211103938.html&c=4346250834217524639&mkt=en-us,www.bing.com,bing_rss,2026-05-07T14:56:00+00:00,2026-07-07T12:38:40+00:00,1.00,"Walgreens to close Midtown store on Milwaukee’s North Avenue In another blow to Milwaukee's grocery and pharmacy landscape, Walgreens has begun to notify customers that its midtown location at 2727 W.",Walgreens store closure location
bd60f675404dd9e0f5,Walgreens,"Chicago, IL",Chicago,IL,,,Local pharmacy chain steps in as Midtown Walgreens prepares to close,http://www.bing.com/news/apiclick.aspx?ref=FexRss&aid=&tid=6a4cf33d711e4ae5b0c6c4443bd551b8&url=https%3a%2f%2fwww.jsonline.com%2fstory%2fnews%2flocal%2fmilwaukee%2fneighborhoods%2f2026%2f06%2f09%2fhayat-pharmacy-hosts-prescription-transfer-event-ahead-of-midtown-walgreens-closure%2f90389536007%2f&c=2976355734085642364&mkt=en-us,www.bing.com,bing_rss,2026-06-09T11:39:00+00:00,2026-07-07T12:38:40+00:00,0.79,"Local pharmacy chain steps in as Midtown Walgreens prepares to close With the Midtown Walgreens at 27th Street and North Avenue set to close on June 23, Hayat Pharmacy is encouraging residents to transfer prescriptions to the local chain.",Walgreens store closure location
7835cbabe5d963d687,Walgreens,,,,,,Walgreens closing Chatham store as officials warn of pharmacy deserts,http://www.bing.com/news/apiclick.aspx?ref=FexRss&aid=&tid=6a4cf346158c4ab7a5c3d191d0991811&url=https%3a%2f%2fwww.cbsnews.com%2fchicago%2fnews%2fwalgreens-closing-chatham-thursday%2f&c=3904880234451535368&mkt=en-us,www.bing.com,bing_rss,2026-06-04T04:09:00+00:00,2026-07-07T12:38:40+00:00,0.49,"Walgreens closing Chatham store as officials warn of pharmacy deserts Walgreens is set to close in Chicago's Chatham neighborhood on Thursday, and there's growing concern about where families will get their medications.",Walgreens closing stores
06dccf8677bd7eb313,Walgreens,,,,,,Why your drug store is closing,http://www.bing.com/news/apiclick.aspx?ref=FexRss&aid=&tid=6a4cf346158c4ab7a5c3d191d0991811&url=https%3a%2f%2fsports.yahoo.com%2farticles%2fwhy-drug-store-closing-090038973.html&c=10053318772980558761&mkt=en-us,www.bing.com,bing_rss,2024-10-15T16:59:00+00:00,2026-07-07T12:38:40+00:00,0.61,"Walgreens announced Tuesday it plans to close 1,200 stores, meaning 1 in 7 will disappear.",Walgreens closing stores
3ce95cb90f47813d00,Walgreens,,,,,,"Walgreens to close Chatham store after more than $1M loss, cites theft and declining sales",http://www.bing.com/news/apiclick.aspx?ref=FexRss&aid=&tid=6a4cf346158c4ab7a5c3d191d0991811&url=https%3a%2f%2fwww.aol.com%2fnews%2fwalgreens-close-chatham-store-more-023340460.html&c=6188010764375494095&mkt=en-us,www.bing.com,bing_rss,2026-05-09T16:59:00+00:00,2026-07-07T12:38:40+00:00,0.90,"Walgreens to close Chatham store after more than $1M loss, cites theft and declining sales CHICAGO - For the first time, Walgreens is revealing some of the specific financial problems that prompted it to close a longtime location on Chicago's South Side.",Walgreens closing stores
e4d3c1e291271c6903,Walgreens,"Chicago, IL",Chicago,IL,,,"Walgreens closes Midtown location, the eighth shuttered in three years",http://www.bing.com/news/apiclick.aspx?ref=FexRss&aid=&tid=6a4cf346158c4ab7a5c3d191d0991811&url=https%3a%2f%2fwww.yahoo.com%2fnews%2fus%2farticles%2fwalgreens-closes-midtown-location-eighth-185356270.html&c=4970829250727021006&mkt=en-us,www.bing.com,bing_rss,2026-06-23T12:12:00+00:00,2026-07-07T12:38:40+00:00,1.00,"Walgreens closes Midtown location, the eighth shuttered in three years Walgreens is closing its Midtown store due to safety concerns, leaving residents to find new pharmacy options.",Walgreens closing stores
526c31a5d3de33cd3d,Walgreens,,,,,,"Walgreens will close Chicago store due to theft, violence",http://www.bing.com/news/apiclick.aspx?ref=FexRss&aid=&tid=6a4cf346158c4ab7a5c3d191d0991811&url=https%3a%2f%2fwww.supermarketnews.com%2fnonfood-pharmacy%2fwalgreens-closes-chicago-store-due-to-theft-violence&c=17326281027672621165&mkt=en-us,www.bing.com,bing_rss,2026-05-06T17:01:00+00:00,2026-07-07T12:38:40+00:00,0.90,"Walgreens will close Chicago store due to theft, violence Walgreens is closing a location on Chicago's South Side due to theft and violence, according to multiple reports.",Walgreens closing stores
29a0032f0402fe6ab2,Walgreens,"Chicago, IL",Chicago,IL,,,Local pharmacy chain steps in as Midtown Walgreens prepares to close,http://www.bing.com/news/apiclick.aspx?ref=FexRss&aid=&tid=6a4cf35093e04c509be520b748ef3f71&url=https%3a%2f%2fwww.jsonline.com%2fstory%2fnews%2flocal%2fmilwaukee%2fneighborhoods%2f2026%2f06%2f09%2fhayat-pharmacy-hosts-prescription-transfer-event-ahead-of-midtown-walgreens-closure%2f90389536007%2f&c=2976355734085642364&mkt=en-us,www.bing.com,bing_rss,2026-06-09T11:39:00+00:00,2026-07-07T12:38:40+00:00,0.79,"Local pharmacy chain steps in as Midtown Walgreens prepares to close With the Midtown Walgreens at 27th Street and North Avenue set to close on June 23, Hayat Pharmacy is encouraging residents to transfer prescriptions to the local chain.",Walgreens pharmacy closed location
7ca0c93f302d3e5e8f,Walgreens,"Chicago, IL",Chicago,IL,,,"Walgreens closes Midtown location, the eighth shuttered in three years",http://www.bing.com/news/apiclick.aspx?ref=FexRss&aid=&tid=6a4cf35093e04c509be520b748ef3f71&url=https%3a%2f%2fwww.yahoo.com%2fnews%2fus%2farticles%2fwalgreens-closes-midtown-location-eighth-185356270.html&c=4970829250727021006&mkt=en-us,www.bing.com,bing_rss,2026-06-23T12:12:00+00:00,2026-07-07T12:38:40+00:00,1.00,"Walgreens closes Midtown location, the eighth shuttered in three years Walgreens is closing its Midtown store due to safety concerns, leaving residents to find new pharmacy options.",Walgreens pharmacy closed location
4494c0c14939bc4d4b,CVS,,,,,,"What’s open and closed on July 4th: Grocery stores, pharmacies, retail, coffee shops",http://www.bing.com/news/apiclick.aspx?ref=FexRss&aid=&tid=6a4e3aea890d4b489579ec044997ff88&url=https%3a%2f%2fwww.news4jax.com%2fnews%2flocal%2f2026%2f07%2f03%2fwhats-open-and-closed-on-july-4th-grocery-stores-pharmacies-retail-coffee-shops%2f&c=8859045000603910903&mkt=en-us,www.bing.com,bing_rss,2026-07-03T06:29:00+00:00,2026-07-08T11:58:00+00:00,0.49,"What’s open and closed on July 4th: Grocery stores, pharmacies, retail, coffee shops Planning to pick up last-minute supplies for your Fourth of July cookout?",CVS store closure location
69520bf9be0c911957,CVS,,,,,,Why your drug store is closing,http://www.bing.com/news/apiclick.aspx?ref=FexRss&aid=&tid=6a4e3b066fa240e2849656c3f04513d0&url=https%3a%2f%2fsports.yahoo.com%2farticles%2fwhy-drug-store-closing-090038973.html&c=10053318772980558761&mkt=en-us,www.bing.com,bing_rss,2024-10-15T16:59:00+00:00,2026-07-08T11:58:00+00:00,0.61,"Walgreens announced Tuesday it plans to close 1,200 stores, meaning 1 in 7 will disappear.",CVS closing stores
b386716ff11243bccd,CVS,,,,,,CVS fights law that could force over 100 stores to close,http://www.bing.com/news/apiclick.aspx?ref=FexRss&aid=&tid=6a4e3b066fa240e2849656c3f04513d0&url=https%3a%2f%2fwww.aol.com%2ffinance%2fcvs-fights-law-could-force-161300320.html&c=6327375268730961832&mkt=en-us,www.bing.com,bing_rss,2026-04-22T16:59:00+00:00,2026-07-08T11:58:00+00:00,0.61,"CVS fights law that could force over 100 stores to close A sweeping new health care law is setting up a high-stakes battle over prescription drug pricing, corporate power, and patient access.",CVS closing stores
762b0979155baf33be,CVS,,,,,,"US store closings up 69% in 2024 amid Big Lots, CVS, Family Dollar cuts",http://www.bing.com/news/apiclick.aspx?ref=FexRss&aid=&tid=6a4e3b066fa240e2849656c3f04513d0&url=https%3a%2f%2fwww.abc15.com%2fbusiness%2fcompany-news%2fus-store-closings-up-69-in-2024-amid-big-lots-cvs-family-dollar-cuts&c=938104820326025808&mkt=en-us,www.bing.com,bing_rss,2024-12-19T02:19:00+00:00,2026-07-08T11:58:00+00:00,0.90,"RELATED STORY | Big Lots files for bankruptcy, says more stores could close Family Dollar has closed the largest number of stores, with 718 confirmed closings.",CVS closing stores
5360e92f573f02c64a,Walgreens,"Greenfield, MA",Greenfield,MA,,,Baker Pharmacy in Shelburne Falls temporarily closed following departure of pharmacist,https://recorder.com/2026/07/07/baker-pharmacy-shelburne-falls-closure/,recorder.com,gdelt,20260707T223000Z,2026-07-08T11:58:00+00:00,0.56,Baker Pharmacy in Shelburne Falls temporarily closed following departure of pharmacist https://i0.wp.com/recorder.com/wp-content/uploads/2026/01/BakerPharmacyExterior2PF01272026-scaled.jpg?fit=2560%2C1707&ssl=1 Greenfield Recorder Sign up for the Recorder's FR,Walgreens store closure location
7e6921afa3087855c9,Walgreens,,,,,,"What’s open and closed on July 4th: Grocery stores, pharmacies, retail, coffee shops",http://www.bing.com/news/apiclick.aspx?ref=FexRss&aid=&tid=6a4e3b30e39d414bb1c7eedd05072561&url=https%3a%2f%2fwww.news4jax.com%2fnews%2flocal%2f2026%2f07%2f03%2fwhats-open-and-closed-on-july-4th-grocery-stores-pharmacies-retail-coffee-shops%2f&c=8859045000603910903&mkt=en-us,www.bing.com,bing_rss,2026-07-02T22:00:00+00:00,2026-07-08T11:58:00+00:00,0.49,"What’s open and closed on July 4th: Grocery stores, pharmacies, retail, coffee shops Planning to pick up last-minute supplies for your Fourth of July cookout?",Walgreens store closure location
091403e0b906193bc9,Walgreens,"Chicago, IL",Chicago,IL,,,"Walgreens closes Midtown location, the eighth shuttered in three years",http://www.bing.com/news/apiclick.aspx?ref=FexRss&aid=&tid=6a4e3b30e39d414bb1c7eedd05072561&url=https%3a%2f%2fwww.yahoo.com%2fnews%2fus%2farticles%2fwalgreens-closes-midtown-location-eighth-185356837.html&c=16834571838889409791&mkt=en-us,www.bing.com,bing_rss,2026-06-23T11:53:00+00:00,2026-07-08T11:58:00+00:00,1.00,"Walgreens closes Midtown location, the eighth shuttered in three years Add Yahoo as a preferred source to see more of our stories on Google.",Walgreens store closure location
e366d60755f3748b50,Walgreens,,,,,,"Milwaukee Walgreens closed, 27th and North; what to know",http://www.bing.com/news/apiclick.aspx?ref=FexRss&aid=&tid=6a4e3b30e39d414bb1c7eedd05072561&url=https%3a%2f%2fwww.aol.com%2fnews%2fmilwaukee-walgreens-closed-27th-north-210559801.html&c=14334300818989621537&mkt=en-us,www.bing.com,bing_rss,2026-06-23T14:05:00+00:00,2026-07-08T11:58:00+00:00,0.73,"Milwaukee Walgreens closed, 27th and North; what to know A Walgreens location on Milwaukee's north side shut down on Tuesday.",Walgreens store closure location
b17c36e1c783c32cb1,Walgreens,,,,,,Walgreens closing Chatham store as officials warn of pharmacy deserts,http://www.bing.com/news/apiclick.aspx?ref=FexRss&aid=&tid=6a4e3b30e39d414bb1c7eedd05072561&url=https%3a%2f%2fwww.cbsnews.com%2fchicago%2fnews%2fwalgreens-closing-chatham-thursday%2f&c=3904880234451535368&mkt=en-us,www.bing.com,bing_rss,2026-06-04T15:28:00+00:00,2026-07-08T11:58:00+00:00,0.49,"Walgreens closing Chatham store as officials warn of pharmacy deserts Walgreens is set to close in Chicago's Chatham neighborhood on Thursday, and there's growing concern about where families will get their medications.",Walgreens store closure location
9bc5e8af30e02d80e8,Walgreens,,,,,,Community leaders speak out ahead of Chatham Walgreens store closure next month,http://www.bing.com/news/apiclick.aspx?ref=FexRss&aid=&tid=6a4e3b30e39d414bb1c7eedd05072561&url=https%3a%2f%2fwww.msn.com%2fen-us%2fnews%2fother%2fcommunity-leaders-to-speak-out-ahead-of-chatham-walgreens-store-closure-next-month%2far-AA22lArm&c=375227067223680103&mkt=en-us,www.bing.com,bing_rss,2026-05-04T15:31:00+00:00,2026-07-08T11:58:00+00:00,0.61,Community leaders speak out ahead of Chatham Walgreens store closure next month Six Walgreens have closed on the city's South Side during the past year.,Walgreens store closure location
b7df7c2f9f758bc473,Walgreens,,,,,,Walgreens to close Chatham store amid theft and safety concerns,http://www.bing.com/news/apiclick.aspx?ref=FexRss&aid=&tid=6a4e3b30e39d414bb1c7eedd05072561&url=https%3a%2f%2fwww.msn.com%2fen-us%2fnews%2fother%2fwalgreens-to-close-chatham-store-amid-theft-and-safety-concerns%2fgm-GM73C02D4E&c=9380206727898205436&mkt=en-us,www.bing.com,bing_rss,2026-05-09T20:17:00+00:00,2026-07-08T11:58:00+00:00,0.61,Walgreens to close Chatham store amid theft and safety concerns Closure date set: The Chatham Walgreens will shut down on June 4 after reporting over $1 million in losses last year.,Walgreens store closure location
29fca4eb9e67eeeed0,Walgreens,,,,,,"Walgreens to close Chatham store after more than $1M loss, cites theft and declining sales",http://www.bing.com/news/apiclick.aspx?ref=FexRss&aid=&tid=6a4e3b30e39d414bb1c7eedd05072561&url=https%3a%2f%2fwww.aol.com%2fnews%2fwalgreens-close-chatham-store-more-023340460.html&c=6188010764375494095&mkt=en-us,www.bing.com,bing_rss,2026-05-09T19:33:00+00:00,2026-07-08T11:58:00+00:00,0.90,"Walgreens to close Chatham store after more than $1M loss, cites theft and declining sales CHICAGO - For the first time, Walgreens is revealing some of the specific financial problems that prompted it to close a longtime location on Chicago's South Side.",Walgreens store closure location
fe80c7f122872e0b0a,Walgreens,"Chicago, IL",Chicago,IL,,,Local pharmacy chain steps in as Midtown Walgreens prepares to close,http://www.bing.com/news/apiclick.aspx?ref=FexRss&aid=&tid=6a4e3b30e39d414bb1c7eedd05072561&url=https%3a%2f%2fwww.jsonline.com%2fstory%2fnews%2flocal%2fmilwaukee%2fneighborhoods%2f2026%2f06%2f09%2fhayat-pharmacy-hosts-prescription-transfer-event-ahead-of-midtown-walgreens-closure%2f90389536007%2f&c=2976355734085642364&mkt=en-us,www.bing.com,bing_rss,2026-06-09T11:41:00+00:00,2026-07-08T11:58:00+00:00,0.79,"Local pharmacy chain steps in as Midtown Walgreens prepares to close With the Midtown Walgreens at 27th Street and North Avenue set to close on June 23, Hayat Pharmacy is encouraging residents to transfer prescriptions to the local chain.",Walgreens store closure location
1f0e2820f75371f665,Walgreens,,,,,,"More than 4,100 stores and restaurants are closing across the US this year. Here's the list.",http://www.bing.com/news/apiclick.aspx?ref=FexRss&aid=&tid=6a4e3b30e39d414bb1c7eedd05072561&url=https%3a%2f%2fwww.businessinsider.com%2fstores-closing-in-2025-list&c=13973718250869851834&mkt=en-us,www.bing.com,bing_rss,2025-12-24T02:45:00+00:00,2026-07-08T11:58:00+00:00,0.90,Other retailers are also shuttering locations.,Walgreens store closure location
b15b0c934bcad42049,Walgreens,,,,,,"Milwaukee Walgreens closed, 27th and North; what to know",http://www.bing.com/news/apiclick.aspx?ref=FexRss&aid=&tid=6a4e3b30e39d414bb1c7eedd05072561&url=https%3a%2f%2fwww.fox6now.com%2fnews%2fwalgreens-closed-milwaukee-27th-north&c=11837255544673306775&mkt=en-us,www.bing.com,bing_rss,2026-06-23T14:05:00+00:00,2026-07-08T11:58:00+00:00,0.73,"Milwaukee Walgreens closed, 27th and North; what to know A Walgreens location near 27th and North Milwaukee's north side shut down on Tuesday.",Walgreens store closure location
e8046b1a20ba62163f,Walgreens,,,,,,Walgreens closing numerous stores amid 'challenging' retail environment,http://www.bing.com/news/apiclick.aspx?ref=FexRss&aid=&tid=6a4e3b3fd0714de68c020c62761b02a4&url=https%3a%2f%2fwww.wptv.com%2fbusiness%2fcompany-news%2fwalgreens-closing-numerous-stores-amid-challenging-retail-environment&c=6863907681722574937&mkt=en-us,www.bing.com,bing_rss,2024-06-26T22:44:00+00:00,2026-07-08T11:58:00+00:00,0.49,"Walgreens closing numerous stores amid 'challenging' retail environment Walgreens, one of America's largest pharmacy chains, announced early Thursday plans to close numerous stores across the U.S.",Walgreens closing stores
fa8dee71905063390c,Walgreens,,,,,,Walgreens closing Chatham store as officials warn of pharmacy deserts,http://www.bing.com/news/apiclick.aspx?ref=FexRss&aid=&tid=6a4e3b3fd0714de68c020c62761b02a4&url=https%3a%2f%2fwww.cbsnews.com%2fchicago%2fnews%2fwalgreens-closing-chatham-thursday%2f&c=3904880234451535368&mkt=en-us,www.bing.com,bing_rss,2026-06-04T04:09:00+00:00,2026-07-08T11:58:00+00:00,0.49,"Walgreens closing Chatham store as officials warn of pharmacy deserts Walgreens is set to close in Chicago's Chatham neighborhood on Thursday, and there's growing concern about where families will get their medications.",Walgreens closing stores
7a664be27f76b1019d,Walgreens,,,,,,Why your drug store is closing,http://www.bing.com/news/apiclick.aspx?ref=FexRss&aid=&tid=6a4e3b3fd0714de68c020c62761b02a4&url=https%3a%2f%2fsports.yahoo.com%2farticles%2fwhy-drug-store-closing-090038973.html&c=10053318772980558761&mkt=en-us,www.bing.com,bing_rss,2024-10-15T16:59:00+00:00,2026-07-08T11:58:00+00:00,0.61,"Walgreens announced Tuesday it plans to close 1,200 stores, meaning 1 in 7 will disappear.",Walgreens closing stores
2a2d79a7b7fcc9113f,Walgreens,"Chicago, IL",Chicago,IL,,,"Walgreens closes Midtown location, the eighth shuttered in three years",http://www.bing.com/news/apiclick.aspx?ref=FexRss&aid=&tid=6a4e3b3fd0714de68c020c62761b02a4&url=https%3a%2f%2fwww.yahoo.com%2fnews%2fus%2farticles%2fwalgreens-closes-midtown-location-eighth-185356837.html&c=16834571838889409791&mkt=en-us,www.bing.com,bing_rss,2026-06-23T11:53:00+00:00,2026-07-08T11:58:00+00:00,1.00,"Walgreens closes Midtown location, the eighth shuttered in three years Add Yahoo as a preferred source to see more of our stories on Google.",Walgreens closing stores
126c6d35ce03ac87d2,Walgreens,,,,,,"Walgreens to close Chatham store after more than $1M loss, cites theft and declining sales",http://www.bing.com/news/apiclick.aspx?ref=FexRss&aid=&tid=6a4e3b3fd0714de68c020c62761b02a4&url=https%3a%2f%2fwww.aol.com%2fnews%2fwalgreens-close-chatham-store-more-023340460.html&c=6188010764375494095&mkt=en-us,www.bing.com,bing_rss,2026-05-09T16:59:00+00:00,2026-07-08T11:58:00+00:00,0.90,"Walgreens to close Chatham store after more than $1M loss, cites theft and declining sales CHICAGO - For the first time, Walgreens is revealing some of the specific financial problems that prompted it to close a longtime location on Chicago's South Side.",Walgreens closing stores
962cb9acdedd02649d,Walgreens,,,,,,"Walgreens will close Chicago store due to theft, violence",http://www.bing.com/news/apiclick.aspx?ref=FexRss&aid=&tid=6a4e3b3fd0714de68c020c62761b02a4&url=https%3a%2f%2fwww.supermarketnews.com%2fnonfood-pharmacy%2fwalgreens-closes-chicago-store-due-to-theft-violence&c=17326281027672621165&mkt=en-us,www.bing.com,bing_rss,2026-05-06T17:01:00+00:00,2026-07-08T11:58:00+00:00,0.90,"Walgreens will close Chicago store due to theft, violence Walgreens is closing a location on Chicago's South Side due to theft and violence, according to multiple reports.",Walgreens closing stores
3a148d49bc88f0d001,Walgreens,,,,,,"More than 4,100 stores and restaurants are closing across the US this year. Here's the list.",http://www.bing.com/news/apiclick.aspx?ref=FexRss&aid=&tid=6a4e3b3fd0714de68c020c62761b02a4&url=https%3a%2f%2fwww.businessinsider.com%2fstores-closing-in-2025-list&c=13973718250869851834&mkt=en-us,www.bing.com,bing_rss,2025-12-24T03:02:00+00:00,2026-07-08T11:58:00+00:00,0.90,Other retailers are also shuttering locations.,Walgreens closing stores
06796c3ac79b3b2a7e,Walgreens,,,,,,"Milwaukee Walgreens closed, 27th and North; what to know",http://www.bing.com/news/apiclick.aspx?ref=FexRss&aid=&tid=6a4e3b3fd0714de68c020c62761b02a4&url=https%3a%2f%2fwww.aol.com%2fnews%2fmilwaukee-walgreens-closed-27th-north-210559801.html&c=14334300818989621537&mkt=en-us,www.bing.com,bing_rss,2026-06-23T21:05:00+00:00,2026-07-08T11:58:00+00:00,0.73,"Milwaukee Walgreens closed, 27th and North; what to know A Walgreens location on Milwaukee's north side shut down on Tuesday.",Walgreens closing stores
2595f0e4b357b2035f,Walgreens,"Chicago, IL",Chicago,IL,,,"Walgreens closes Midtown location, the eighth shuttered in three years",http://www.bing.com/news/apiclick.aspx?ref=FexRss&aid=&tid=6a4e3b488848423cb623849f5ea19121&url=https%3a%2f%2fwww.yahoo.com%2fnews%2fus%2farticles%2fwalgreens-closes-midtown-location-eighth-185356837.html&c=16834571838889409791&mkt=en-us,www.bing.com,bing_rss,2026-06-23T11:53:00+00:00,2026-07-08T11:58:00+00:00,1.00,"Walgreens closes Midtown location, the eighth shuttered in three years Add Yahoo as a preferred source to see more of our stories on Google.",Walgreens pharmacy closed location
7dfc58b8d324a78061,CVS,,,,,,"What’s open and closed on July 4th: Grocery stores, pharmacies, retail, coffee shops",http://www.bing.com/news/apiclick.aspx?ref=FexRss&aid=&tid=6a50e735c6b7457198c0196bb7866a2a&url=https%3a%2f%2fwww.news4jax.com%2fnews%2flocal%2f2026%2f07%2f03%2fwhats-open-and-closed-on-july-4th-grocery-stores-pharmacies-retail-coffee-shops%2f&c=8859045000603910903&mkt=en-us,www.bing.com,bing_rss,2026-07-03T06:29:00+00:00,2026-07-10T12:36:55+00:00,0.49,"What’s open and closed on July 4th: Grocery stores, pharmacies, retail, coffee shops Planning to pick up last-minute supplies for your Fourth of July cookout?",CVS store closure location
e4c3fdb29a2902689a,CVS,,,,,,Why your drug store is closing,http://www.bing.com/news/apiclick.aspx?ref=FexRss&aid=&tid=6a50e74071ed4be69c50d4400fecf09e&url=https%3a%2f%2fsports.yahoo.com%2farticles%2fwhy-drug-store-closing-090038973.html&c=10053318772980558761&mkt=en-us,www.bing.com,bing_rss,2024-10-15T16:59:00+00:00,2026-07-10T12:36:55+00:00,0.61,"Walgreens announced Tuesday it plans to close 1,200 stores, meaning 1 in 7 will disappear.",CVS closing stores
c25baa66dca8a7f673,CVS,,,,,,CVS fights law that could force over 100 stores to close,http://www.bing.com/news/apiclick.aspx?ref=FexRss&aid=&tid=6a50e74071ed4be69c50d4400fecf09e&url=https%3a%2f%2fwww.aol.com%2ffinance%2fcvs-fights-law-could-force-161300320.html&c=6327375268730961832&mkt=en-us,www.bing.com,bing_rss,2026-04-22T16:59:00+00:00,2026-07-10T12:36:55+00:00,0.61,"CVS fights law that could force over 100 stores to close A sweeping new health care law is setting up a high-stakes battle over prescription drug pricing, corporate power, and patient access.",CVS closing stores
b59b05056d8177fd22,CVS,,,,,,"US store closings up 69% in 2024 amid Big Lots, CVS, Family Dollar cuts",http://www.bing.com/news/apiclick.aspx?ref=FexRss&aid=&tid=6a50e74071ed4be69c50d4400fecf09e&url=https%3a%2f%2fwww.abc15.com%2fbusiness%2fcompany-news%2fus-store-closings-up-69-in-2024-amid-big-lots-cvs-family-dollar-cuts&c=938104820326025808&mkt=en-us,www.bing.com,bing_rss,2024-12-19T02:19:00+00:00,2026-07-10T12:36:55+00:00,0.90,"RELATED STORY | Big Lots files for bankruptcy, says more stores could close Family Dollar has closed the largest number of stores, with 718 confirmed closings.",CVS closing stores
f621ec118010f14205,Walgreens,"Chicago, IL",Chicago,IL,,,"Walgreens closes Midtown location, the eighth shuttered in three years",http://www.bing.com/news/apiclick.aspx?ref=FexRss&aid=&tid=6a50e75398204fcaa57df276862aa67b&url=https%3a%2f%2fwww.yahoo.com%2fnews%2fus%2farticles%2fwalgreens-closes-midtown-location-eighth-185356270.html&c=4970829250727021006&mkt=en-us,www.bing.com,bing_rss,2026-06-23T12:12:00+00:00,2026-07-10T12:36:55+00:00,1.00,"Walgreens closes Midtown location, the eighth shuttered in three years Walgreens is closing its Midtown store due to safety concerns, leaving residents to find new pharmacy options.",Walgreens store closure location
6ab4f64dd3fceedf27,Walgreens,"Chicago, IL",Chicago,IL,,,Walgreens to close Midtown store on Milwaukee’s North Avenue,http://www.bing.com/news/apiclick.aspx?ref=FexRss&aid=&tid=6a50e75398204fcaa57df276862aa67b&url=https%3a%2f%2fwww.aol.com%2fnews%2fwalgreens-close-midtown-store-milwaukee-211103938.html&c=9852718234954816412&mkt=en-us,www.bing.com,bing_rss,2026-05-07T14:56:00+00:00,2026-07-10T12:36:55+00:00,1.00,"Walgreens to close Midtown store on Milwaukee’s North Avenue In another blow to Milwaukee's grocery and pharmacy landscape, Walgreens has begun to notify customers that its midtown location at 2727 W.",Walgreens store closure location
d93700d326dc6e0fd9,Walgreens,,,,,,Walgreens closing Chatham store as officials warn of pharmacy deserts,http://www.bing.com/news/apiclick.aspx?ref=FexRss&aid=&tid=6a50e75d7d114ac6a2b258e9112004b1&url=https%3a%2f%2fwww.cbsnews.com%2fchicago%2fnews%2fwalgreens-closing-chatham-thursday%2f&c=3904880234451535368&mkt=en-us,www.bing.com,bing_rss,2026-06-04T04:09:00+00:00,2026-07-10T12:36:55+00:00,0.49,"Walgreens closing Chatham store as officials warn of pharmacy deserts Walgreens is set to close in Chicago's Chatham neighborhood on Thursday, and there's growing concern about where families will get their medications.",Walgreens closing stores
839bed70e140e56ed8,Walgreens,,,,,,"Walgreens to close Chatham store after more than $1M loss, cites theft and declining sales",http://www.bing.com/news/apiclick.aspx?ref=FexRss&aid=&tid=6a50e75d7d114ac6a2b258e9112004b1&url=https%3a%2f%2fwww.aol.com%2fnews%2fwalgreens-close-chatham-store-more-023340460.html&c=6188010764375494095&mkt=en-us,www.bing.com,bing_rss,2026-05-09T16:59:00+00:00,2026-07-10T12:36:55+00:00,0.90,"Walgreens to close Chatham store after more than $1M loss, cites theft and declining sales CHICAGO - For the first time, Walgreens is revealing some of the specific financial problems that prompted it to close a longtime location on Chicago's South Side.",Walgreens closing stores
7263c00e5671faaa41,Walgreens,,,,,,"Walgreens will close Chicago store due to theft, violence",http://www.bing.com/news/apiclick.aspx?ref=FexRss&aid=&tid=6a50e75d7d114ac6a2b258e9112004b1&url=https%3a%2f%2fwww.supermarketnews.com%2fnonfood-pharmacy%2fwalgreens-closes-chicago-store-due-to-theft-violence&c=17326281027672621165&mkt=en-us,www.bing.com,bing_rss,2026-05-06T17:01:00+00:00,2026-07-10T12:36:55+00:00,0.90,"Walgreens will close Chicago store due to theft, violence Walgreens is closing a location on Chicago's South Side due to theft and violence, according to multiple reports.",Walgreens closing stores
d215247a3c1f166608,Walgreens,"Chicago, IL",Chicago,IL,,,"Walgreens closes Midtown location, the eighth shuttered in three years",http://www.bing.com/news/apiclick.aspx?ref=FexRss&aid=&tid=6a50e75d7d114ac6a2b258e9112004b1&url=https%3a%2f%2fwww.yahoo.com%2fnews%2fus%2farticles%2fwalgreens-closes-midtown-location-eighth-185356270.html&c=4970829250727021006&mkt=en-us,www.bing.com,bing_rss,2026-06-23T12:12:00+00:00,2026-07-10T12:36:55+00:00,1.00,"Walgreens closes Midtown location, the eighth shuttered in three years Walgreens is closing its Midtown store due to safety concerns, leaving residents to find new pharmacy options.",Walgreens closing stores
5c48e9ca48516600d0,Walgreens,"Chicago, IL",Chicago,IL,,,Walgreens to close Midtown store on Milwaukee’s North Avenue,http://www.bing.com/news/apiclick.aspx?ref=FexRss&aid=&tid=6a50e75d7d114ac6a2b258e9112004b1&url=https%3a%2f%2fwww.aol.com%2farticles%2fwalgreens-close-midtown-store-milwaukee-211103214.html&c=2790933303493612534&mkt=en-us,www.bing.com,bing_rss,2026-05-07T14:56:00+00:00,2026-07-10T12:36:55+00:00,1.00,"Walgreens to close Midtown store on Milwaukee’s North Avenue In another blow to Milwaukee's grocery and pharmacy landscape, Walgreens has begun to notify customers that its midtown location at 2727 W.",Walgreens closing stores
8da7b8d82098ed5e4a,Walgreens,,,,,,Walgreens to close St. Louis County store,http://www.bing.com/news/apiclick.aspx?ref=FexRss&aid=&tid=6a50e75d7d114ac6a2b258e9112004b1&url=https%3a%2f%2fwww.bizjournals.com%2fstlouis%2fnews%2f2026%2f06%2f11%2fst-louis-county-walgreens-store-to-close.html&c=383589223251537787&mkt=en-us,www.bing.com,bing_rss,2026-06-10T17:00:00+00:00,2026-07-10T12:36:55+00:00,0.37,Walgreens to close St.,Walgreens closing stores
adb2c215b94af33790,Walgreens,"Chicago, IL",Chicago,IL,,,"Walgreens closes Midtown location, the eighth shuttered in three years",http://www.bing.com/news/apiclick.aspx?ref=FexRss&aid=&tid=6a50e76782ef429ea5bf8f10ef257fbb&url=https%3a%2f%2fwww.yahoo.com%2fnews%2fus%2farticles%2fwalgreens-closes-midtown-location-eighth-185356270.html&c=4970829250727021006&mkt=en-us,www.bing.com,bing_rss,2026-06-23T12:12:00+00:00,2026-07-10T12:36:55+00:00,1.00,"Walgreens closes Midtown location, the eighth shuttered in three years Walgreens is closing its Midtown store due to safety concerns, leaving residents to find new pharmacy options.",Walgreens pharmacy closed location
f0aecc481f3e0166df,Walgreens,"Chicago, IL",Chicago,IL,,,Local pharmacy chain steps in as Midtown Walgreens prepares to close,http://www.bing.com/news/apiclick.aspx?ref=FexRss&aid=&tid=6a50e76782ef429ea5bf8f10ef257fbb&url=https%3a%2f%2fwww.jsonline.com%2fstory%2fnews%2flocal%2fmilwaukee%2fneighborhoods%2f2026%2f06%2f09%2fhayat-pharmacy-hosts-prescription-transfer-event-ahead-of-midtown-walgreens-closure%2f90389536007%2f&c=2976355734085642364&mkt=en-us,www.bing.com,bing_rss,2026-06-09T11:39:00+00:00,2026-07-10T12:36:55+00:00,0.79,"Local pharmacy chain steps in as Midtown Walgreens prepares to close With the Midtown Walgreens at 27th Street and North Avenue set to close on June 23, Hayat Pharmacy is encouraging residents to transfer prescriptions to the local chain.",Walgreens pharmacy closed location
05d57fb63b34f955c7,Walgreens,"Chicago, IL",Chicago,IL,,,Walgreens to close Midtown store on Milwaukee’s North Avenue,http://www.bing.com/news/apiclick.aspx?ref=FexRss&aid=&tid=6a50e76782ef429ea5bf8f10ef257fbb&url=https%3a%2f%2fwww.aol.com%2farticles%2fwalgreens-close-midtown-store-milwaukee-211103938.html&c=4346250834217524639&mkt=en-us,www.bing.com,bing_rss,2026-05-07T14:56:00+00:00,2026-07-10T12:36:55+00:00,1.00,"Walgreens to close Midtown store on Milwaukee’s North Avenue In another blow to Milwaukee's grocery and pharmacy landscape, Walgreens has begun to notify customers that its midtown location at 2727 W.",Walgreens pharmacy closed location
28569ee015ccf16ef4,Walgreens,,,,,,"Milwaukee Walgreens closed, 27th and North; what to know",http://www.bing.com/news/apiclick.aspx?ref=FexRss&aid=&tid=6a50e76782ef429ea5bf8f10ef257fbb&url=https%3a%2f%2fwww.yahoo.com%2fnews%2fus%2farticles%2fmilwaukee-walgreens-closed-27th-north-210559368.html&c=8981508418109461224&mkt=en-us,www.bing.com,bing_rss,2026-06-23T18:33:00+00:00,2026-07-10T12:36:55+00:00,0.73,"Milwaukee Walgreens closed, 27th and North; what to know A Walgreens location on Milwaukee's north side shut down on Tuesday.",Walgreens pharmacy closed location
6eab0fb57683a6580b,CVS,,,,,,CVS Plans to Close 271 Stores in 2025 (Is Your Location at Risk?),http://www.bing.com/news/apiclick.aspx?ref=FexRss&aid=&tid=6a5226737acd4644b62e19dd6c2e7eae&url=https%3a%2f%2fwww.msn.com%2fen-us%2fmoney%2fgeneral%2fcvs-plans-to-close-271-stores-in-2025-is-your-location-at-risk%2far-AA1Iltph&c=5746553303795916932&mkt=en-us,www.bing.com,bing_rss,2025-07-10T07:05:00+00:00,2026-07-11T11:19:16+00:00,0.72,"CVS Plans to Close 271 Stores in 2025 (Is Your Location at Risk?) CVS will close 271 stores in 2025, continuing its retail realignment.",CVS store closure location
9f943ed465aefd447e,CVS,,,,,,"What’s open and closed on July 4th: Grocery stores, pharmacies, retail, coffee shops",http://www.bing.com/news/apiclick.aspx?ref=FexRss&aid=&tid=6a5226737acd4644b62e19dd6c2e7eae&url=https%3a%2f%2fwww.news4jax.com%2fnews%2flocal%2f2026%2f07%2f03%2fwhats-open-and-closed-on-july-4th-grocery-stores-pharmacies-retail-coffee-shops%2f&c=8859045000603910903&mkt=en-us,www.bing.com,bing_rss,2026-07-03T06:29:00+00:00,2026-07-11T11:19:16+00:00,0.49,"What’s open and closed on July 4th: Grocery stores, pharmacies, retail, coffee shops Planning to pick up last-minute supplies for your Fourth of July cookout?",CVS store closure location
da90792ec3e4137097,CVS,,,,,,CVS Plans to Close 271 Stores in 2025 (Is Your Location at Risk?),http://www.bing.com/news/apiclick.aspx?ref=FexRss&aid=&tid=6a52267f8a35408698496e4115cf9c90&url=https%3a%2f%2fwww.msn.com%2fen-us%2fmoney%2fgeneral%2fcvs-plans-to-close-271-stores-in-2025-is-your-location-at-risk%2far-AA1Iltph&c=5746553303795916932&mkt=en-us,www.bing.com,bing_rss,2025-07-10T07:05:00+00:00,2026-07-11T11:19:16+00:00,0.72,"CVS Plans to Close 271 Stores in 2025 (Is Your Location at Risk?) CVS will close 271 stores in 2025, continuing its retail realignment.",CVS closing stores
6fe96bbe783c86b502,CVS,,,,,,Why your drug store is closing,http://www.bing.com/news/apiclick.aspx?ref=FexRss&aid=&tid=6a52267f8a35408698496e4115cf9c90&url=https%3a%2f%2fsports.yahoo.com%2farticles%2fwhy-drug-store-closing-090038973.html&c=10053318772980558761&mkt=en-us,www.bing.com,bing_rss,2024-10-15T16:59:00+00:00,2026-07-11T11:19:16+00:00,0.61,"Walgreens announced Tuesday it plans to close 1,200 stores, meaning 1 in 7 will disappear.",CVS closing stores
cae72acf064b08a4b7,CVS,,,,,,CVS fights law that could force over 100 stores to close,http://www.bing.com/news/apiclick.aspx?ref=FexRss&aid=&tid=6a52267f8a35408698496e4115cf9c90&url=https%3a%2f%2fwww.aol.com%2ffinance%2fcvs-fights-law-could-force-161300320.html&c=6327375268730961832&mkt=en-us,www.bing.com,bing_rss,2026-04-22T16:59:00+00:00,2026-07-11T11:19:16+00:00,0.61,"CVS fights law that could force over 100 stores to close A sweeping new health care law is setting up a high-stakes battle over prescription drug pricing, corporate power, and patient access.",CVS closing stores
4a7ff005a00a09623b,CVS,,,,,,"US store closings up 69% in 2024 amid Big Lots, CVS, Family Dollar cuts",http://www.bing.com/news/apiclick.aspx?ref=FexRss&aid=&tid=6a52267f8a35408698496e4115cf9c90&url=https%3a%2f%2fwww.abc15.com%2fbusiness%2fcompany-news%2fus-store-closings-up-69-in-2024-amid-big-lots-cvs-family-dollar-cuts&c=938104820326025808&mkt=en-us,www.bing.com,bing_rss,2024-12-19T02:19:00+00:00,2026-07-11T11:19:16+00:00,0.90,"RELATED STORY | Big Lots files for bankruptcy, says more stores could close Family Dollar has closed the largest number of stores, with 718 confirmed closings.",CVS closing stores
1d40e300ff2f37e78e,CVS,,,,,,CVS Plans to Close 271 Stores in 2025 (Is Your Location at Risk?),http://www.bing.com/news/apiclick.aspx?ref=FexRss&aid=&tid=6a52268a8d794797a92fce46039604d3&url=https%3a%2f%2fwww.msn.com%2fen-us%2fmoney%2fgeneral%2fcvs-plans-to-close-271-stores-in-2025-is-your-location-at-risk%2far-AA1Iltph&c=5746553303795916932&mkt=en-us,www.bing.com,bing_rss,2025-07-10T07:05:00+00:00,2026-07-11T11:19:16+00:00,0.72,"CVS Plans to Close 271 Stores in 2025 (Is Your Location at Risk?) CVS will close 271 stores in 2025, continuing its retail realignment.",CVS pharmacy closed location
62d8e2ebe33aa1d2e8,Walgreens,"Chicago, IL",Chicago,IL,,,"Walgreens closes Midtown location, the eighth shuttered in three years",http://www.bing.com/news/apiclick.aspx?ref=FexRss&aid=&tid=6a52269a29b149deafb87894c707dfb7&url=https%3a%2f%2fwww.yahoo.com%2fnews%2fus%2farticles%2fwalgreens-closes-midtown-location-eighth-185356270.html&c=4970829250727021006&mkt=en-us,www.bing.com,bing_rss,2026-06-23T12:12:00+00:00,2026-07-11T11:19:16+00:00,1.00,"Walgreens closes Midtown location, the eighth shuttered in three years Walgreens is closing its Midtown store due to safety concerns, leaving residents to find new pharmacy options.",Walgreens store closure location
fd8900e8ec8b90e750,Walgreens,"Chicago, IL",Chicago,IL,,,Walgreens to close Midtown store on Milwaukee’s North Avenue,http://www.bing.com/news/apiclick.aspx?ref=FexRss&aid=&tid=6a52269a29b149deafb87894c707dfb7&url=https%3a%2f%2fwww.aol.com%2fnews%2fwalgreens-close-midtown-store-milwaukee-211103938.html&c=9852718234954816412&mkt=en-us,www.bing.com,bing_rss,2026-05-07T14:56:00+00:00,2026-07-11T11:19:16+00:00,1.00,"Walgreens to close Midtown store on Milwaukee’s North Avenue In another blow to Milwaukee's grocery and pharmacy landscape, Walgreens has begun to notify customers that its midtown location at 2727 W.",Walgreens store closure location
96a5a4754ed89df1c3,Walgreens,,,,,,"Walgreens to close Chatham store after more than $1M loss, cites theft and declining sales",http://www.bing.com/news/apiclick.aspx?ref=FexRss&aid=&tid=6a5226a7b3d94bee833024d098784eab&url=https%3a%2f%2fwww.aol.com%2fnews%2fwalgreens-close-chatham-store-more-023340460.html&c=6188010764375494095&mkt=en-us,www.bing.com,bing_rss,2026-05-09T16:59:00+00:00,2026-07-11T11:19:16+00:00,0.90,"Walgreens to close Chatham store after more than $1M loss, cites theft and declining sales CHICAGO - For the first time, Walgreens is revealing some of the specific financial problems that prompted it to close a longtime location on Chicago's South Side.",Walgreens closing stores
3ce7c39d0954ba7851,Walgreens,,,,,,Walgreens to close Midtown store on Milwaukee’s North Avenue,http://www.bing.com/news/apiclick.aspx?ref=FexRss&aid=&tid=6a5226a7b3d94bee833024d098784eab&url=https%3a%2f%2fwww.msn.com%2fen-us%2fnews%2fother%2fwalgreens-to-close-midtown-store-on-milwaukee-s-north-avenue%2far-AA22nH5N&c=13671027700461977555&mkt=en-us,www.bing.com,bing_rss,2026-05-04T14:19:00+00:00,2026-07-11T11:19:16+00:00,0.72,"Walgreens to close Midtown store on Milwaukee’s North Avenue In another blow to Milwaukee’s grocery and pharmacy landscape, Walgreens has begun to notify customers that its midtown location at 2727 W.",Walgreens closing stores
dd462608298a819055,Walgreens,"Chicago, IL",Chicago,IL,,,"Walgreens closes Midtown location, the eighth shuttered in three years",http://www.bing.com/news/apiclick.aspx?ref=FexRss&aid=&tid=6a5226a7b3d94bee833024d098784eab&url=https%3a%2f%2fwww.yahoo.com%2fnews%2fus%2farticles%2fwalgreens-closes-midtown-location-eighth-185356270.html&c=4970829250727021006&mkt=en-us,www.bing.com,bing_rss,2026-06-23T12:12:00+00:00,2026-07-11T11:19:16+00:00,1.00,"Walgreens closes Midtown location, the eighth shuttered in three years Walgreens is closing its Midtown store due to safety concerns, leaving residents to find new pharmacy options.",Walgreens closing stores
b8c8a6dd123c19d47f,Walgreens,,,,,,"Walgreens will close Chicago store due to theft, violence",http://www.bing.com/news/apiclick.aspx?ref=FexRss&aid=&tid=6a5226a7b3d94bee833024d098784eab&url=https%3a%2f%2fwww.supermarketnews.com%2fnonfood-pharmacy%2fwalgreens-closes-chicago-store-due-to-theft-violence&c=17326281027672621165&mkt=en-us,www.bing.com,bing_rss,2026-05-06T17:01:00+00:00,2026-07-11T11:19:16+00:00,0.90,"Walgreens will close Chicago store due to theft, violence Walgreens is closing a location on Chicago's South Side due to theft and violence, according to multiple reports.",Walgreens closing stores
c32f7c590e5565bd3a,Walgreens,,,,,,Walgreens closing Chatham store as officials warn of pharmacy deserts,http://www.bing.com/news/apiclick.aspx?ref=FexRss&aid=&tid=6a5226a7b3d94bee833024d098784eab&url=https%3a%2f%2fwww.cbsnews.com%2fchicago%2fnews%2fwalgreens-closing-chatham-thursday%2f&c=3904880234451535368&mkt=en-us,www.bing.com,bing_rss,2026-06-04T04:09:00+00:00,2026-07-11T11:19:16+00:00,0.49,"Walgreens closing Chatham store as officials warn of pharmacy deserts Walgreens is set to close in Chicago's Chatham neighborhood on Thursday, and there's growing concern about where families will get their medications.",Walgreens closing stores
5175acb31e6096566b,Walgreens,,,,,,Schenectady Sheridan Plaza revival in the works | Community Journalism Fund,https://www.dailygazette.com/cjfund/schenectady-sheridan-plaza-retail-commercial/article_4f3d88ae-c7c2-4f5b-9fa8-66323492a872.html,www.dailygazette.com,gdelt,20260710T183000Z,2026-07-11T11:19:16+00:00,0.49,The Trustco and Walgreens closed their doors two years ago.,Walgreens pharmacy closed location
e0aef038fac21f5a9d,Walgreens,"Chicago, IL",Chicago,IL,,,"Walgreens closes Midtown location, the eighth shuttered in three years",http://www.bing.com/news/apiclick.aspx?ref=FexRss&aid=&tid=6a5226b42fa749d2b1b775c0438a76f8&url=https%3a%2f%2fwww.yahoo.com%2fnews%2fus%2farticles%2fwalgreens-closes-midtown-location-eighth-185356270.html&c=4970829250727021006&mkt=en-us,www.bing.com,bing_rss,2026-06-23T12:12:00+00:00,2026-07-11T11:19:16+00:00,1.00,"Walgreens closes Midtown location, the eighth shuttered in three years Walgreens is closing its Midtown store due to safety concerns, leaving residents to find new pharmacy options.",Walgreens pharmacy closed location
eb019ded01b839c188,Walgreens,"Chicago, IL",Chicago,IL,,,Local pharmacy chain steps in as Midtown Walgreens prepares to close,http://www.bing.com/news/apiclick.aspx?ref=FexRss&aid=&tid=6a5226b42fa749d2b1b775c0438a76f8&url=https%3a%2f%2fwww.jsonline.com%2fstory%2fnews%2flocal%2fmilwaukee%2fneighborhoods%2f2026%2f06%2f09%2fhayat-pharmacy-hosts-prescription-transfer-event-ahead-of-midtown-walgreens-closure%2f90389536007%2f&c=2976355734085642364&mkt=en-us,www.bing.com,bing_rss,2026-06-09T11:39:00+00:00,2026-07-11T11:19:16+00:00,0.79,"Local pharmacy chain steps in as Midtown Walgreens prepares to close With the Midtown Walgreens at 27th Street and North Avenue set to close on June 23, Hayat Pharmacy is encouraging residents to transfer prescriptions to the local chain.",Walgreens pharmacy closed location
95064546c832711491,Walgreens,"Chicago, IL",Chicago,IL,,,Walgreens to close Midtown store on Milwaukee’s North Avenue,http://www.bing.com/news/apiclick.aspx?ref=FexRss&aid=&tid=6a5226b42fa749d2b1b775c0438a76f8&url=https%3a%2f%2fwww.aol.com%2farticles%2fwalgreens-close-midtown-store-milwaukee-211103938.html&c=4346250834217524639&mkt=en-us,www.bing.com,bing_rss,2026-05-07T14:56:00+00:00,2026-07-11T11:19:16+00:00,1.00,"Walgreens to close Midtown store on Milwaukee’s North Avenue In another blow to Milwaukee's grocery and pharmacy landscape, Walgreens has begun to notify customers that its midtown location at 2727 W.",Walgreens pharmacy closed location
64aaa747d032ed26d0,Walgreens,,,,,,"Milwaukee Walgreens closed, 27th and North; what to know",http://www.bing.com/news/apiclick.aspx?ref=FexRss&aid=&tid=6a5226b42fa749d2b1b775c0438a76f8&url=https%3a%2f%2fwww.yahoo.com%2fnews%2fus%2farticles%2fmilwaukee-walgreens-closed-27th-north-210559368.html&c=8981508418109461224&mkt=en-us,www.bing.com,bing_rss,2026-06-23T18:33:00+00:00,2026-07-11T11:19:16+00:00,0.73,"Milwaukee Walgreens closed, 27th and North; what to know A Walgreens location on Milwaukee's north side shut down on Tuesday.",Walgreens pharmacy closed location
02b6faac8ee4fdc8a0,CVS,,,,,,CVS Plans to Close 271 Stores in 2025 (Is Your Location at Risk?),http://www.bing.com/news/apiclick.aspx?ref=FexRss&aid=&tid=6a537906e4214d638716ee009c43e1af&url=https%3a%2f%2fwww.msn.com%2fen-us%2fmoney%2fgeneral%2fcvs-plans-to-close-271-stores-in-2025-is-your-location-at-risk%2far-AA1Iltph&c=5746553303795916932&mkt=en-us,www.bing.com,bing_rss,2025-07-10T07:05:00+00:00,2026-07-12T11:23:34+00:00,0.72,"CVS Plans to Close 271 Stores in 2025 (Is Your Location at Risk?) CVS will close 271 stores in 2025, continuing its retail realignment.",CVS store closure location
ca453945d4b482fb78,CVS,,,,,,CVS Plans to Close 271 Stores in 2025 (Is Your Location at Risk?),http://www.bing.com/news/apiclick.aspx?ref=FexRss&aid=&tid=6a53790e94c044cca9d309301304972f&url=https%3a%2f%2fwww.msn.com%2fen-us%2fmoney%2fgeneral%2fcvs-plans-to-close-271-stores-in-2025-is-your-location-at-risk%2far-AA1Iltph&c=5746553303795916932&mkt=en-us,www.bing.com,bing_rss,2025-07-10T07:05:00+00:00,2026-07-12T11:23:34+00:00,0.72,"CVS Plans to Close 271 Stores in 2025 (Is Your Location at Risk?) CVS will close 271 stores in 2025, continuing its retail realignment.",CVS closing stores
6ab1de7cb38ba0be0b,CVS,,,,,,Why your drug store is closing,http://www.bing.com/news/apiclick.aspx?ref=FexRss&aid=&tid=6a53790e94c044cca9d309301304972f&url=https%3a%2f%2fsports.yahoo.com%2farticles%2fwhy-drug-store-closing-090038973.html&c=10053318772980558761&mkt=en-us,www.bing.com,bing_rss,2024-10-15T16:59:00+00:00,2026-07-12T11:23:34+00:00,0.61,"Walgreens announced Tuesday it plans to close 1,200 stores, meaning 1 in 7 will disappear.",CVS closing stores
8810a7187d000e96f8,CVS,,,,,,CVS fights law that could force over 100 stores to close,http://www.bing.com/news/apiclick.aspx?ref=FexRss&aid=&tid=6a53790e94c044cca9d309301304972f&url=https%3a%2f%2fwww.aol.com%2ffinance%2fcvs-fights-law-could-force-161300320.html&c=6327375268730961832&mkt=en-us,www.bing.com,bing_rss,2026-04-22T16:59:00+00:00,2026-07-12T11:23:34+00:00,0.61,"CVS fights law that could force over 100 stores to close A sweeping new health care law is setting up a high-stakes battle over prescription drug pricing, corporate power, and patient access.",CVS closing stores
248d90856469ffb251,CVS,,,,,,"US store closings up 69% in 2024 amid Big Lots, CVS, Family Dollar cuts",http://www.bing.com/news/apiclick.aspx?ref=FexRss&aid=&tid=6a53790e94c044cca9d309301304972f&url=https%3a%2f%2fwww.abc15.com%2fbusiness%2fcompany-news%2fus-store-closings-up-69-in-2024-amid-big-lots-cvs-family-dollar-cuts&c=938104820326025808&mkt=en-us,www.bing.com,bing_rss,2024-12-19T02:19:00+00:00,2026-07-12T11:23:34+00:00,0.90,"RELATED STORY | Big Lots files for bankruptcy, says more stores could close Family Dollar has closed the largest number of stores, with 718 confirmed closings.",CVS closing stores
1728c4001864447449,CVS,,,,,,CVS Plans to Close 271 Stores in 2025 (Is Your Location at Risk?),http://www.bing.com/news/apiclick.aspx?ref=FexRss&aid=&tid=6a537918c7e54d46bb035ef84b38b85a&url=https%3a%2f%2fwww.msn.com%2fen-us%2fmoney%2fgeneral%2fcvs-plans-to-close-271-stores-in-2025-is-your-location-at-risk%2far-AA1Iltph&c=5746553303795916932&mkt=en-us,www.bing.com,bing_rss,2025-07-10T07:05:00+00:00,2026-07-12T11:23:34+00:00,0.72,"CVS Plans to Close 271 Stores in 2025 (Is Your Location at Risk?) CVS will close 271 stores in 2025, continuing its retail realignment.",CVS pharmacy closed location
bae269f5fd8b729afc,Walgreens,"Chicago, IL",Chicago,IL,,,"Walgreens closes Midtown location, the eighth shuttered in three years",http://www.bing.com/news/apiclick.aspx?ref=FexRss&aid=&tid=6a537923f00e49ee88b3eb3e9e550192&url=https%3a%2f%2fwww.yahoo.com%2fnews%2fus%2farticles%2fwalgreens-closes-midtown-location-eighth-185356270.html&c=4970829250727021006&mkt=en-us,www.bing.com,bing_rss,2026-06-23T12:12:00+00:00,2026-07-12T11:23:34+00:00,1.00,"Walgreens closes Midtown location, the eighth shuttered in three years Walgreens is closing its Midtown store due to safety concerns, leaving residents to find new pharmacy options.",Walgreens store closure location
a380c27983d55cb648,Walgreens,"Chicago, IL",Chicago,IL,,,Walgreens to close Midtown store on Milwaukee’s North Avenue,http://www.bing.com/news/apiclick.aspx?ref=FexRss&aid=&tid=6a537923f00e49ee88b3eb3e9e550192&url=https%3a%2f%2fwww.aol.com%2fnews%2fwalgreens-close-midtown-store-milwaukee-211103938.html&c=9852718234954816412&mkt=en-us,www.bing.com,bing_rss,2026-05-07T14:56:00+00:00,2026-07-12T11:23:34+00:00,1.00,"Walgreens to close Midtown store on Milwaukee’s North Avenue In another blow to Milwaukee's grocery and pharmacy landscape, Walgreens has begun to notify customers that its midtown location at 2727 W.",Walgreens store closure location
29708fdb6e49f75f32,Walgreens,,,,,,Walgreens closing Chatham store as officials warn of pharmacy deserts,http://www.bing.com/news/apiclick.aspx?ref=FexRss&aid=&tid=6a53792c5b994a8d919a2fce32e47154&url=https%3a%2f%2fwww.cbsnews.com%2fchicago%2fnews%2fwalgreens-closing-chatham-thursday%2f&c=3904880234451535368&mkt=en-us,www.bing.com,bing_rss,2026-06-04T04:09:00+00:00,2026-07-12T11:23:34+00:00,0.49,"Walgreens closing Chatham store as officials warn of pharmacy deserts Walgreens is set to close in Chicago's Chatham neighborhood on Thursday, and there's growing concern about where families will get their medications.",Walgreens closing stores
31e9a5494b003b0f0a,Walgreens,"Chicago, IL",Chicago,IL,,,"Walgreens closes Midtown location, the eighth shuttered in three years",http://www.bing.com/news/apiclick.aspx?ref=FexRss&aid=&tid=6a53792c5b994a8d919a2fce32e47154&url=https%3a%2f%2fwww.jsonline.com%2fstory%2fnews%2flocal%2fmilwaukee%2fneighborhoods%2f2026%2f06%2f23%2fmidtown-walgreens-location-closes-eighth-in-three-years%2f90660844007%2f&c=5495579637630957261&mkt=en-us,www.bing.com,bing_rss,2026-06-23T12:09:00+00:00,2026-07-12T11:23:34+00:00,1.00,"Walgreens closes Midtown location, the eighth shuttered in three years Walgreens is closing its Midtown store due to safety concerns, leaving residents to find new pharmacy options.",Walgreens closing stores
015b46fc560ff2c90a,Walgreens,"Chicago, IL",Chicago,IL,,,"Walgreens closes Midtown location, the eighth shuttered in three years",http://www.bing.com/news/apiclick.aspx?ref=FexRss&aid=&tid=6a53793672774e89b750352eca52752e&url=https%3a%2f%2fwww.yahoo.com%2fnews%2fus%2farticles%2fwalgreens-closes-midtown-location-eighth-185356270.html&c=4970829250727021006&mkt=en-us,www.bing.com,bing_rss,2026-06-23T12:12:00+00:00,2026-07-12T11:23:34+00:00,1.00,"Walgreens closes Midtown location, the eighth shuttered in three years Walgreens is closing its Midtown store due to safety concerns, leaving residents to find new pharmacy options.",Walgreens pharmacy closed location
d1093dd9c980f96235,Walgreens,,,,,,"Milwaukee Walgreens closed, 27th and North; what to know",http://www.bing.com/news/apiclick.aspx?ref=FexRss&aid=&tid=6a53793672774e89b750352eca52752e&url=https%3a%2f%2fwww.yahoo.com%2fnews%2fus%2farticles%2fmilwaukee-walgreens-closed-27th-north-210559368.html&c=8981508418109461224&mkt=en-us,www.bing.com,bing_rss,2026-06-23T18:33:00+00:00,2026-07-12T11:23:34+00:00,0.73,"Milwaukee Walgreens closed, 27th and North; what to know A Walgreens location on Milwaukee's north side shut down on Tuesday.",Walgreens pharmacy closed location
9e47e28bbde9bdbbe6,CVS,,,,,,Why your drug store is closing,http://www.bing.com/news/apiclick.aspx?ref=FexRss&aid=&tid=6a54dd083e8d4591b43c608c2cad7560&url=https%3a%2f%2fsports.yahoo.com%2farticles%2fwhy-drug-store-closing-090038973.html&c=10053318772980558761&mkt=en-us,www.bing.com,bing_rss,2024-10-15T16:59:00+00:00,2026-07-13T12:43:18+00:00,0.61,"Walgreens announced Tuesday it plans to close 1,200 stores, meaning 1 in 7 will disappear.",CVS closing stores
e9425e6cbec1e7841b,CVS,,,,,,CVS fights law that could force over 100 stores to close,http://www.bing.com/news/apiclick.aspx?ref=FexRss&aid=&tid=6a54dd083e8d4591b43c608c2cad7560&url=https%3a%2f%2fwww.aol.com%2ffinance%2fcvs-fights-law-could-force-161300320.html&c=6327375268730961832&mkt=en-us,www.bing.com,bing_rss,2026-04-22T16:59:00+00:00,2026-07-13T12:43:18+00:00,0.61,"CVS fights law that could force over 100 stores to close A sweeping new health care law is setting up a high-stakes battle over prescription drug pricing, corporate power, and patient access.",CVS closing stores
b7da33e09e1188d06f,CVS,,,,,,"US store closings up 69% in 2024 amid Big Lots, CVS, Family Dollar cuts",http://www.bing.com/news/apiclick.aspx?ref=FexRss&aid=&tid=6a54dd083e8d4591b43c608c2cad7560&url=https%3a%2f%2fwww.abc15.com%2fbusiness%2fcompany-news%2fus-store-closings-up-69-in-2024-amid-big-lots-cvs-family-dollar-cuts&c=938104820326025808&mkt=en-us,www.bing.com,bing_rss,2024-12-19T02:19:00+00:00,2026-07-13T12:43:18+00:00,0.90,"RELATED STORY | Big Lots files for bankruptcy, says more stores could close Family Dollar has closed the largest number of stores, with 718 confirmed closings.",CVS closing stores
b81b789bd719e7fd31,Walgreens,,,,,,"Milwaukee Walgreens closed, 27th and North; what to know",http://www.bing.com/news/apiclick.aspx?ref=FexRss&aid=&tid=6a54dd6640c1456a97dfd9fbfcd31295&url=https%3a%2f%2fwww.yahoo.com%2fnews%2fus%2farticles%2fmilwaukee-walgreens-closed-27th-north-210559368.html&c=8981508418109461224&mkt=en-us,www.bing.com,bing_rss,2026-06-23T18:33:00+00:00,2026-07-13T12:43:18+00:00,0.73,"Milwaukee Walgreens closed, 27th and North; what to know A Walgreens location on Milwaukee's north side shut down on Tuesday.",Walgreens pharmacy closed location
41853c3e456088cbdc,CVS,,,,,,CVS fights law that could force over 100 stores to close,http://www.bing.com/news/apiclick.aspx?ref=FexRss&aid=&tid=6a5620b6990d4aeb97936a09052399be&url=https%3a%2f%2fwww.aol.com%2ffinance%2fcvs-fights-law-could-force-161300320.html&c=6327375268730961832&mkt=en-us,www.bing.com,bing_rss,2026-04-22T16:59:00+00:00,2026-07-14T11:43:27+00:00,0.61,"CVS fights law that could force over 100 stores to close A sweeping new health care law is setting up a high-stakes battle over prescription drug pricing, corporate power, and patient access.",CVS closing stores
bc98ee1a7e951e0939,CVS,,,,,,"US store closings up 69% in 2024 amid Big Lots, CVS, Family Dollar cuts",http://www.bing.com/news/apiclick.aspx?ref=FexRss&aid=&tid=6a5620b6990d4aeb97936a09052399be&url=https%3a%2f%2fwww.abc15.com%2fbusiness%2fcompany-news%2fus-store-closings-up-69-in-2024-amid-big-lots-cvs-family-dollar-cuts&c=938104820326025808&mkt=en-us,www.bing.com,bing_rss,2024-12-19T02:19:00+00:00,2026-07-14T11:43:27+00:00,0.90,"RELATED STORY | Big Lots files for bankruptcy, says more stores could close Family Dollar has closed the largest number of stores, with 718 confirmed closings.",CVS closing stores
57c1fd7f6bb906a54a,Walgreens,,,,,,Walgreens closing numerous stores amid 'challenging' retail environment,http://www.bing.com/news/apiclick.aspx?ref=FexRss&aid=&tid=6a5620d48685485f9a28e6c512b031b1&url=https%3a%2f%2fwww.wptv.com%2fbusiness%2fcompany-news%2fwalgreens-closing-numerous-stores-amid-challenging-retail-environment&c=6863907681722574937&mkt=en-us,www.bing.com,bing_rss,2024-06-26T22:44:00+00:00,2026-07-14T11:43:27+00:00,0.49,"Walgreens closing numerous stores amid 'challenging' retail environment Walgreens, one of America's largest pharmacy chains, announced early Thursday plans to close numerous stores across the U.S.",Walgreens closing stores
151ed781d19f46be92,Walgreens,,,,,,Walgreens closing Chatham store as officials warn of pharmacy deserts,http://www.bing.com/news/apiclick.aspx?ref=FexRss&aid=&tid=6a5620d48685485f9a28e6c512b031b1&url=https%3a%2f%2fwww.cbsnews.com%2fchicago%2fnews%2fwalgreens-closing-chatham-thursday%2f&c=3904880234451535368&mkt=en-us,www.bing.com,bing_rss,2026-06-04T04:09:00+00:00,2026-07-14T11:43:27+00:00,0.49,"Walgreens closing Chatham store as officials warn of pharmacy deserts Walgreens is set to close in Chicago's Chatham neighborhood on Thursday, and there's growing concern about where families will get their medications.",Walgreens closing stores
5741c4c3980faab4a1,Walgreens,,,,,,"Walgreens says it's closing 1,200 'underperforming' stores amid soft sales",http://www.bing.com/news/apiclick.aspx?ref=FexRss&aid=&tid=6a5620d48685485f9a28e6c512b031b1&url=https%3a%2f%2fwww.koaa.com%2fbusiness%2fcompany-news%2fwalgreens-says-its-closing-1-200-underperforming-stores-amid-soft-sales&c=4479475427048052718&mkt=en-us,www.bing.com,bing_rss,2024-10-15T06:43:00+00:00,2026-07-14T11:43:27+00:00,0.49,"Walgreens says it's closing 1,200 'underperforming' stores amid soft sales Walgreens announced on Tuesday plans to close 1,200 ""underperforming"" locations by 2027, including about 500 in 2025.",Walgreens closing stores
3a848a16719d05004e,CVS,,,,,,"Does CVS Do Money Orders ? Your 2024 Guide To Fees , Limits , And How To Buy One",https://www.unitaid.eu/money-orders-your-2024-guide-m8xr.html,www.unitaid.eu,gdelt,20260714T041500Z,2026-07-15T11:47:38+00:00,0.26,This provides a massive benefit over traditional banks that close in the mid-afternoon and remain closed on Sundays.,CVS pharmacy closed location
4eb2047a63b8429e31,CVS,"1170 Western Ave, Albany, NY",Albany,NY,,,First 2026 Spirit Halloween Site In Albany Found,https://wgna.com/ixp/79/p/spirit-halloween-alabny-2026/,wgna.com,gdelt,20260706T204500Z,2026-07-15T11:47:38+00:00,0.56,How close will one be to you?,CVS pharmacy closed location
ba6292a4f57f8d0d12,CVS,"Albany, NY",Albany,NY,,,First 2026 Spirit Halloween Site In Albany Found,https://wgna.com/ixp/79/p/spirit-halloween-alabny-2026/,wgna.com,gdelt,20260706T204500Z,2026-07-15T11:47:38+00:00,0.56,How close will one be to you?,CVS pharmacy closed location
386496f4b3bb93106d,Walgreens,"Chicago, IL",Chicago,IL,,,Walgreens to close Midtown store on Milwaukee’s North Avenue,http://www.bing.com/news/apiclick.aspx?ref=FexRss&aid=&tid=6a577342461340f0988e46728a55d113&url=https%3a%2f%2fwww.aol.com%2fnews%2fwalgreens-close-midtown-store-milwaukee-211103938.html&c=9852718234954816412&mkt=en-us,www.bing.com,bing_rss,2026-05-07T14:56:00+00:00,2026-07-15T11:47:38+00:00,1.00,"Walgreens to close Midtown store on Milwaukee’s North Avenue In another blow to Milwaukee's grocery and pharmacy landscape, Walgreens has begun to notify customers that its midtown location at 2727 W.",Walgreens store closure location
0a653e28a45f8afbea,Walgreens,"Chicago, IL",Chicago,IL,,,Local pharmacy chain steps in as Midtown Walgreens prepares to close,http://www.bing.com/news/apiclick.aspx?ref=FexRss&aid=&tid=6a577342461340f0988e46728a55d113&url=https%3a%2f%2fwww.jsonline.com%2fstory%2fnews%2flocal%2fmilwaukee%2fneighborhoods%2f2026%2f06%2f09%2fhayat-pharmacy-hosts-prescription-transfer-event-ahead-of-midtown-walgreens-closure%2f90389536007%2f&c=2976355734085642364&mkt=en-us,www.bing.com,bing_rss,2026-06-09T11:41:00+00:00,2026-07-15T11:47:38+00:00,0.79,"Local pharmacy chain steps in as Midtown Walgreens prepares to close With the Midtown Walgreens at 27th Street and North Avenue set to close on June 23, Hayat Pharmacy is encouraging residents to transfer prescriptions to the local chain.",Walgreens store closure location
e4d37e9aa000cf7b3e,Walgreens,,,,,,Walgreens closing numerous stores amid 'challenging' retail environment,http://www.bing.com/news/apiclick.aspx?ref=FexRss&aid=&tid=6a57734f3a5142e4a269e7a41e6440fe&url=https%3a%2f%2fwww.wptv.com%2fbusiness%2fcompany-news%2fwalgreens-closing-numerous-stores-amid-challenging-retail-environment&c=6863907681722574937&mkt=en-us,www.bing.com,bing_rss,2024-06-27T05:43:00+00:00,2026-07-15T11:47:38+00:00,0.49,"Walgreens closing numerous stores amid 'challenging' retail environment Walgreens, one of America's largest pharmacy chains, announced early Thursday plans to close numerous stores across the U.S.",Walgreens closing stores
53d875b5c397d159fb,Walgreens,,,,,,Walgreens closing Chatham store as officials warn of pharmacy deserts,http://www.bing.com/news/apiclick.aspx?ref=FexRss&aid=&tid=6a57734f3a5142e4a269e7a41e6440fe&url=https%3a%2f%2fwww.cbsnews.com%2fchicago%2fnews%2fwalgreens-closing-chatham-thursday%2f&c=3904880234451535368&mkt=en-us,www.bing.com,bing_rss,2026-06-04T15:28:00+00:00,2026-07-15T11:47:38+00:00,0.49,"Walgreens closing Chatham store as officials warn of pharmacy deserts Walgreens is set to close in Chicago's Chatham neighborhood on Thursday, and there's growing concern about where families will get their medications.",Walgreens closing stores
b194a357eb965634bd,Walgreens,,,,,,"Walgreens says it's closing 1,200 'underperforming' stores amid soft sales",http://www.bing.com/news/apiclick.aspx?ref=FexRss&aid=&tid=6a57734f3a5142e4a269e7a41e6440fe&url=https%3a%2f%2fwww.koaa.com%2fbusiness%2fcompany-news%2fwalgreens-says-its-closing-1-200-underperforming-stores-amid-soft-sales&c=4479475427048052718&mkt=en-us,www.bing.com,bing_rss,2024-10-15T06:43:00+00:00,2026-07-15T11:47:38+00:00,0.49,"Walgreens says it's closing 1,200 'underperforming' stores amid soft sales Walgreens announced on Tuesday plans to close 1,200 ""underperforming"" locations by 2027, including about 500 in 2025.",Walgreens closing stores
03b07184cbe0c5a6f9,Walgreens,"Chicago, IL",Chicago,IL,,,"Walgreens closes Midtown location, the eighth shuttered in three years",http://www.bing.com/news/apiclick.aspx?ref=FexRss&aid=&tid=6a57734f3a5142e4a269e7a41e6440fe&url=https%3a%2f%2fwww.yahoo.com%2fnews%2fus%2farticles%2fwalgreens-closes-midtown-location-eighth-185356270.html&c=4970829250727021006&mkt=en-us,www.bing.com,bing_rss,2026-06-23T11:53:00+00:00,2026-07-15T11:47:38+00:00,1.00,"Walgreens closes Midtown location, the eighth shuttered in three years Walgreens is closing its Midtown store due to safety concerns, leaving residents to find new pharmacy options.",Walgreens closing stores
23b311b5ebc84cf1d5,Walgreens,"Chicago, IL",Chicago,IL,,,Local pharmacy chain steps in as Midtown Walgreens prepares to close,http://www.bing.com/news/apiclick.aspx?ref=FexRss&aid=&tid=6a57735a42ed45d1be94fa80309d8879&url=https%3a%2f%2fwww.jsonline.com%2fstory%2fnews%2flocal%2fmilwaukee%2fneighborhoods%2f2026%2f06%2f09%2fhayat-pharmacy-hosts-prescription-transfer-event-ahead-of-midtown-walgreens-closure%2f90389536007%2f&c=2976355734085642364&mkt=en-us,www.bing.com,bing_rss,2026-06-09T11:41:00+00:00,2026-07-15T11:47:38+00:00,0.79,"Local pharmacy chain steps in as Midtown Walgreens prepares to close With the Midtown Walgreens at 27th Street and North Avenue set to close on June 23, Hayat Pharmacy is encouraging residents to transfer prescriptions to the local chain.",Walgreens pharmacy closed location
739b8afe763c0c2b13,Walgreens,"Chicago, IL",Chicago,IL,,,Walgreens to close Midtown store on Milwaukee’s North Avenue,http://www.bing.com/news/apiclick.aspx?ref=FexRss&aid=&tid=6a57735a42ed45d1be94fa80309d8879&url=https%3a%2f%2fwww.aol.com%2fnews%2fwalgreens-close-midtown-store-milwaukee-211103938.html&c=9852718234954816412&mkt=en-us,www.bing.com,bing_rss,2026-05-07T14:56:00+00:00,2026-07-15T11:47:38+00:00,1.00,"Walgreens to close Midtown store on Milwaukee’s North Avenue In another blow to Milwaukee's grocery and pharmacy landscape, Walgreens has begun to notify customers that its midtown location at 2727 W.",Walgreens pharmacy closed location
2a6cd5d7795f456c40,CVS,,,,,,New businesses in the works or expanding in popular CT downtown area,https://www.courant.com/2026/07/11/new-restaurants-and-businesses-are-in-the-works-or-expanding-in-popular-downtown-area-in-ct-town/,www.courant.com,gdelt,20260711T111500Z,2026-07-16T11:53:05+00:00,0.49,"The new space is expected to open next month, and the LaSalle Road location will close by the end of August.",CVS closing stores
9024bb3969b53916d7,Walgreens,"Chicago, IL",Chicago,IL,,,Local pharmacy chain steps in as Midtown Walgreens prepares to close,http://www.bing.com/news/apiclick.aspx?ref=FexRss&aid=&tid=6a58c620448346aea95c4cb0a5d497d3&url=https%3a%2f%2fwww.jsonline.com%2fstory%2fnews%2flocal%2fmilwaukee%2fneighborhoods%2f2026%2f06%2f09%2fhayat-pharmacy-hosts-prescription-transfer-event-ahead-of-midtown-walgreens-closure%2f90389536007%2f&c=2976355734085642364&mkt=en-us,www.bing.com,bing_rss,2026-06-09T11:41:00+00:00,2026-07-16T11:53:05+00:00,0.79,"Local pharmacy chain steps in as Midtown Walgreens prepares to close With the Midtown Walgreens at 27th Street and North Avenue set to close on June 23, Hayat Pharmacy is encouraging residents to transfer prescriptions to the local chain.",Walgreens pharmacy closed location
aa825c6e10ed5ff30c,Walgreens,,,,,,"Walgreens to close another South Side Chicago store, citing theft and ‘violent incidents’",http://www.bing.com/news/apiclick.aspx?ref=FexRss&aid=&tid=6a5a1465bbef42c987b01c411ba05945&url=https%3a%2f%2fwww.yahoo.com%2fnews%2farticles%2fwalgreens-close-another-south-side-222800331.html&c=4817525819358460219&mkt=en-us,www.bing.com,bing_rss,2026-05-01T15:28:00+00:00,2026-07-17T11:39:28+00:00,0.90,"Walgreens to close another South Side Chicago store, citing theft and ‘violent incidents’ Walgreens is planning to close another South Side location, citing theft and violent incidents — a move that's drawing the ire of local leaders who say their communities ",Walgreens closing stores
69e398cc1ac7f2c9f0,Walgreens,,,,,,"Walgreens to close Chatham store after more than $1M loss, cites theft and declining sales",http://www.bing.com/news/apiclick.aspx?ref=FexRss&aid=&tid=6a5a1465bbef42c987b01c411ba05945&url=https%3a%2f%2fwww.aol.com%2fnews%2fwalgreens-close-chatham-store-more-023340460.html&c=6188010764375494095&mkt=en-us,www.bing.com,bing_rss,2026-05-09T19:33:00+00:00,2026-07-17T11:39:28+00:00,0.90,"Walgreens to close Chatham store after more than $1M loss, cites theft and declining sales CHICAGO - For the first time, Walgreens is revealing some of the specific financial problems that prompted it to close a longtime location on Chicago's South Side.",Walgreens closing stores
c0895e5a41db70067e,Walgreens,,,,,,"Walgreens says it's closing 1,200 'underperforming' stores amid soft sales",http://www.bing.com/news/apiclick.aspx?ref=FexRss&aid=&tid=6a5a1465bbef42c987b01c411ba05945&url=https%3a%2f%2fwww.koaa.com%2fbusiness%2fcompany-news%2fwalgreens-says-its-closing-1-200-underperforming-stores-amid-soft-sales&c=4479475427048052718&mkt=en-us,www.bing.com,bing_rss,2024-10-15T06:43:00+00:00,2026-07-17T11:39:28+00:00,0.49,"Walgreens says it's closing 1,200 'underperforming' stores amid soft sales Walgreens announced on Tuesday plans to close 1,200 ""underperforming"" locations by 2027, including about 500 in 2025.",Walgreens closing stores
9db4c1a893aaf5b463,Walgreens,"Chicago, IL",Chicago,IL,,,"Walgreens closes Midtown location, the eighth shuttered in three years",http://www.bing.com/news/apiclick.aspx?ref=FexRss&aid=&tid=6a5a1465bbef42c987b01c411ba05945&url=https%3a%2f%2fwww.jsonline.com%2fstory%2fnews%2flocal%2fmilwaukee%2fneighborhoods%2f2026%2f06%2f23%2fmidtown-walgreens-location-closes-eighth-in-three-years%2f90660844007%2f&c=5495579637630957261&mkt=en-us,www.bing.com,bing_rss,2026-06-23T13:54:00+00:00,2026-07-17T11:39:28+00:00,1.00,"Walgreens closes Midtown location, the eighth shuttered in three years Walgreens is closing its Midtown store due to safety concerns, leaving residents to find new pharmacy options.",Walgreens closing stores
40dbcc2e602d471dd3,Walgreens,"Chicago, IL",Chicago,IL,,,Walgreens to close Midtown store on Milwaukee’s North Avenue,http://www.bing.com/news/apiclick.aspx?ref=FexRss&aid=&tid=6a5a1465bbef42c987b01c411ba05945&url=https%3a%2f%2fwww.aol.com%2farticles%2fwalgreens-close-midtown-store-milwaukee-211103214.html&c=2790933303493612534&mkt=en-us,www.bing.com,bing_rss,2026-05-07T14:56:00+00:00,2026-07-17T11:39:28+00:00,1.00,"Walgreens to close Midtown store on Milwaukee’s North Avenue In another blow to Milwaukee's grocery and pharmacy landscape, Walgreens has begun to notify customers that its midtown location at 2727 W.",Walgreens closing stores
936bce9065a6c54767,Walgreens,,,,,,"Walgreens is closing 1,200 stores by 2027. Which Wisconsin stores could be affected?",http://www.bing.com/news/apiclick.aspx?ref=FexRss&aid=&tid=6a5a1465bbef42c987b01c411ba05945&url=https%3a%2f%2fwww.detroitnews.com%2fstory%2fmoney%2fbusiness%2fretail%2f2024%2f10%2f15%2fwalgreens-is-closing-1200-stores-by-2027-which-wisconsin-stores-could-close%2f75683725007%2f&c=7520587805005820965&mkt=en-us,www.bing.com,bing_rss,2024-10-15T04:08:00+00:00,2026-07-17T11:39:28+00:00,0.61,The drugstore chain Walgreens plans to close ...,Walgreens closing stores
31d10d9971e323880f,Walgreens,,,,,,Walgreens closing Chatham store as officials warn of pharmacy deserts,http://www.bing.com/news/apiclick.aspx?ref=FexRss&aid=&tid=6a5a1465bbef42c987b01c411ba05945&url=https%3a%2f%2fwww.cbsnews.com%2fchicago%2fnews%2fwalgreens-closing-chatham-thursday%2f&c=3904880234451535368&mkt=en-us,www.bing.com,bing_rss,2026-06-04T15:28:00+00:00,2026-07-17T11:39:28+00:00,0.49,"Walgreens closing Chatham store as officials warn of pharmacy deserts Walgreens is set to close in Chicago's Chatham neighborhood on Thursday, and there's growing concern about where families will get their medications.",Walgreens closing stores
43d20b833fde8d3655,CVS,,,,,,"What’s open and closed on July 4th: Grocery stores, pharmacies, retail, coffee shops",http://www.bing.com/news/apiclick.aspx?ref=FexRss&aid=&tid=6a5b60ab1f06403abefabb5be7f51785&url=https%3a%2f%2fwww.news4jax.com%2fnews%2flocal%2f2026%2f07%2f03%2fwhats-open-and-closed-on-july-4th-grocery-stores-pharmacies-retail-coffee-shops%2f&c=8859045000603910903&mkt=en-us,www.bing.com,bing_rss,2026-07-02T22:00:00+00:00,2026-07-18T11:18:05+00:00,0.49,"What’s open and closed on July 4th: Grocery stores, pharmacies, retail, coffee shops Planning to pick up last-minute supplies for your Fourth of July cookout?",CVS store closure location
db33bcfad943935360,Walgreens,,,,,,Walgreens closing Chatham store as officials warn of pharmacy deserts,http://www.bing.com/news/apiclick.aspx?ref=FexRss&aid=&tid=6a5b60e3041b4a63a53bbe64ee147cc2&url=https%3a%2f%2fwww.cbsnews.com%2fchicago%2fnews%2fwalgreens-closing-chatham-thursday%2f&c=3904880234451535368&mkt=en-us,www.bing.com,bing_rss,2026-06-04T15:28:00+00:00,2026-07-18T11:18:05+00:00,0.49,"Walgreens closing Chatham store as officials warn of pharmacy deserts Walgreens is set to close in Chicago's Chatham neighborhood on Thursday, and there's growing concern about where families will get their medications.",Walgreens closing stores
e94a5ccc2a906f25b1,Walgreens,"Chicago, IL",Chicago,IL,,,Walgreens to close Midtown store on Milwaukee’s North Avenue,http://www.bing.com/news/apiclick.aspx?ref=FexRss&aid=&tid=6a5b60e3041b4a63a53bbe64ee147cc2&url=https%3a%2f%2fwww.yahoo.com%2fnews%2farticles%2fwalgreens-close-midtown-store-milwaukee-211103843.html&c=8243705176335985054&mkt=en-us,www.bing.com,bing_rss,2026-05-04T14:11:00+00:00,2026-07-18T11:18:05+00:00,1.00,Walgreens to close Midtown store on Milwaukee’s North Avenue Add Yahoo as a preferred source to see more of our stories on Google.,Walgreens closing stores
a54a5d66969a56a868,Walgreens,,,,,,"Walgreens to close another South Side Chicago store, citing theft and ‘violent incidents’",http://www.bing.com/news/apiclick.aspx?ref=FexRss&aid=&tid=6a5b60e3041b4a63a53bbe64ee147cc2&url=https%3a%2f%2fwww.yahoo.com%2fnews%2farticles%2fwalgreens-close-another-south-side-222800331.html&c=4817525819358460219&mkt=en-us,www.bing.com,bing_rss,2026-05-01T15:28:00+00:00,2026-07-18T11:18:05+00:00,0.90,"Walgreens to close another South Side Chicago store, citing theft and ‘violent incidents’ Walgreens is planning to close another South Side location, citing theft and violent incidents — a move that's drawing the ire of local leaders who say their communities ",Walgreens closing stores
fe4600b3dcd9b7738e,Walgreens,,,,,,"Walgreens to close Chatham store after more than $1M loss, cites theft and declining sales",http://www.bing.com/news/apiclick.aspx?ref=FexRss&aid=&tid=6a5b60e3041b4a63a53bbe64ee147cc2&url=https%3a%2f%2fwww.aol.com%2fnews%2fwalgreens-close-chatham-store-more-023340460.html&c=6188010764375494095&mkt=en-us,www.bing.com,bing_rss,2026-05-09T19:33:00+00:00,2026-07-18T11:18:05+00:00,0.90,"Walgreens to close Chatham store after more than $1M loss, cites theft and declining sales CHICAGO - For the first time, Walgreens is revealing some of the specific financial problems that prompted it to close a longtime location on Chicago's South Side.",Walgreens closing stores
e47d72ca1aa2c968c5,Walgreens,,,,,,"Walgreens is closing 1,200 stores by 2027. Which Wisconsin stores could be affected?",http://www.bing.com/news/apiclick.aspx?ref=FexRss&aid=&tid=6a5b60e3041b4a63a53bbe64ee147cc2&url=https%3a%2f%2fwww.detroitnews.com%2fstory%2fmoney%2fbusiness%2fretail%2f2024%2f10%2f15%2fwalgreens-is-closing-1200-stores-by-2027-which-wisconsin-stores-could-close%2f75683725007%2f&c=7520587805005820965&mkt=en-us,www.bing.com,bing_rss,2024-10-15T04:08:00+00:00,2026-07-18T11:18:05+00:00,0.61,The drugstore chain Walgreens plans to close ...,Walgreens closing stores
750a373666e3efb445,Walgreens,,,,,,Walgreens to close Midtown store on Milwaukee’s North Avenue,http://www.bing.com/news/apiclick.aspx?ref=FexRss&aid=&tid=6a5b60e3041b4a63a53bbe64ee147cc2&url=https%3a%2f%2fwww.msn.com%2fen-us%2fnews%2fother%2fwalgreens-to-close-midtown-store-on-milwaukee-s-north-avenue%2far-AA22nH5N&c=13671027700461977555&mkt=en-us,www.bing.com,bing_rss,2026-05-07T14:56:00+00:00,2026-07-18T11:18:05+00:00,0.72,"Walgreens to close Midtown store on Milwaukee’s North Avenue In another blow to Milwaukee’s grocery and pharmacy landscape, Walgreens has begun to notify customers that its midtown location at 2727 W.",Walgreens closing stores
73faddd12475474a87,CVS,,,,,,Why your drug store is closing,http://www.bing.com/news/apiclick.aspx?ref=FexRss&aid=&tid=6a5cb316f0f84dfb8112f32868523c80&url=https%3a%2f%2fsports.yahoo.com%2farticles%2fwhy-drug-store-closing-090038973.html&c=10053318772980558761&mkt=en-us,www.bing.com,bing_rss,2024-10-16T02:00:00+00:00,2026-07-19T11:21:48+00:00,0.61,"Walgreens announced Tuesday it plans to close 1,200 stores, meaning 1 in 7 will disappear.",CVS closing stores
87bde71a3bdc583b3f,Walgreens,,,,,,Walgreens to close Chatham store amid theft and safety concerns,http://www.bing.com/news/apiclick.aspx?ref=FexRss&aid=&tid=6a5cb333a5de40b2a3bf3f9ac63965b3&url=https%3a%2f%2fwww.msn.com%2fen-us%2fnews%2fother%2fwalgreens-to-close-chatham-store-amid-theft-and-safety-concerns%2fgm-GM73C02D4E&c=9380206727898205436&mkt=en-us,www.bing.com,bing_rss,2026-05-09T20:17:00+00:00,2026-07-19T11:21:48+00:00,0.61,Walgreens to close Chatham store amid theft and safety concerns Closure date set: The Chatham Walgreens will shut down on June 4 after reporting over $1 million in losses last year.,Walgreens store closure location
e77b50f3a89fd813bd,Walgreens,,,,,,Community leaders speak out ahead of Chatham Walgreens store closure next month,http://www.bing.com/news/apiclick.aspx?ref=FexRss&aid=&tid=6a5cb333a5de40b2a3bf3f9ac63965b3&url=https%3a%2f%2fwww.msn.com%2fen-us%2fnews%2fother%2fcommunity-leaders-to-speak-out-ahead-of-chatham-walgreens-store-closure-next-month%2far-AA22lArm&c=375227067223680103&mkt=en-us,www.bing.com,bing_rss,2026-05-04T15:31:00+00:00,2026-07-19T11:21:48+00:00,0.61,Community leaders speak out ahead of Chatham Walgreens store closure next month Six Walgreens have closed on the city's South Side during the past year.,Walgreens store closure location
9301e0bb2adc0dfafc,Walgreens,"Chicago, IL",Chicago,IL,,,Walgreens to close Midtown store on Milwaukee’s North Avenue,http://www.bing.com/news/apiclick.aspx?ref=FexRss&aid=&tid=6a5cb333a5de40b2a3bf3f9ac63965b3&url=https%3a%2f%2fwww.aol.com%2farticles%2fwalgreens-close-midtown-store-milwaukee-211103000.html&c=5718284648900016917&mkt=en-us,www.bing.com,bing_rss,2026-05-04T14:11:00+00:00,2026-07-19T11:21:48+00:00,1.00,"Walgreens to close Midtown store on Milwaukee’s North Avenue In another blow to Milwaukee’s grocery and pharmacy landscape, Walgreens has begun to notify customers that its midtown location at 2727 W.",Walgreens store closure location
fb7079f18d0b21a1dd,Walgreens,,,,,,"Walgreens to close Chatham store after more than $1M loss, cites theft and declining sales",http://www.bing.com/news/apiclick.aspx?ref=FexRss&aid=&tid=6a5cb333a5de40b2a3bf3f9ac63965b3&url=https%3a%2f%2fwww.aol.com%2fnews%2fwalgreens-close-chatham-store-more-023340460.html&c=6188010764375494095&mkt=en-us,www.bing.com,bing_rss,2026-05-09T19:33:00+00:00,2026-07-19T11:21:48+00:00,0.90,"Walgreens to close Chatham store after more than $1M loss, cites theft and declining sales CHICAGO - For the first time, Walgreens is revealing some of the specific financial problems that prompted it to close a longtime location on Chicago's South Side.",Walgreens store closure location
86659dfa7a895572b5,Walgreens,,,,,,Walgreens closing Chatham store as officials warn of pharmacy deserts,http://www.bing.com/news/apiclick.aspx?ref=FexRss&aid=&tid=6a5cb333a5de40b2a3bf3f9ac63965b3&url=https%3a%2f%2fwww.cbsnews.com%2fchicago%2fnews%2fwalgreens-closing-chatham-thursday%2f&c=3904880234451535368&mkt=en-us,www.bing.com,bing_rss,2026-06-04T15:28:00+00:00,2026-07-19T11:21:48+00:00,0.49,"has experienced ""significantly higher levels of theft and violent incidents than our other locations."" The spokesperson said the drug store giant has made adjustments to the operations at the store and taken other steps to mitigate the issue, but ""ongoing safe",Walgreens store closure location
e1a41446e3f5d312aa,Walgreens,"Chicago, IL",Chicago,IL,,,Local pharmacy chain steps in as Midtown Walgreens prepares to close,http://www.bing.com/news/apiclick.aspx?ref=FexRss&aid=&tid=6a5cb333a5de40b2a3bf3f9ac63965b3&url=https%3a%2f%2fwww.jsonline.com%2fstory%2fnews%2flocal%2fmilwaukee%2fneighborhoods%2f2026%2f06%2f09%2fhayat-pharmacy-hosts-prescription-transfer-event-ahead-of-midtown-walgreens-closure%2f90389536007%2f&c=2976355734085642364&mkt=en-us,www.bing.com,bing_rss,2026-06-09T11:41:00+00:00,2026-07-19T11:21:48+00:00,0.79,"Local pharmacy chain steps in as Midtown Walgreens prepares to close With the Midtown Walgreens at 27th Street and North Avenue set to close on June 23, Hayat Pharmacy is encouraging residents to transfer prescriptions to the local chain.",Walgreens store closure location
383c8042271396fb92,Walgreens,,,,,,Walgreens closing Chatham store as officials warn of pharmacy deserts,http://www.bing.com/news/apiclick.aspx?ref=FexRss&aid=&tid=6a5cb33da451442385da1815fe47732b&url=https%3a%2f%2fwww.cbsnews.com%2fchicago%2fnews%2fwalgreens-closing-chatham-thursday%2f&c=3904880234451535368&mkt=en-us,www.bing.com,bing_rss,2026-06-04T15:28:00+00:00,2026-07-19T11:21:48+00:00,0.49,"has experienced ""significantly higher levels of theft and violent incidents than our other locations."" The spokesperson said the drug store giant has made adjustments to the operations at the store and taken other steps to mitigate the issue, but ""ongoing safe",Walgreens closing stores
5653fa5625608379dc,Walgreens,,,,,,Walgreens to close Midtown store on Milwaukee’s North Avenue,http://www.bing.com/news/apiclick.aspx?ref=FexRss&aid=&tid=6a5cb33da451442385da1815fe47732b&url=https%3a%2f%2fwww.msn.com%2fen-us%2fnews%2fother%2fwalgreens-to-close-midtown-store-on-milwaukee-s-north-avenue%2far-AA22nH5N&c=13671027700461977555&mkt=en-us,www.bing.com,bing_rss,2026-05-07T14:56:00+00:00,2026-07-19T11:21:48+00:00,0.72,"Walgreens to close Midtown store on Milwaukee’s North Avenue In another blow to Milwaukee’s grocery and pharmacy landscape, Walgreens has begun to notify customers that its midtown location at 2727 W.",Walgreens closing stores
082203340aa73265d3,Walgreens,,,,,,"Walgreens to close another South Side Chicago store, citing theft and ‘violent incidents’",http://www.bing.com/news/apiclick.aspx?ref=FexRss&aid=&tid=6a5cb33da451442385da1815fe47732b&url=https%3a%2f%2fwww.yahoo.com%2fnews%2farticles%2fwalgreens-close-another-south-side-222800331.html&c=4817525819358460219&mkt=en-us,www.bing.com,bing_rss,2026-05-01T15:28:00+00:00,2026-07-19T11:21:48+00:00,0.90,"Walgreens to close another South Side Chicago store, citing theft and ‘violent incidents’ Walgreens is planning to close another South Side location, citing theft and violent incidents — a move that's drawing the ire of local leaders who say their communities ",Walgreens closing stores
77dfe86993d445b18b,Walgreens,,,,,,"Walgreens to close Chatham store after more than $1M loss, cites theft and declining sales",http://www.bing.com/news/apiclick.aspx?ref=FexRss&aid=&tid=6a5cb33da451442385da1815fe47732b&url=https%3a%2f%2fwww.aol.com%2fnews%2fwalgreens-close-chatham-store-more-023340460.html&c=6188010764375494095&mkt=en-us,www.bing.com,bing_rss,2026-05-09T19:33:00+00:00,2026-07-19T11:21:48+00:00,0.90,"Walgreens to close Chatham store after more than $1M loss, cites theft and declining sales CHICAGO - For the first time, Walgreens is revealing some of the specific financial problems that prompted it to close a longtime location on Chicago's South Side.",Walgreens closing stores
0188b7079305bce5b1,Walgreens,,,,,,"Walgreens to close 1,200 US stores. Where in Georgia?",http://www.bing.com/news/apiclick.aspx?ref=FexRss&aid=&tid=6a5cb33da451442385da1815fe47732b&url=https%3a%2f%2fwww.detroitnews.com%2fstory%2fnews%2flocal%2f2025%2f05%2f23%2fwalgreens-to-close-1200-us-stores-where-in-georgia-savannah-athens-augusta%2f83796063007%2f&c=12938192235493096402&mkt=en-us,www.bing.com,bing_rss,2025-05-23T03:03:00+00:00,2026-07-19T11:21:48+00:00,0.90,"Walgreens to close 1,200 US stores.",Walgreens closing stores
bd04126557656e0c7e,Walgreens,,,,,,"Walgreens is closing 1,200 stores by 2027. Which Wisconsin stores could be affected?",http://www.bing.com/news/apiclick.aspx?ref=FexRss&aid=&tid=6a5cb33da451442385da1815fe47732b&url=https%3a%2f%2fwww.detroitnews.com%2fstory%2fmoney%2fbusiness%2fretail%2f2024%2f10%2f15%2fwalgreens-is-closing-1200-stores-by-2027-which-wisconsin-stores-could-close%2f75683725007%2f&c=7520587805005820965&mkt=en-us,www.bing.com,bing_rss,2024-10-15T04:08:00+00:00,2026-07-19T11:21:48+00:00,0.61,The drugstore chain Walgreens plans to close ...,Walgreens closing stores
0b03df33700383cf83,Walgreens,"Chicago, IL",Chicago,IL,,,Walgreens to close Midtown store on Milwaukee’s North Avenue,http://www.bing.com/news/apiclick.aspx?ref=FexRss&aid=&tid=6a5cb33da451442385da1815fe47732b&url=https%3a%2f%2fwww.yahoo.com%2fnews%2farticles%2fwalgreens-close-midtown-store-milwaukee-211103843.html&c=8243705176335985054&mkt=en-us,www.bing.com,bing_rss,2026-05-04T14:11:00+00:00,2026-07-19T11:21:48+00:00,1.00,Walgreens to close Midtown store on Milwaukee’s North Avenue Add Yahoo as a preferred source to see more of our stories on Google.,Walgreens closing stores
8c9a1158355bf9693c,Walgreens,"Chicago, IL",Chicago,IL,,,Closed King Drive Walgreens can’t reopen as pharmacy without approval,http://www.bing.com/news/apiclick.aspx?ref=FexRss&aid=&tid=6a5cb34cf5ce4fda8f0ed3ac0d171af9&url=https%3a%2f%2fwww.yahoo.com%2fnews%2fus%2farticles%2fclosed-king-drive-walgreens-t-102152427.html&c=8417137540600450529&mkt=en-us,www.bing.com,bing_rss,2026-05-29T03:22:00+00:00,2026-07-19T11:21:48+00:00,1.00,Closed King Drive Walgreens can’t reopen as pharmacy without approval Add Yahoo as a preferred source to see more of our stories on Google.,Walgreens pharmacy closed location
344e189a0de1376d19,Walgreens,,,,,,"Walgreens to close 1,200 US stores. Where in Georgia?",http://www.bing.com/news/apiclick.aspx?ref=FexRss&aid=&tid=6a5cb34cf5ce4fda8f0ed3ac0d171af9&url=https%3a%2f%2fwww.detroitnews.com%2fstory%2fnews%2flocal%2f2025%2f05%2f23%2fwalgreens-to-close-1200-us-stores-where-in-georgia-savannah-athens-augusta%2f83796063007%2f&c=12938192235493096402&mkt=en-us,www.bing.com,bing_rss,2025-05-23T03:03:00+00:00,2026-07-19T11:21:48+00:00,0.90,"Walgreens to close 1,200 US stores.",Walgreens pharmacy closed location
cd984bf3c9d24c773f,Walgreens,,,,,,Walgreens to close Chatham store amid theft and safety concerns,http://www.bing.com/news/apiclick.aspx?ref=FexRss&aid=&tid=6a5f5efe5fc541739964f23095186abe&url=https%3a%2f%2fwww.msn.com%2fen-us%2fnews%2fother%2fwalgreens-to-close-chatham-store-amid-theft-and-safety-concerns%2fgm-GM73C02D4E&c=9380206727898205436&mkt=en-us,www.bing.com,bing_rss,2026-05-09T20:17:00+00:00,2026-07-21T11:59:15+00:00,0.61,Walgreens to close Chatham store amid theft and safety concerns Closure date set: The Chatham Walgreens will shut down on June 4 after reporting over $1 million in losses last year.,Walgreens store closure location
821ac6cca8e3008db5,Walgreens,,,,,,Community leaders speak out ahead of Chatham Walgreens store closure next month,http://www.bing.com/news/apiclick.aspx?ref=FexRss&aid=&tid=6a5f5efe5fc541739964f23095186abe&url=https%3a%2f%2fwww.msn.com%2fen-us%2fnews%2fother%2fcommunity-leaders-to-speak-out-ahead-of-chatham-walgreens-store-closure-next-month%2far-AA22lArm&c=375227067223680103&mkt=en-us,www.bing.com,bing_rss,2026-05-04T15:31:00+00:00,2026-07-21T11:59:15+00:00,0.61,Community leaders speak out ahead of Chatham Walgreens store closure next month Six Walgreens have closed on the city's South Side during the past year.,Walgreens store closure location
0e3a7d25259e9a30ef,Walgreens,"Chicago, IL",Chicago,IL,,,Local pharmacy chain steps in as Midtown Walgreens prepares to close,http://www.bing.com/news/apiclick.aspx?ref=FexRss&aid=&tid=6a5f5efe5fc541739964f23095186abe&url=https%3a%2f%2fwww.jsonline.com%2fstory%2fnews%2flocal%2fmilwaukee%2fneighborhoods%2f2026%2f06%2f09%2fhayat-pharmacy-hosts-prescription-transfer-event-ahead-of-midtown-walgreens-closure%2f90389536007%2f&c=2976355734085642364&mkt=en-us,www.bing.com,bing_rss,2026-06-09T11:41:00+00:00,2026-07-21T11:59:15+00:00,0.79,"Local pharmacy chain steps in as Midtown Walgreens prepares to close With the Midtown Walgreens at 27th Street and North Avenue set to close on June 23, Hayat Pharmacy is encouraging residents to transfer prescriptions to the local chain.",Walgreens store closure location
e33ecb56c069b77ccc,Walgreens,"Chicago, IL",Chicago,IL,,,"Walgreens closes Midtown location, the eighth shuttered in three years",http://www.bing.com/news/apiclick.aspx?ref=FexRss&aid=&tid=6a5f5f08c0fb4ea3bc05c922336a8e47&url=https%3a%2f%2fwww.yahoo.com%2fnews%2fus%2farticles%2fwalgreens-closes-midtown-location-eighth-185356270.html&c=4970829250727021006&mkt=en-us,www.bing.com,bing_rss,2026-06-23T11:53:00+00:00,2026-07-21T11:59:15+00:00,1.00,"Walgreens closes Midtown location, the eighth shuttered in three years Walgreens is closing its Midtown store due to safety concerns, leaving residents to find new pharmacy options.",Walgreens closing stores
7a567be254fc9beca3,Walgreens,,,,,,Walgreens closing Chatham store as officials warn of pharmacy deserts,http://www.bing.com/news/apiclick.aspx?ref=FexRss&aid=&tid=6a5f5f08c0fb4ea3bc05c922336a8e47&url=https%3a%2f%2fwww.cbsnews.com%2fchicago%2fnews%2fwalgreens-closing-chatham-thursday%2f&c=3904880234451535368&mkt=en-us,www.bing.com,bing_rss,2026-06-04T15:28:00+00:00,2026-07-21T11:59:15+00:00,0.49,"has experienced ""significantly higher levels of theft and violent incidents than our other locations."" The spokesperson said the drug store giant has made adjustments to the operations at the store and taken other steps to mitigate the issue, but ""ongoing safe",Walgreens closing stores
b16d83e39920388faa,Walgreens,,,,,,"Walgreens to close another South Side Chicago store, citing theft and ‘violent incidents’",http://www.bing.com/news/apiclick.aspx?ref=FexRss&aid=&tid=6a5f5f08c0fb4ea3bc05c922336a8e47&url=https%3a%2f%2fwww.yahoo.com%2fnews%2farticles%2fwalgreens-close-another-south-side-222800331.html&c=4817525819358460219&mkt=en-us,www.bing.com,bing_rss,2026-05-01T15:28:00+00:00,2026-07-21T11:59:15+00:00,0.90,"Walgreens to close another South Side Chicago store, citing theft and ‘violent incidents’ Walgreens is planning to close another South Side location, citing theft and violent incidents — a move that's drawing the ire of local leaders who say their communities ",Walgreens closing stores
c5b0a594c51382b5ae,Walgreens,,,,,,"Walgreens to close Chatham store after more than $1M loss, cites theft and declining sales",http://www.bing.com/news/apiclick.aspx?ref=FexRss&aid=&tid=6a5f5f08c0fb4ea3bc05c922336a8e47&url=https%3a%2f%2fwww.aol.com%2fnews%2fwalgreens-close-chatham-store-more-023340460.html&c=6188010764375494095&mkt=en-us,www.bing.com,bing_rss,2026-05-09T19:33:00+00:00,2026-07-21T11:59:15+00:00,0.90,"Walgreens to close Chatham store after more than $1M loss, cites theft and declining sales CHICAGO - For the first time, Walgreens is revealing some of the specific financial problems that prompted it to close a longtime location on Chicago's South Side.",Walgreens closing stores
7e41dbb8e5a5010630,Walgreens,,,,,,"Walgreens to close 1,200 US stores. Where in Georgia?",http://www.bing.com/news/apiclick.aspx?ref=FexRss&aid=&tid=6a5f5f08c0fb4ea3bc05c922336a8e47&url=https%3a%2f%2fwww.detroitnews.com%2fstory%2fnews%2flocal%2f2025%2f05%2f23%2fwalgreens-to-close-1200-us-stores-where-in-georgia-savannah-athens-augusta%2f83796063007%2f&c=12938192235493096402&mkt=en-us,www.bing.com,bing_rss,2025-05-23T03:03:00+00:00,2026-07-21T11:59:15+00:00,0.90,"Walgreens to close 1,200 US stores.",Walgreens closing stores
4d0c158699df993cc8,CVS,,,,,,Why your drug store is closing,http://www.bing.com/news/apiclick.aspx?ref=FexRss&aid=&tid=6a60b145e9314a2abcc46960e711bfbd&url=https%3a%2f%2fsports.yahoo.com%2farticles%2fwhy-drug-store-closing-090038973.html&c=10053318772980558761&mkt=en-us,www.bing.com,bing_rss,2024-10-16T02:00:00+00:00,2026-07-22T12:03:13+00:00,0.61,"Walgreens announced Tuesday it plans to close 1,200 stores, meaning 1 in 7 will disappear.",CVS closing stores
b8af4cdfddcdec01f4,CVS,,,,,,CVS fights law that could force over 100 stores to close,http://www.bing.com/news/apiclick.aspx?ref=FexRss&aid=&tid=6a60b145e9314a2abcc46960e711bfbd&url=https%3a%2f%2fwww.msn.com%2fen-us%2fpolitics%2fgovernment%2fcvs-fights-law-that-could-force-over-100-stores-to-close%2far-AA21zQvb&c=2559811357359683172&mkt=en-us,www.bing.com,bing_rss,2026-04-23T09:14:00+00:00,2026-07-22T12:03:13+00:00,0.37,"CVS fights law that could force over 100 stores to close A sweeping new health care law is setting up a high-stakes battle over prescription drug pricing, corporate power, and patient access.",CVS closing stores
4a4b2fc0aa1591db75,Walgreens,,,,,,Walgreens to close Chatham store amid theft and safety concerns,http://www.bing.com/news/apiclick.aspx?ref=FexRss&aid=&tid=6a60b161521049cfaaa1be0392945e39&url=https%3a%2f%2fwww.msn.com%2fen-us%2fnews%2fother%2fwalgreens-to-close-chatham-store-amid-theft-and-safety-concerns%2fgm-GM73C02D4E&c=9380206727898205436&mkt=en-us,www.bing.com,bing_rss,2026-05-09T20:17:00+00:00,2026-07-22T12:03:13+00:00,0.61,Walgreens to close Chatham store amid theft and safety concerns Closure date set: The Chatham Walgreens will shut down on June 4 after reporting over $1 million in losses last year.,Walgreens store closure location
9a882d3f2dd89e7cd0,Walgreens,,,,,,Community leaders speak out ahead of Chatham Walgreens store closure next month,http://www.bing.com/news/apiclick.aspx?ref=FexRss&aid=&tid=6a60b161521049cfaaa1be0392945e39&url=https%3a%2f%2fwww.msn.com%2fen-us%2fnews%2fother%2fcommunity-leaders-to-speak-out-ahead-of-chatham-walgreens-store-closure-next-month%2far-AA22lArm&c=375227067223680103&mkt=en-us,www.bing.com,bing_rss,2026-05-04T15:31:00+00:00,2026-07-22T12:03:13+00:00,0.61,Community leaders speak out ahead of Chatham Walgreens store closure next month Six Walgreens have closed on the city's South Side during the past year.,Walgreens store closure location
63dcbeedf9436866f7,Walgreens,"Chicago, IL",Chicago,IL,,,Local pharmacy chain steps in as Midtown Walgreens prepares to close,http://www.bing.com/news/apiclick.aspx?ref=FexRss&aid=&tid=6a60b161521049cfaaa1be0392945e39&url=https%3a%2f%2fwww.jsonline.com%2fstory%2fnews%2flocal%2fmilwaukee%2fneighborhoods%2f2026%2f06%2f09%2fhayat-pharmacy-hosts-prescription-transfer-event-ahead-of-midtown-walgreens-closure%2f90389536007%2f&c=2976355734085642364&mkt=en-us,www.bing.com,bing_rss,2026-06-09T11:41:00+00:00,2026-07-22T12:03:13+00:00,0.79,"Local pharmacy chain steps in as Midtown Walgreens prepares to close With the Midtown Walgreens at 27th Street and North Avenue set to close on June 23, Hayat Pharmacy is encouraging residents to transfer prescriptions to the local chain.",Walgreens store closure location
5b2aa7e0ea0e253839,Walgreens,,,,,,Chicago alderman demands charges against Walgreens over South Side store closure,http://www.bing.com/news/apiclick.aspx?ref=FexRss&aid=&tid=6a60b161521049cfaaa1be0392945e39&url=https%3a%2f%2fwww.washingtontimes.com%2fnews%2f2026%2fmay%2f6%2fchicago-alderman-demands-charges-walgreens-south-side-store-closure%2f&c=3306734322489615837&mkt=en-us,www.bing.com,bing_rss,2026-05-06T13:46:00+00:00,2026-07-22T12:03:13+00:00,0.84,Chicago alderman demands charges against Walgreens over South Side store closure A Chicago alderman is demanding that Walgreens face charges of “first-degree corporate abandonment” after the pharmacy chain announced it will close its Chatham location on June 4,Walgreens store closure location
d6965a4af1c26dc5a8,Walgreens,"Chicago, IL",Chicago,IL,,,"Walgreens closes Midtown location, the eighth shuttered in three years",http://www.bing.com/news/apiclick.aspx?ref=FexRss&aid=&tid=6a60b16eafc84284a56a1fa114932c85&url=https%3a%2f%2fwww.yahoo.com%2fnews%2fus%2farticles%2fwalgreens-closes-midtown-location-eighth-185356270.html&c=4970829250727021006&mkt=en-us,www.bing.com,bing_rss,2026-06-23T11:53:00+00:00,2026-07-22T12:03:13+00:00,1.00,"Walgreens closes Midtown location, the eighth shuttered in three years Walgreens is closing its Midtown store due to safety concerns, leaving residents to find new pharmacy options.",Walgreens closing stores
aa8490df383c26c591,Walgreens,,,,,,Walgreens closing Chatham store as officials warn of pharmacy deserts,http://www.bing.com/news/apiclick.aspx?ref=FexRss&aid=&tid=6a60b16eafc84284a56a1fa114932c85&url=https%3a%2f%2fwww.cbsnews.com%2fchicago%2fnews%2fwalgreens-closing-chatham-thursday%2f&c=3904880234451535368&mkt=en-us,www.bing.com,bing_rss,2026-06-04T15:28:00+00:00,2026-07-22T12:03:13+00:00,0.49,"has experienced ""significantly higher levels of theft and violent incidents than our other locations."" The spokesperson said the drug store giant has made adjustments to the operations at the store and taken other steps to mitigate the issue, but ""ongoing safe",Walgreens closing stores
79770caabd35a91b8f,Walgreens,,,,,,"Walgreens to close Chatham store after more than $1M loss, cites theft and declining sales",http://www.bing.com/news/apiclick.aspx?ref=FexRss&aid=&tid=6a60b16eafc84284a56a1fa114932c85&url=https%3a%2f%2fwww.aol.com%2fnews%2fwalgreens-close-chatham-store-more-023340460.html&c=6188010764375494095&mkt=en-us,www.bing.com,bing_rss,2026-05-09T19:33:00+00:00,2026-07-22T12:03:13+00:00,0.37,"Walgreens to close Chatham store after more than $1M loss, cites theft and declining sales CHICAGO - For the first time, Walgreens is revealing some of the specific financial problems that prompted it to close a longtime location on Chicago's South Side.",Walgreens closing stores
7ed381b7af674ddb3c,Walgreens,,,,,,"Walgreens is closing 1,200 stores by 2027. Which Wisconsin stores could be affected?",http://www.bing.com/news/apiclick.aspx?ref=FexRss&aid=&tid=6a60b16eafc84284a56a1fa114932c85&url=https%3a%2f%2fwww.detroitnews.com%2fstory%2fmoney%2fbusiness%2fretail%2f2024%2f10%2f15%2fwalgreens-is-closing-1200-stores-by-2027-which-wisconsin-stores-could-close%2f75683725007%2f&c=7520587805005820965&mkt=en-us,www.bing.com,bing_rss,2024-10-15T04:08:00+00:00,2026-07-22T12:03:13+00:00,0.61,The drugstore chain Walgreens plans to close ...,Walgreens closing stores
ac91dd86e6995eda15,Walgreens,,,,,,"More than 4,100 stores and restaurants are closing across the US this year. Here's the list.",http://www.bing.com/news/apiclick.aspx?ref=FexRss&aid=&tid=6a60b16eafc84284a56a1fa114932c85&url=https%3a%2f%2fwww.businessinsider.com%2fstores-closing-in-2025-list&c=13973718250869851834&mkt=en-us,www.bing.com,bing_rss,2025-12-24T02:45:00+00:00,2026-07-22T12:03:13+00:00,0.90,Other retailers are also shuttering locations.,Walgreens closing stores
bff8e83abbda56381d,Walgreens,,,,,,Chicago alderman demands charges against Walgreens over South Side store closure,http://www.bing.com/news/apiclick.aspx?ref=FexRss&aid=&tid=6a60b16eafc84284a56a1fa114932c85&url=https%3a%2f%2fwww.washingtontimes.com%2fnews%2f2026%2fmay%2f6%2fchicago-alderman-demands-charges-walgreens-south-side-store-closure%2f&c=3306734322489615837&mkt=en-us,www.bing.com,bing_rss,2026-05-06T13:46:00+00:00,2026-07-22T12:03:13+00:00,0.84,Chicago alderman demands charges against Walgreens over South Side store closure A Chicago alderman is demanding that Walgreens face charges of “first-degree corporate abandonment” after the pharmacy chain announced it will close its Chatham location on June 4,Walgreens closing stores
fd71f0e7c6183d6029,CVS,,,,,,Why your drug store is closing,http://www.bing.com/news/apiclick.aspx?ref=FexRss&aid=&tid=6a620274d4bd4046bbbc801006dbf5db&url=https%3a%2f%2fsports.yahoo.com%2farticles%2fwhy-drug-store-closing-090038973.html&c=10053318772980558761&mkt=en-us,www.bing.com,bing_rss,2024-10-16T02:00:00+00:00,2026-07-23T12:01:55+00:00,0.61,"Walgreens announced Tuesday it plans to close 1,200 stores, meaning 1 in 7 will disappear.",CVS closing stores
83a47f7bf55324a761,CVS,,,,,,CVS fights law that could force over 100 stores to close,http://www.bing.com/news/apiclick.aspx?ref=FexRss&aid=&tid=6a620274d4bd4046bbbc801006dbf5db&url=https%3a%2f%2fwww.msn.com%2fen-us%2fpolitics%2fgovernment%2fcvs-fights-law-that-could-force-over-100-stores-to-close%2far-AA21zQvb&c=2559811357359683172&mkt=en-us,www.bing.com,bing_rss,2026-04-23T09:14:00+00:00,2026-07-23T12:01:55+00:00,0.37,"CVS fights law that could force over 100 stores to close A sweeping new health care law is setting up a high-stakes battle over prescription drug pricing, corporate power, and patient access.",CVS closing stores
fb747bea258c926e57,Walgreens,,,,,,"Walgreens to close Chatham store after more than $1M loss, cites theft and declining sales",http://www.bing.com/news/apiclick.aspx?ref=FexRss&aid=&tid=6a620296e5b84b62bd2d0f1e4554b81c&url=https%3a%2f%2fwww.aol.com%2fnews%2fwalgreens-close-chatham-store-more-023340460.html&c=6188010764375494095&mkt=en-us,www.bing.com,bing_rss,2026-05-09T19:33:00+00:00,2026-07-23T12:01:55+00:00,0.37,"Walgreens to close Chatham store after more than $1M loss, cites theft and declining sales CHICAGO - For the first time, Walgreens is revealing some of the specific financial problems that prompted it to close a longtime location on Chicago's South Side.",Walgreens store closure location
643288173163e8edc4,Walgreens,,,,,,Walgreens to close Chatham store amid theft and safety concerns,http://www.bing.com/news/apiclick.aspx?ref=FexRss&aid=&tid=6a620296e5b84b62bd2d0f1e4554b81c&url=https%3a%2f%2fwww.msn.com%2fen-us%2fnews%2fother%2fwalgreens-to-close-chatham-store-amid-theft-and-safety-concerns%2fgm-GM73C02D4E&c=9380206727898205436&mkt=en-us,www.bing.com,bing_rss,2026-05-09T20:17:00+00:00,2026-07-23T12:01:55+00:00,0.61,Walgreens to close Chatham store amid theft and safety concerns Closure date set: The Chatham Walgreens will shut down on June 4 after reporting over $1 million in losses last year.,Walgreens store closure location
1edf1aed62fed999ab,Walgreens,,,,,,Community leaders speak out ahead of Chatham Walgreens store closure next month,http://www.bing.com/news/apiclick.aspx?ref=FexRss&aid=&tid=6a620296e5b84b62bd2d0f1e4554b81c&url=https%3a%2f%2fwww.msn.com%2fen-us%2fnews%2fother%2fcommunity-leaders-to-speak-out-ahead-of-chatham-walgreens-store-closure-next-month%2far-AA22lArm&c=375227067223680103&mkt=en-us,www.bing.com,bing_rss,2026-05-04T15:31:00+00:00,2026-07-23T12:01:55+00:00,0.61,Community leaders speak out ahead of Chatham Walgreens store closure next month Six Walgreens have closed on the city's South Side during the past year.,Walgreens store closure location
333c859ffb567ca899,Walgreens,,,,,,Walgreens closing Chatham store as officials warn of pharmacy deserts,http://www.bing.com/news/apiclick.aspx?ref=FexRss&aid=&tid=6a620296e5b84b62bd2d0f1e4554b81c&url=https%3a%2f%2fwww.cbsnews.com%2fchicago%2fnews%2fwalgreens-closing-chatham-thursday%2f&c=3904880234451535368&mkt=en-us,www.bing.com,bing_rss,2026-06-04T15:28:00+00:00,2026-07-23T12:01:55+00:00,0.49,"has experienced ""significantly higher levels of theft and violent incidents than our other locations."" The spokesperson said the drug store giant has made adjustments to the operations at the store and taken other steps to mitigate the issue, but ""ongoing safe",Walgreens store closure location
f81302c4b8f405a3f8,Walgreens,"Chicago, IL",Chicago,IL,,,Local pharmacy chain steps in as Midtown Walgreens prepares to close,http://www.bing.com/news/apiclick.aspx?ref=FexRss&aid=&tid=6a620296e5b84b62bd2d0f1e4554b81c&url=https%3a%2f%2fwww.yahoo.com%2fnews%2fus%2farticles%2flocal-pharmacy-chain-steps-midtown-174138374.html&c=8821507385196219419&mkt=en-us,www.bing.com,bing_rss,2026-06-09T10:41:00+00:00,2026-07-23T12:01:55+00:00,0.91,Local pharmacy chain steps in as Midtown Walgreens prepares to close Add Yahoo as a preferred source to see more of our stories on Google.,Walgreens store closure location
2a423f30aff847e52b,Walgreens,"Chicago, IL",Chicago,IL,,,Local pharmacy chain steps in as Midtown Walgreens prepares to close,http://www.bing.com/news/apiclick.aspx?ref=FexRss&aid=&tid=6a620296e5b84b62bd2d0f1e4554b81c&url=https%3a%2f%2fwww.jsonline.com%2fstory%2fnews%2flocal%2fmilwaukee%2fneighborhoods%2f2026%2f06%2f09%2fhayat-pharmacy-hosts-prescription-transfer-event-ahead-of-midtown-walgreens-closure%2f90389536007%2f&c=2976355734085642364&mkt=en-us,www.bing.com,bing_rss,2026-06-09T11:41:00+00:00,2026-07-23T12:01:55+00:00,0.79,"Local pharmacy chain steps in as Midtown Walgreens prepares to close As customers of the Walgreens in Midtown prepare for the store’s planned closure on June 23, Hayat Pharmacy, one of the few remaining pharmacies in the area, is hosting prescription transfer ",Walgreens store closure location
aeface3cfe51f2ecad,Walgreens,,,,,,"Walgreens to close Chicago store after losing over $1M due to rampant theft, falling sales",http://www.bing.com/news/apiclick.aspx?ref=FexRss&aid=&tid=6a6202a5422a4773ac895b5ff894b288&url=https%3a%2f%2fwww.msn.com%2fen-us%2fmoney%2fcompanies%2fwalgreens-to-close-chicago-store-after-losing-over-1m-due-to-rampant-theft-falling-sales%2far-AA22WnEv&c=17942911988166189995&mkt=en-us,www.bing.com,bing_rss,2026-05-11T11:07:00+00:00,2026-07-23T12:01:55+00:00,0.37,"Walgreens to close Chicago store after losing over $1M due to rampant theft, falling sales Walgreens announced plans to close a location on Chicago's South Side next month as the store's profitability suffered due to elevated levels of theft as well as a decli",Walgreens closing stores
0cd2c3393f6951b189,Walgreens,,,,,,Walgreens closing Chatham store as officials warn of pharmacy deserts,http://www.bing.com/news/apiclick.aspx?ref=FexRss&aid=&tid=6a6202a5422a4773ac895b5ff894b288&url=https%3a%2f%2fwww.cbsnews.com%2fchicago%2fnews%2fwalgreens-closing-chatham-thursday%2f&c=3904880234451535368&mkt=en-us,www.bing.com,bing_rss,2026-06-04T15:28:00+00:00,2026-07-23T12:01:55+00:00,0.49,"has experienced ""significantly higher levels of theft and violent incidents than our other locations."" The spokesperson said the drug store giant has made adjustments to the operations at the store and taken other steps to mitigate the issue, but ""ongoing safe",Walgreens closing stores
7acf659dfe1d870898,Walgreens,,,,,,"Walgreens to close Chatham store after more than $1M loss, cites theft and declining sales",http://www.bing.com/news/apiclick.aspx?ref=FexRss&aid=&tid=6a6202a5422a4773ac895b5ff894b288&url=https%3a%2f%2fwww.aol.com%2fnews%2fwalgreens-close-chatham-store-more-023340460.html&c=6188010764375494095&mkt=en-us,www.bing.com,bing_rss,2026-05-09T19:33:00+00:00,2026-07-23T12:01:55+00:00,0.37,"Walgreens to close Chatham store after more than $1M loss, cites theft and declining sales CHICAGO - For the first time, Walgreens is revealing some of the specific financial problems that prompted it to close a longtime location on Chicago's South Side.",Walgreens closing stores
9b19260fc40e799a30,Walgreens,"Chicago, IL",Chicago,IL,,,"Walgreens closes Midtown location, the eighth shuttered in three years",http://www.bing.com/news/apiclick.aspx?ref=FexRss&aid=&tid=6a6202a5422a4773ac895b5ff894b288&url=https%3a%2f%2fwww.yahoo.com%2fnews%2fus%2farticles%2fwalgreens-closes-midtown-location-eighth-185356270.html&c=4970829250727021006&mkt=en-us,www.bing.com,bing_rss,2026-06-23T11:53:00+00:00,2026-07-23T12:01:55+00:00,1.00,"Walgreens closes Midtown location, the eighth shuttered in three years Walgreens is closing its Midtown store due to safety concerns, leaving residents to find new pharmacy options.",Walgreens closing stores
41a65d7d044548b747,Walgreens,,,,,,Chicago alderman demands charges against Walgreens over South Side store closure,http://www.bing.com/news/apiclick.aspx?ref=FexRss&aid=&tid=6a6202a5422a4773ac895b5ff894b288&url=https%3a%2f%2fwww.washingtontimes.com%2fnews%2f2026%2fmay%2f6%2fchicago-alderman-demands-charges-walgreens-south-side-store-closure%2f&c=3306734322489615837&mkt=en-us,www.bing.com,bing_rss,2026-05-06T13:46:00+00:00,2026-07-23T12:01:55+00:00,0.84,Chicago alderman demands charges against Walgreens over South Side store closure A Chicago alderman is demanding that Walgreens face charges of “first-degree corporate abandonment” after the pharmacy chain announced it will close its Chatham location on June 4,Walgreens closing stores
768e09c2603d22fb2a,Walgreens,,,,,,"Walgreens is closing 1,200 stores by 2027. Which Wisconsin stores could be affected?",http://www.bing.com/news/apiclick.aspx?ref=FexRss&aid=&tid=6a6202a5422a4773ac895b5ff894b288&url=https%3a%2f%2fwww.detroitnews.com%2fstory%2fmoney%2fbusiness%2fretail%2f2024%2f10%2f15%2fwalgreens-is-closing-1200-stores-by-2027-which-wisconsin-stores-could-close%2f75683725007%2f&c=7520587805005820965&mkt=en-us,www.bing.com,bing_rss,2024-10-15T04:08:00+00:00,2026-07-23T12:01:55+00:00,0.61,The drugstore chain Walgreens plans to close ...,Walgreens closing stores
633c6fcbfdb63b8b8f,Walgreens,,,,,,"Walgreens to close 1,200 US stores. Where in Georgia?",http://www.bing.com/news/apiclick.aspx?ref=FexRss&aid=&tid=6a6202a5422a4773ac895b5ff894b288&url=https%3a%2f%2fwww.detroitnews.com%2fstory%2fnews%2flocal%2f2025%2f05%2f23%2fwalgreens-to-close-1200-us-stores-where-in-georgia-savannah-athens-augusta%2f83796063007%2f&c=12938192235493096402&mkt=en-us,www.bing.com,bing_rss,2025-05-23T03:03:00+00:00,2026-07-23T12:01:55+00:00,0.90,"Walgreens to close 1,200 US stores.",Walgreens closing stores
3f11e00a9a6a2052fc,Walgreens,,,,,,"More than 4,100 stores and restaurants are closing across the US this year. Here's the list.",http://www.bing.com/news/apiclick.aspx?ref=FexRss&aid=&tid=6a6202a5422a4773ac895b5ff894b288&url=https%3a%2f%2fwww.businessinsider.com%2fstores-closing-in-2025-list&c=13973718250869851834&mkt=en-us,www.bing.com,bing_rss,2025-12-24T02:45:00+00:00,2026-07-23T12:01:55+00:00,0.90,Other retailers are also shuttering locations.,Walgreens closing stores
79cfa9030cd3d701e5,Walgreens,"Chicago, IL",Chicago,IL,,,"Walgreens closes Midtown location, the eighth shuttered in three years",http://www.bing.com/news/apiclick.aspx?ref=FexRss&aid=&tid=6a635274a0764143a26e92008becdf8d&url=https%3a%2f%2fwww.yahoo.com%2fnews%2fus%2farticles%2fwalgreens-closes-midtown-location-eighth-185356270.html&c=4970829250727021006&mkt=en-us,www.bing.com,bing_rss,2026-06-23T11:53:00+00:00,2026-07-24T11:54:53+00:00,1.00,"Walgreens closes Midtown location, the eighth shuttered in three years Walgreens is closing its Midtown store due to safety concerns, leaving residents to find new pharmacy options.",Walgreens store closure location
44cfa29c30a1fe4a88,Walgreens,,,,,,"Walgreens to close Chicago store after losing over $1M due to rampant theft, falling sales",http://www.bing.com/news/apiclick.aspx?ref=FexRss&aid=&tid=6a635274a0764143a26e92008becdf8d&url=https%3a%2f%2fwww.msn.com%2fen-us%2fmoney%2fcompanies%2fwalgreens-to-close-chicago-store-after-losing-over-1m-due-to-rampant-theft-falling-sales%2far-AA22WnEv&c=17942911988166189995&mkt=en-us,www.bing.com,bing_rss,2026-05-11T11:07:00+00:00,2026-07-24T11:54:53+00:00,0.37,"Walgreens to close Chicago store after losing over $1M due to rampant theft, falling sales Walgreens announced plans to close a location on Chicago's South Side next month as the store's profitability suffered due to elevated levels of theft as well as a decli",Walgreens store closure location
91fa5af0a445fa68e8,Walgreens,,,,,,Walgreens store closures spark protests as communities fear losing pharmacy access,http://www.bing.com/news/apiclick.aspx?ref=FexRss&aid=&tid=6a635274a0764143a26e92008becdf8d&url=https%3a%2f%2fwww.msn.com%2fen-us%2fhealth%2fother%2fwalgreens-store-closures-spark-protests-as-communities-fear-losing-pharmacy-access%2far-AA23daqp&c=5770354855073519193&mkt=en-us,www.bing.com,bing_rss,2026-05-14T12:00:00+00:00,2026-07-24T11:54:53+00:00,0.37,Walgreens store closures spark protests as communities fear losing pharmacy access Walgreens store closures across the United States have triggered protests as residents worry about losing access to essential pharmacy services.,Walgreens store closure location
d15b79a9d3ed9a9212,Walgreens,,,,,,"Walgreens to close Chatham store after more than $1M loss, cites theft and declining sales",http://www.bing.com/news/apiclick.aspx?ref=FexRss&aid=&tid=6a635274a0764143a26e92008becdf8d&url=https%3a%2f%2fwww.aol.com%2fnews%2fwalgreens-close-chatham-store-more-023340460.html&c=6188010764375494095&mkt=en-us,www.bing.com,bing_rss,2026-05-09T19:33:00+00:00,2026-07-24T11:54:53+00:00,0.37,"Walgreens to close Chatham store after more than $1M loss, cites theft and declining sales CHICAGO - For the first time, Walgreens is revealing some of the specific financial problems that prompted it to close a longtime location on Chicago's South Side.",Walgreens store closure location
57e3efb0d06fbdd272,Walgreens,"Chicago, IL",Chicago,IL,,,Walgreens to close Midtown store on Milwaukee’s North Avenue,http://www.bing.com/news/apiclick.aspx?ref=FexRss&aid=&tid=6a635274a0764143a26e92008becdf8d&url=https%3a%2f%2fwww.aol.com%2farticles%2fwalgreens-close-midtown-store-milwaukee-211103214.html&c=2790933303493612534&mkt=en-us,www.bing.com,bing_rss,2026-05-07T14:56:00+00:00,2026-07-24T11:54:53+00:00,1.00,"Walgreens to close Midtown store on Milwaukee’s North Avenue In another blow to Milwaukee's grocery and pharmacy landscape, Walgreens has begun to notify customers that its midtown location at 2727 W.",Walgreens store closure location
b59483fda72b9473ea,Walgreens,,,,,,Chicago alderman demands charges against Walgreens over South Side store closure,http://www.bing.com/news/apiclick.aspx?ref=FexRss&aid=&tid=6a635274a0764143a26e92008becdf8d&url=https%3a%2f%2fwww.washingtontimes.com%2fnews%2f2026%2fmay%2f6%2fchicago-alderman-demands-charges-walgreens-south-side-store-closure%2f&c=3306734322489615837&mkt=en-us,www.bing.com,bing_rss,2026-05-06T13:46:00+00:00,2026-07-24T11:54:53+00:00,0.84,Chicago alderman demands charges against Walgreens over South Side store closure A Chicago alderman is demanding that Walgreens face charges of “first-degree corporate abandonment” after the pharmacy chain announced it will close its Chatham location on June 4,Walgreens store closure location
91b4dc5368cc5db1ab,Walgreens,,,,,,Walgreens closing Chatham store as officials warn of pharmacy deserts,http://www.bing.com/news/apiclick.aspx?ref=FexRss&aid=&tid=6a635274a0764143a26e92008becdf8d&url=https%3a%2f%2fwww.cbsnews.com%2fchicago%2fnews%2fwalgreens-closing-chatham-thursday%2f&c=3904880234451535368&mkt=en-us,www.bing.com,bing_rss,2026-06-04T15:28:00+00:00,2026-07-24T11:54:53+00:00,0.49,"has experienced ""significantly higher levels of theft and violent incidents than our other locations."" The spokesperson said the drug store giant has made adjustments to the operations at the store and taken other steps to mitigate the issue, but ""ongoing safe",Walgreens store closure location
e3c7cc38b2b84e9412,Walgreens,,,,,,"Walgreens to close 1,200 US stores. Where in Georgia?",http://www.bing.com/news/apiclick.aspx?ref=FexRss&aid=&tid=6a635274a0764143a26e92008becdf8d&url=https%3a%2f%2fwww.detroitnews.com%2fstory%2fnews%2flocal%2f2025%2f05%2f23%2fwalgreens-to-close-1200-us-stores-where-in-georgia-savannah-athens-augusta%2f83796063007%2f&c=12938192235493096402&mkt=en-us,www.bing.com,bing_rss,2025-05-23T03:03:00+00:00,2026-07-24T11:54:53+00:00,0.90,"Walgreens to close 1,200 US stores.",Walgreens store closure location
25e5b43bb5c3602ef5,CVS,,,,,,Why your drug store is closing,http://www.bing.com/news/apiclick.aspx?ref=FexRss&aid=&tid=6a649e98e9bc4b66a25587a656d6382e&url=https%3a%2f%2fsports.yahoo.com%2farticles%2fwhy-drug-store-closing-090038973.html&c=10053318772980558761&mkt=en-us,www.bing.com,bing_rss,2024-10-16T02:00:00+00:00,2026-07-25T11:32:25+00:00,0.61,"Walgreens announced Tuesday it plans to close 1,200 stores, meaning 1 in 7 will disappear.",CVS closing stores
135616b5e010c1cc5f,CVS,,,,,,CVS fights law that could force over 100 stores to close,http://www.bing.com/news/apiclick.aspx?ref=FexRss&aid=&tid=6a649e98e9bc4b66a25587a656d6382e&url=https%3a%2f%2fwww.msn.com%2fen-us%2fpolitics%2fgovernment%2fcvs-fights-law-that-could-force-over-100-stores-to-close%2far-AA21zQvb&c=2559811357359683172&mkt=en-us,www.bing.com,bing_rss,2026-04-23T09:14:00+00:00,2026-07-25T11:32:25+00:00,0.37,"CVS fights law that could force over 100 stores to close A sweeping new health care law is setting up a high-stakes battle over prescription drug pricing, corporate power, and patient access.",CVS closing stores
6c9148ed33f8686f0e,Walgreens,,,,,,Walgreens store closures spark protests as communities fear losing pharmacy access,http://www.bing.com/news/apiclick.aspx?ref=FexRss&aid=&tid=6a649eb068894bb383216e909b961436&url=https%3a%2f%2fwww.msn.com%2fen-us%2fhealth%2fother%2fwalgreens-store-closures-spark-protests-as-communities-fear-losing-pharmacy-access%2far-AA23daqp&c=5770354855073519193&mkt=en-us,www.bing.com,bing_rss,2026-05-14T12:00:00+00:00,2026-07-25T11:32:25+00:00,0.37,Walgreens store closures spark protests as communities fear losing pharmacy access Walgreens store closures across the United States have triggered protests as residents worry about losing access to essential pharmacy services.,Walgreens store closure location
3e88bcc60b2a9966ca,Walgreens,,,,,,Walgreens closing Chatham store as officials warn of pharmacy deserts,http://www.bing.com/news/apiclick.aspx?ref=FexRss&aid=&tid=6a649eb068894bb383216e909b961436&url=https%3a%2f%2fwww.cbsnews.com%2fchicago%2fnews%2fwalgreens-closing-chatham-thursday%2f&c=3904880234451535368&mkt=en-us,www.bing.com,bing_rss,2026-06-04T15:28:00+00:00,2026-07-25T11:32:25+00:00,0.49,"has experienced ""significantly higher levels of theft and violent incidents than our other locations."" The spokesperson said the drug store giant has made adjustments to the operations at the store and taken other steps to mitigate the issue, but ""ongoing safe",Walgreens store closure location
4528e60704dac1a154,Walgreens,,,,,,"Walgreens to close 1,200 US stores. Where in Georgia?",http://www.bing.com/news/apiclick.aspx?ref=FexRss&aid=&tid=6a649eb068894bb383216e909b961436&url=https%3a%2f%2fwww.detroitnews.com%2fstory%2fnews%2flocal%2f2025%2f05%2f23%2fwalgreens-to-close-1200-us-stores-where-in-georgia-savannah-athens-augusta%2f83796063007%2f&c=12938192235493096402&mkt=en-us,www.bing.com,bing_rss,2025-05-23T03:03:00+00:00,2026-07-25T11:32:25+00:00,0.90,"Walgreens to close 1,200 US stores.",Walgreens store closure location
ac159d2fc584e67057,Walgreens,"Chicago, IL",Chicago,IL,,,Local pharmacy chain steps in as Midtown Walgreens prepares to close,http://www.bing.com/news/apiclick.aspx?ref=FexRss&aid=&tid=6a649eb068894bb383216e909b961436&url=https%3a%2f%2fwww.jsonline.com%2fstory%2fnews%2flocal%2fmilwaukee%2fneighborhoods%2f2026%2f06%2f09%2fhayat-pharmacy-hosts-prescription-transfer-event-ahead-of-midtown-walgreens-closure%2f90389536007%2f&c=2976355734085642364&mkt=en-us,www.bing.com,bing_rss,2026-06-09T11:41:00+00:00,2026-07-25T11:32:25+00:00,0.79,"Local pharmacy chain steps in as Midtown Walgreens prepares to close As customers of the Walgreens in Midtown prepare for the store’s planned closure on June 23, Hayat Pharmacy, one of the few remaining pharmacies in the area, is hosting prescription transfer ",Walgreens store closure location
30c8048ffcc708038f,Walgreens,,,,,,"Walgreens to close Chicago store after losing over $1M due to rampant theft, falling sales",http://www.bing.com/news/apiclick.aspx?ref=FexRss&aid=&tid=6a649ebd7f584ff59c000da511356d4e&url=https%3a%2f%2fwww.msn.com%2fen-us%2fmoney%2fcompanies%2fwalgreens-to-close-chicago-store-after-losing-over-1m-due-to-rampant-theft-falling-sales%2far-AA22WnEv&c=17942911988166189995&mkt=en-us,www.bing.com,bing_rss,2026-05-11T11:07:00+00:00,2026-07-25T11:32:25+00:00,0.37,"Walgreens to close Chicago store after losing over $1M due to rampant theft, falling sales Walgreens announced plans to close a location on Chicago's South Side next month as the store's profitability suffered due to elevated levels of theft as well as a decli",Walgreens closing stores
4a924a8dd77c02bdb0,Walgreens,,,,,,Walgreens closing Chatham store as officials warn of pharmacy deserts,http://www.bing.com/news/apiclick.aspx?ref=FexRss&aid=&tid=6a649ebd7f584ff59c000da511356d4e&url=https%3a%2f%2fwww.cbsnews.com%2fchicago%2fnews%2fwalgreens-closing-chatham-thursday%2f&c=3904880234451535368&mkt=en-us,www.bing.com,bing_rss,2026-06-04T15:28:00+00:00,2026-07-25T11:32:25+00:00,0.49,"has experienced ""significantly higher levels of theft and violent incidents than our other locations."" The spokesperson said the drug store giant has made adjustments to the operations at the store and taken other steps to mitigate the issue, but ""ongoing safe",Walgreens closing stores
e014fbf52fbdb3d0fe,Walgreens,"Chicago, IL",Chicago,IL,,,"Walgreens closes Midtown location, the eighth shuttered in three years",http://www.bing.com/news/apiclick.aspx?ref=FexRss&aid=&tid=6a649ebd7f584ff59c000da511356d4e&url=https%3a%2f%2fwww.yahoo.com%2fnews%2fus%2farticles%2fwalgreens-closes-midtown-location-eighth-185356270.html&c=4970829250727021006&mkt=en-us,www.bing.com,bing_rss,2026-06-23T11:53:00+00:00,2026-07-25T11:32:25+00:00,1.00,"Walgreens closes Midtown location, the eighth shuttered in three years Walgreens is closing its Midtown store due to safety concerns, leaving residents to find new pharmacy options.",Walgreens closing stores
9d410a310b890e8c04,Walgreens,,,,,,"Walgreens to close Chatham store after more than $1M loss, cites theft and declining sales",http://www.bing.com/news/apiclick.aspx?ref=FexRss&aid=&tid=6a649ebd7f584ff59c000da511356d4e&url=https%3a%2f%2fwww.aol.com%2fnews%2fwalgreens-close-chatham-store-more-023340460.html&c=6188010764375494095&mkt=en-us,www.bing.com,bing_rss,2026-05-09T19:33:00+00:00,2026-07-25T11:32:25+00:00,0.37,"Walgreens to close Chatham store after more than $1M loss, cites theft and declining sales CHICAGO - For the first time, Walgreens is revealing some of the specific financial problems that prompted it to close a longtime location on Chicago's South Side.",Walgreens closing stores
1c7502013f5fdfba60,Walgreens,,,,,,"Walgreens to close 1,200 US stores. Where in Georgia?",http://www.bing.com/news/apiclick.aspx?ref=FexRss&aid=&tid=6a649ebd7f584ff59c000da511356d4e&url=https%3a%2f%2fwww.detroitnews.com%2fstory%2fnews%2flocal%2f2025%2f05%2f23%2fwalgreens-to-close-1200-us-stores-where-in-georgia-savannah-athens-augusta%2f83796063007%2f&c=12938192235493096402&mkt=en-us,www.bing.com,bing_rss,2025-05-23T03:03:00+00:00,2026-07-25T11:32:25+00:00,0.90,"Walgreens to close 1,200 US stores.",Walgreens closing stores
820537bd64b660dca1,Walgreens,,,,,,"Walgreens is closing 1,200 stores by 2027. Which Wisconsin stores could be affected?",http://www.bing.com/news/apiclick.aspx?ref=FexRss&aid=&tid=6a649ebd7f584ff59c000da511356d4e&url=https%3a%2f%2fwww.detroitnews.com%2fstory%2fmoney%2fbusiness%2fretail%2f2024%2f10%2f15%2fwalgreens-is-closing-1200-stores-by-2027-which-wisconsin-stores-could-close%2f75683725007%2f&c=7520587805005820965&mkt=en-us,www.bing.com,bing_rss,2024-10-15T04:08:00+00:00,2026-07-25T11:32:25+00:00,0.61,The drugstore chain Walgreens plans to close ...,Walgreens closing stores
d6f74e4d0e9504aaf2,Walgreens,,,,,,"More than 4,100 stores and restaurants are closing across the US this year. Here's the list.",http://www.bing.com/news/apiclick.aspx?ref=FexRss&aid=&tid=6a649ebd7f584ff59c000da511356d4e&url=https%3a%2f%2fwww.businessinsider.com%2fstores-closing-in-2025-list&c=13973718250869851834&mkt=en-us,www.bing.com,bing_rss,2025-12-24T02:45:00+00:00,2026-07-25T11:32:25+00:00,0.90,Other retailers are also shuttering locations.,Walgreens closing stores
64576165445c6d7e2b,Walgreens,"Chicago, IL",Chicago,IL,,,Closed King Drive Walgreens can’t reopen as pharmacy without approval,http://www.bing.com/news/apiclick.aspx?ref=FexRss&aid=&tid=6a649ec9aa2f4e9ca21c0304a5a93de4&url=https%3a%2f%2fwww.yahoo.com%2fnews%2fus%2farticles%2fclosed-king-drive-walgreens-t-102152427.html&c=8417137540600450529&mkt=en-us,www.bing.com,bing_rss,2026-05-29T03:22:00+00:00,2026-07-25T11:32:25+00:00,1.00,Closed King Drive Walgreens can’t reopen as pharmacy without approval Add Yahoo as a preferred source to see more of our stories on Google.,Walgreens pharmacy closed location
2208266845456bcc4f,CVS,,,,,,CVS fights law that could force over 100 stores to close,http://www.bing.com/news/apiclick.aspx?ref=FexRss&aid=&tid=6a65f11a4cae453eb6cb31bf73fc42d1&url=https%3a%2f%2fwww.msn.com%2fen-us%2fpolitics%2fgovernment%2fcvs-fights-law-that-could-force-over-100-stores-to-close%2far-AA21zQvb&c=2559811357359683172&mkt=en-us,www.bing.com,bing_rss,2026-04-23T09:14:00+00:00,2026-07-26T11:36:38+00:00,0.37,"CVS fights law that could force over 100 stores to close A sweeping new health care law is setting up a high-stakes battle over prescription drug pricing, corporate power, and patient access.",CVS closing stores
51758979f9050cb7aa,Walgreens,"Chicago, IL",Chicago,IL,,,"Walgreens closes Midtown location, the eighth shuttered in three years",http://www.bing.com/news/apiclick.aspx?ref=FexRss&aid=&tid=6a65f1313866404eb46fc23f41f306a1&url=https%3a%2f%2fwww.jsonline.com%2fstory%2fnews%2flocal%2fmilwaukee%2fneighborhoods%2f2026%2f06%2f23%2fmidtown-walgreens-location-closes-eighth-in-three-years%2f90660844007%2f&c=5495579637630957261&mkt=en-us,www.bing.com,bing_rss,2026-06-23T13:54:00+00:00,2026-07-26T11:36:38+00:00,1.00,"Walgreens closes Midtown location, the eighth shuttered in three years Walgreens is closing its Midtown store due to safety concerns, leaving residents to find new pharmacy options.",Walgreens store closure location
596ceff3b6b2455029,Walgreens,,,,,,Walgreens store closures spark protests as communities fear losing pharmacy access,http://www.bing.com/news/apiclick.aspx?ref=FexRss&aid=&tid=6a65f1313866404eb46fc23f41f306a1&url=https%3a%2f%2fwww.msn.com%2fen-us%2fhealth%2fother%2fwalgreens-store-closures-spark-protests-as-communities-fear-losing-pharmacy-access%2far-AA23daqp&c=5770354855073519193&mkt=en-us,www.bing.com,bing_rss,2026-05-14T12:00:00+00:00,2026-07-26T11:36:38+00:00,0.37,Walgreens store closures spark protests as communities fear losing pharmacy access Walgreens store closures across the United States have triggered protests as residents worry about losing access to essential pharmacy services.,Walgreens store closure location
f88d547c170311b09f,Walgreens,,,,,,Community leaders speak out ahead of Chatham Walgreens store closure next month,http://www.bing.com/news/apiclick.aspx?ref=FexRss&aid=&tid=6a65f1313866404eb46fc23f41f306a1&url=https%3a%2f%2fwww.msn.com%2fen-us%2fnews%2fother%2fcommunity-leaders-to-speak-out-ahead-of-chatham-walgreens-store-closure-next-month%2far-AA22lArm&c=375227067223680103&mkt=en-us,www.bing.com,bing_rss,2026-05-04T15:31:00+00:00,2026-07-26T11:36:38+00:00,0.61,Community leaders speak out ahead of Chatham Walgreens store closure next month Six Walgreens have closed on the city's South Side during the past year.,Walgreens store closure location
5b04c98d733fd69fa1,Walgreens,,,,,,"Walgreens to close Chicago store after losing over $1M due to rampant theft, falling sales",http://www.bing.com/news/apiclick.aspx?ref=FexRss&aid=&tid=6a65f1313866404eb46fc23f41f306a1&url=https%3a%2f%2fwww.foxbusiness.com%2flifestyle%2fwalgreens-close-chicago-store-after-losing-over-1m-due-rampant-theft-falling-sales&c=3657674118792058413&mkt=en-us,www.bing.com,bing_rss,2026-05-11T11:07:00+00:00,2026-07-26T11:36:38+00:00,0.72,"Walgreens to close Chicago store after losing over $1M due to rampant theft, falling sales Walgreens announced plans to close a location on Chicago's South Side next month as the store's profitability suffered due to elevated levels of theft as well as a decli",Walgreens store closure location
2d576d9a90d454824b,Walgreens,,,,,,Walgreens closing Chatham store as officials warn of pharmacy deserts,http://www.bing.com/news/apiclick.aspx?ref=FexRss&aid=&tid=6a65f1313866404eb46fc23f41f306a1&url=https%3a%2f%2fwww.cbsnews.com%2fchicago%2fnews%2fwalgreens-closing-chatham-thursday%2f&c=3904880234451535368&mkt=en-us,www.bing.com,bing_rss,2026-06-04T15:28:00+00:00,2026-07-26T11:36:38+00:00,0.49,"has experienced ""significantly higher levels of theft and violent incidents than our other locations."" The spokesperson said the drug store giant has made adjustments to the operations at the store and taken other steps to mitigate the issue, but ""ongoing safe",Walgreens store closure location
e5c9760f82bed33091,Walgreens,,,,,,"Walgreens to close 1,200 US stores. Where in Georgia?",http://www.bing.com/news/apiclick.aspx?ref=FexRss&aid=&tid=6a65f1313866404eb46fc23f41f306a1&url=https%3a%2f%2fwww.detroitnews.com%2fstory%2fnews%2flocal%2f2025%2f05%2f23%2fwalgreens-to-close-1200-us-stores-where-in-georgia-savannah-athens-augusta%2f83796063007%2f&c=12938192235493096402&mkt=en-us,www.bing.com,bing_rss,2025-05-23T03:03:00+00:00,2026-07-26T11:36:38+00:00,0.90,"Walgreens to close 1,200 US stores.",Walgreens store closure location
8fd38a2d2ca36522d7,Walgreens,"Chicago, IL",Chicago,IL,,,Local pharmacy chain steps in as Midtown Walgreens prepares to close,http://www.bing.com/news/apiclick.aspx?ref=FexRss&aid=&tid=6a65f1313866404eb46fc23f41f306a1&url=https%3a%2f%2fwww.jsonline.com%2fstory%2fnews%2flocal%2fmilwaukee%2fneighborhoods%2f2026%2f06%2f09%2fhayat-pharmacy-hosts-prescription-transfer-event-ahead-of-midtown-walgreens-closure%2f90389536007%2f&c=2976355734085642364&mkt=en-us,www.bing.com,bing_rss,2026-06-09T11:41:00+00:00,2026-07-26T11:36:38+00:00,0.79,"Local pharmacy chain steps in as Midtown Walgreens prepares to close As customers of the Walgreens in Midtown prepare for the store’s planned closure on June 23, Hayat Pharmacy, one of the few remaining pharmacies in the area, is hosting prescription transfer ",Walgreens store closure location
a70ff755549ac3c6e0,Walgreens,,,,,,"Walgreens to close Chicago store after losing over $1M due to rampant theft, falling sales",http://www.bing.com/news/apiclick.aspx?ref=FexRss&aid=&tid=6a65f13ba8a846328c6bd4648f2edcae&url=https%3a%2f%2fwww.msn.com%2fen-us%2fmoney%2fcompanies%2fwalgreens-to-close-chicago-store-after-losing-over-1m-due-to-rampant-theft-falling-sales%2far-AA22WnEv&c=17942911988166189995&mkt=en-us,www.bing.com,bing_rss,2026-05-11T11:07:00+00:00,2026-07-26T11:36:38+00:00,0.37,"Walgreens to close Chicago store after losing over $1M due to rampant theft, falling sales Walgreens announced plans to close a location on Chicago's South Side next month as the store's profitability suffered due to elevated levels of theft as well as a decli",Walgreens closing stores
fbd1e2ae82aec39b1e,Walgreens,,,,,,Walgreens closing 200 stores in U.S.,http://www.bing.com/news/apiclick.aspx?ref=FexRss&aid=&tid=6a65f13ba8a846328c6bd4648f2edcae&url=https%3a%2f%2fwww.digitaljournal.com%2farticle%2fwalgreens-closing-200-stores-in-america%2f&c=17353310561091693125&mkt=en-us,www.bing.com,bing_rss,2015-04-09T20:41:00+00:00,2026-07-26T11:36:38+00:00,0.90,"In addition to the closures, Walgreens Boots alliance Inc.",Walgreens closing stores
d2a693b3b4286f2b3e,Walgreens,,,,,,"Walgreens to close another South Side Chicago store, citing theft and ‘violent incidents’",http://www.bing.com/news/apiclick.aspx?ref=FexRss&aid=&tid=6a65f13ba8a846328c6bd4648f2edcae&url=https%3a%2f%2fwww.yahoo.com%2fnews%2farticles%2fwalgreens-close-another-south-side-222800331.html&c=4817525819358460219&mkt=en-us,www.bing.com,bing_rss,2026-05-01T15:28:00+00:00,2026-07-26T11:36:38+00:00,0.90,"Walgreens to close another South Side Chicago store, citing theft and ‘violent incidents’ Walgreens is planning to close another South Side location, citing theft and violent incidents — a move that's drawing the ire of local leaders who say their communities ",Walgreens closing stores
029cc5d93d5f55ce81,Walgreens,"Chicago, IL",Chicago,IL,,,"Walgreens closes Midtown location, the eighth shuttered in three years",http://www.bing.com/news/apiclick.aspx?ref=FexRss&aid=&tid=6a65f13ba8a846328c6bd4648f2edcae&url=https%3a%2f%2fwww.jsonline.com%2fstory%2fnews%2flocal%2fmilwaukee%2fneighborhoods%2f2026%2f06%2f23%2fmidtown-walgreens-location-closes-eighth-in-three-years%2f90660844007%2f&c=5495579637630957261&mkt=en-us,www.bing.com,bing_rss,2026-06-23T13:54:00+00:00,2026-07-26T11:36:38+00:00,1.00,"Walgreens closes Midtown location, the eighth shuttered in three years Walgreens is closing its Midtown store due to safety concerns, leaving residents to find new pharmacy options.",Walgreens closing stores
8719937a4d424b972f,Walgreens,,,,,,Walgreens closing Chatham store as officials warn of pharmacy deserts,http://www.bing.com/news/apiclick.aspx?ref=FexRss&aid=&tid=6a65f13ba8a846328c6bd4648f2edcae&url=https%3a%2f%2fwww.cbsnews.com%2fchicago%2fnews%2fwalgreens-closing-chatham-thursday%2f&c=3904880234451535368&mkt=en-us,www.bing.com,bing_rss,2026-06-04T15:28:00+00:00,2026-07-26T11:36:38+00:00,0.49,"has experienced ""significantly higher levels of theft and violent incidents than our other locations."" The spokesperson said the drug store giant has made adjustments to the operations at the store and taken other steps to mitigate the issue, but ""ongoing safe",Walgreens closing stores
7cf872258bbf3e2a34,Walgreens,,,,,,"Walgreens to close Chatham store after more than $1M loss, cites theft and declining sales",http://www.bing.com/news/apiclick.aspx?ref=FexRss&aid=&tid=6a65f13ba8a846328c6bd4648f2edcae&url=https%3a%2f%2fwww.aol.com%2fnews%2fwalgreens-close-chatham-store-more-023340460.html&c=6188010764375494095&mkt=en-us,www.bing.com,bing_rss,2026-05-09T19:33:00+00:00,2026-07-26T11:36:38+00:00,0.37,"Walgreens to close Chatham store after more than $1M loss, cites theft and declining sales CHICAGO - For the first time, Walgreens is revealing some of the specific financial problems that prompted it to close a longtime location on Chicago's South Side.",Walgreens closing stores
3684e464062e6ac952,Walgreens,,,,,,"Walgreens is closing 1,200 stores by 2027. Which Wisconsin stores could be affected?",http://www.bing.com/news/apiclick.aspx?ref=FexRss&aid=&tid=6a65f13ba8a846328c6bd4648f2edcae&url=https%3a%2f%2fwww.detroitnews.com%2fstory%2fmoney%2fbusiness%2fretail%2f2024%2f10%2f15%2fwalgreens-is-closing-1200-stores-by-2027-which-wisconsin-stores-could-close%2f75683725007%2f&c=7520587805005820965&mkt=en-us,www.bing.com,bing_rss,2024-10-15T04:08:00+00:00,2026-07-26T11:36:38+00:00,0.61,The drugstore chain Walgreens plans to close ...,Walgreens closing stores
c24691c70435b28a64,Walgreens,,,,,,"More than 4,100 stores and restaurants are closing across the US this year. Here's the list.",http://www.bing.com/news/apiclick.aspx?ref=FexRss&aid=&tid=6a65f13ba8a846328c6bd4648f2edcae&url=https%3a%2f%2fwww.businessinsider.com%2fstores-closing-in-2025-list&c=13973718250869851834&mkt=en-us,www.bing.com,bing_rss,2025-12-24T02:45:00+00:00,2026-07-26T11:36:38+00:00,0.90,Other retailers are also shuttering locations.,Walgreens closing stores
268d4baee07bdd2ea7,Walgreens,"Chicago, IL",Chicago,IL,,,Closed King Drive Walgreens can’t reopen as pharmacy without approval,http://www.bing.com/news/apiclick.aspx?ref=FexRss&aid=&tid=6a65f1467b494f89a597bb19d7de1f9e&url=https%3a%2f%2fwww.yahoo.com%2fnews%2fus%2farticles%2fclosed-king-drive-walgreens-t-102152427.html&c=8417137540600450529&mkt=en-us,www.bing.com,bing_rss,2026-05-29T03:22:00+00:00,2026-07-26T11:36:38+00:00,1.00,Closed King Drive Walgreens can’t reopen as pharmacy without approval Add Yahoo as a preferred source to see more of our stories on Google.,Walgreens pharmacy closed location
3c9f969cde4f66bf63,Walgreens,"Chicago, IL",Chicago,IL,,,"Walgreens closes Midtown location, the eighth shuttered in three years",http://www.bing.com/news/apiclick.aspx?ref=FexRss&aid=&tid=6a65f1467b494f89a597bb19d7de1f9e&url=https%3a%2f%2fwww.jsonline.com%2fstory%2fnews%2flocal%2fmilwaukee%2fneighborhoods%2f2026%2f06%2f23%2fmidtown-walgreens-location-closes-eighth-in-three-years%2f90660844007%2f&c=5495579637630957261&mkt=en-us,www.bing.com,bing_rss,2026-06-23T13:54:00+00:00,2026-07-26T11:36:38+00:00,1.00,"Walgreens closes Midtown location, the eighth shuttered in three years Walgreens is closing its Midtown store due to safety concerns, leaving residents to find new pharmacy options.",Walgreens pharmacy closed location
3bf7fdc91e2ef6391c,Walgreens,,,,,,"Walgreens to close Chicago store after losing over $1M due to rampant theft, falling sales",http://www.bing.com/news/apiclick.aspx?ref=FexRss&aid=&tid=6a65f1467b494f89a597bb19d7de1f9e&url=https%3a%2f%2fwww.foxbusiness.com%2flifestyle%2fwalgreens-close-chicago-store-after-losing-over-1m-due-rampant-theft-falling-sales&c=3657674118792058413&mkt=en-us,www.bing.com,bing_rss,2026-05-11T11:07:00+00:00,2026-07-26T11:36:38+00:00,0.72,"Walgreens to close Chicago store after losing over $1M due to rampant theft, falling sales Walgreens announced plans to close a location on Chicago's South Side next month as the store's profitability suffered due to elevated levels of theft as well as a decli",Walgreens pharmacy closed location
cb34873d69fd114f3a,CVS,,,,,,Why your drug store is closing,http://www.bing.com/news/apiclick.aspx?ref=FexRss&aid=&tid=6a675b2e26e14908b256e94c72e5eda3&url=https%3a%2f%2fsports.yahoo.com%2farticles%2fwhy-drug-store-closing-090038973.html&c=10053318772980558761&mkt=en-us,www.bing.com,bing_rss,2024-10-15T16:59:00+00:00,2026-07-27T13:21:38+00:00,0.61,"Walgreens announced Tuesday it plans to close 1,200 stores, meaning 1 in 7 will disappear.",CVS closing stores
c91dd3dfe409411020,Walgreens,,,,,,Walgreens store closures spark protests as communities fear losing pharmacy access,http://www.bing.com/news/apiclick.aspx?ref=FexRss&aid=&tid=6a675b48ab1f4acc8c835bfea5298835&url=https%3a%2f%2fwww.msn.com%2fen-us%2fhealth%2fother%2fwalgreens-store-closures-spark-protests-as-communities-fear-losing-pharmacy-access%2far-AA23daqp&c=5770354855073519193&mkt=en-us,www.bing.com,bing_rss,2026-05-14T12:00:00+00:00,2026-07-27T13:21:38+00:00,0.37,Walgreens store closures spark protests as communities fear losing pharmacy access Walgreens store closures across the United States have triggered protests as residents worry about losing access to essential pharmacy services.,Walgreens store closure location
27d48fed48cc6dc536,Walgreens,"Chicago, IL",Chicago,IL,,,"Walgreens closes Midtown location, the eighth shuttered in three years",http://www.bing.com/news/apiclick.aspx?ref=FexRss&aid=&tid=6a675b48ab1f4acc8c835bfea5298835&url=https%3a%2f%2fwww.jsonline.com%2fstory%2fnews%2flocal%2fmilwaukee%2fneighborhoods%2f2026%2f06%2f23%2fmidtown-walgreens-location-closes-eighth-in-three-years%2f90660844007%2f&c=5495579637630957261&mkt=en-us,www.bing.com,bing_rss,2026-06-23T13:54:00+00:00,2026-07-27T13:21:38+00:00,1.00,"Walgreens closes Midtown location, the eighth shuttered in three years Walgreens is closing its Midtown store due to safety concerns, leaving residents to find new pharmacy options.",Walgreens store closure location
61f7da4f7638b86977,Walgreens,,,,,,Walgreens closing Chatham store as officials warn of pharmacy deserts,http://www.bing.com/news/apiclick.aspx?ref=FexRss&aid=&tid=6a675b48ab1f4acc8c835bfea5298835&url=https%3a%2f%2fwww.cbsnews.com%2fchicago%2fnews%2fwalgreens-closing-chatham-thursday%2f&c=3904880234451535368&mkt=en-us,www.bing.com,bing_rss,2026-06-04T15:28:00+00:00,2026-07-27T13:21:38+00:00,0.49,"has experienced ""significantly higher levels of theft and violent incidents than our other locations."" The spokesperson said the drug store giant has made adjustments to the operations at the store and taken other steps to mitigate the issue, but ""ongoing safe",Walgreens store closure location
dee2437d9b674ec6f3,Walgreens,,,,,,"Walgreens to close 1,200 US stores. Where in Georgia?",http://www.bing.com/news/apiclick.aspx?ref=FexRss&aid=&tid=6a675b48ab1f4acc8c835bfea5298835&url=https%3a%2f%2fwww.detroitnews.com%2fstory%2fnews%2flocal%2f2025%2f05%2f23%2fwalgreens-to-close-1200-us-stores-where-in-georgia-savannah-athens-augusta%2f83796063007%2f&c=12938192235493096402&mkt=en-us,www.bing.com,bing_rss,2025-05-23T03:03:00+00:00,2026-07-27T13:21:38+00:00,0.90,"Walgreens to close 1,200 US stores.",Walgreens store closure location
bf0067f1f34ea60e44,Walgreens,,,,,,Walgreens closing 200 stores in U.S.,http://www.bing.com/news/apiclick.aspx?ref=FexRss&aid=&tid=6a675b5335ac448cb27db2368767d8ed&url=https%3a%2f%2fwww.digitaljournal.com%2farticle%2fwalgreens-closing-200-stores-in-america%2f&c=17353310561091693125&mkt=en-us,www.bing.com,bing_rss,2015-04-09T16:42:00+00:00,2026-07-27T13:21:38+00:00,0.90,"In addition to the closures, Walgreens Boots alliance Inc.",Walgreens closing stores
f91ad609d2530a9770,Walgreens,,,,,,Walgreens closing Chatham store as officials warn of pharmacy deserts,http://www.bing.com/news/apiclick.aspx?ref=FexRss&aid=&tid=6a675b5335ac448cb27db2368767d8ed&url=https%3a%2f%2fwww.cbsnews.com%2fchicago%2fnews%2fwalgreens-closing-chatham-thursday%2f&c=3904880234451535368&mkt=en-us,www.bing.com,bing_rss,2026-06-04T15:28:00+00:00,2026-07-27T13:21:38+00:00,0.49,"has experienced ""significantly higher levels of theft and violent incidents than our other locations."" The spokesperson said the drug store giant has made adjustments to the operations at the store and taken other steps to mitigate the issue, but ""ongoing safe",Walgreens closing stores
48dfaf674aea915a50,Walgreens,,,,,,"Walgreens to close Chatham store after more than $1M loss, cites theft and declining sales",http://www.bing.com/news/apiclick.aspx?ref=FexRss&aid=&tid=6a675b5335ac448cb27db2368767d8ed&url=https%3a%2f%2fwww.aol.com%2fnews%2fwalgreens-close-chatham-store-more-023340460.html&c=6188010764375494095&mkt=en-us,www.bing.com,bing_rss,2026-05-09T19:33:00+00:00,2026-07-27T13:21:38+00:00,0.37,"Walgreens to close Chatham store after more than $1M loss, cites theft and declining sales CHICAGO - For the first time, Walgreens is revealing some of the specific financial problems that prompted it to close a longtime location on Chicago's South Side.",Walgreens closing stores
62baed73ab4ff85c83,Walgreens,"Chicago, IL",Chicago,IL,,,Walgreens to close Midtown store on Milwaukee’s North Avenue,http://www.bing.com/news/apiclick.aspx?ref=FexRss&aid=&tid=6a675b5335ac448cb27db2368767d8ed&url=https%3a%2f%2fwww.yahoo.com%2fnews%2farticles%2fwalgreens-close-midtown-store-milwaukee-211103843.html&c=8243705176335985054&mkt=en-us,www.bing.com,bing_rss,2026-05-04T14:11:00+00:00,2026-07-27T13:21:38+00:00,1.00,"Walgreens to close Midtown store on Milwaukee’s North Avenue In another blow to Milwaukee's grocery and pharmacy landscape, Walgreens has begun to notify customers that its midtown location at 2727 W.",Walgreens closing stores
3a4512860e7e87ff29,Walgreens,,,,,,"Walgreens to close another South Side Chicago store, citing theft and ‘violent incidents’",http://www.bing.com/news/apiclick.aspx?ref=FexRss&aid=&tid=6a675b5335ac448cb27db2368767d8ed&url=https%3a%2f%2fwww.yahoo.com%2fnews%2farticles%2fwalgreens-close-another-south-side-222800331.html&c=4817525819358460219&mkt=en-us,www.bing.com,bing_rss,2026-05-01T15:28:00+00:00,2026-07-27T13:21:38+00:00,0.90,"Walgreens to close another South Side Chicago store, citing theft and ‘violent incidents’ Walgreens is planning to close another South Side location, citing theft and violent incidents — a move that's drawing the ire of local leaders who say their communities ",Walgreens closing stores
e3a7cc6d03459390d9,Walgreens,,,,,,"Walgreens to close Chicago store after losing over $1M due to rampant theft, falling sales",http://www.bing.com/news/apiclick.aspx?ref=FexRss&aid=&tid=6a675b5335ac448cb27db2368767d8ed&url=https%3a%2f%2fwww.foxbusiness.com%2flifestyle%2fwalgreens-close-chicago-store-after-losing-over-1m-due-rampant-theft-falling-sales&c=3657674118792058413&mkt=en-us,www.bing.com,bing_rss,2026-05-11T11:07:00+00:00,2026-07-27T13:21:38+00:00,0.72,"Walgreens to close Chicago store after losing over $1M due to rampant theft, falling sales Walgreens announced plans to close a location on Chicago's South Side next month as the store's profitability suffered due to elevated levels of theft as well as a decli",Walgreens closing stores
e4a7fd30889aae60da,Walgreens,,,,,,"Walgreens is closing 1,200 stores by 2027. Which Wisconsin stores could be affected?",http://www.bing.com/news/apiclick.aspx?ref=FexRss&aid=&tid=6a675b5335ac448cb27db2368767d8ed&url=https%3a%2f%2fwww.detroitnews.com%2fstory%2fmoney%2fbusiness%2fretail%2f2024%2f10%2f15%2fwalgreens-is-closing-1200-stores-by-2027-which-wisconsin-stores-could-close%2f75683725007%2f&c=7520587805005820965&mkt=en-us,www.bing.com,bing_rss,2024-10-15T04:08:00+00:00,2026-07-27T13:21:38+00:00,0.61,The drugstore chain Walgreens plans to close ...,Walgreens closing stores
e8b851c528bfc99e04,Walgreens,"Chicago, IL",Chicago,IL,,,"Walgreens closes Midtown location, the eighth shuttered in three years",http://www.bing.com/news/apiclick.aspx?ref=FexRss&aid=&tid=6a675b5335ac448cb27db2368767d8ed&url=https%3a%2f%2fwww.jsonline.com%2fstory%2fnews%2flocal%2fmilwaukee%2fneighborhoods%2f2026%2f06%2f23%2fmidtown-walgreens-location-closes-eighth-in-three-years%2f90660844007%2f&c=5495579637630957261&mkt=en-us,www.bing.com,bing_rss,2026-06-23T12:09:00+00:00,2026-07-27T13:21:38+00:00,1.00,"Walgreens closes Midtown location, the eighth shuttered in three years Walgreens is closing its Midtown store due to safety concerns, leaving residents to find new pharmacy options.",Walgreens closing stores
3586a7a267ad3cfc5c,Walgreens,"Chicago, IL",Chicago,IL,,,Closed King Drive Walgreens can’t reopen as pharmacy without approval,http://www.bing.com/news/apiclick.aspx?ref=FexRss&aid=&tid=6a675b62d54742438dd0b56652a22e54&url=https%3a%2f%2fwww.yahoo.com%2fnews%2fus%2farticles%2fclosed-king-drive-walgreens-t-102152427.html&c=8417137540600450529&mkt=en-us,www.bing.com,bing_rss,2026-05-29T03:22:00+00:00,2026-07-27T13:21:38+00:00,1.00,Closed King Drive Walgreens can’t reopen as pharmacy without approval Add Yahoo as a preferred source to see more of our stories on Google.,Walgreens pharmacy closed location
d5ca9a867477a78f15,Walgreens,,,,,,"Walgreens is closing 1,200 stores by 2027. Which Wisconsin stores could be affected?",http://www.bing.com/news/apiclick.aspx?ref=FexRss&aid=&tid=6a675b62d54742438dd0b56652a22e54&url=https%3a%2f%2fwww.detroitnews.com%2fstory%2fmoney%2fbusiness%2fretail%2f2024%2f10%2f15%2fwalgreens-is-closing-1200-stores-by-2027-which-wisconsin-stores-could-close%2f75683725007%2f&c=7520587805005820965&mkt=en-us,www.bing.com,bing_rss,2024-10-15T04:08:00+00:00,2026-07-27T13:21:38+00:00,0.61,The drugstore chain Walgreens plans to close ...,Walgreens pharmacy closed location
5f3f001a389d00416c,CVS,,,,,,Why your drug store is closing,http://www.bing.com/news/apiclick.aspx?ref=FexRss&aid=&tid=6a689c1c0eb54b91acf405a7f4e63b06&url=https%3a%2f%2fsports.yahoo.com%2farticles%2fwhy-drug-store-closing-090038973.html&c=10053318772980558761&mkt=en-us,www.bing.com,bing_rss,2024-10-16T02:00:00+00:00,2026-07-28T12:10:59+00:00,0.61,"Walgreens announced Tuesday it plans to close 1,200 stores, meaning 1 in 7 will disappear.",CVS closing stores
5105916ac8bbee495e,CVS,,,,,,CVS fights law that could force over 100 stores to close,http://www.bing.com/news/apiclick.aspx?ref=FexRss&aid=&tid=6a689c1c0eb54b91acf405a7f4e63b06&url=https%3a%2f%2fwww.msn.com%2fen-us%2fpolitics%2fgovernment%2fcvs-fights-law-that-could-force-over-100-stores-to-close%2far-AA21zQvb&c=2559811357359683172&mkt=en-us,www.bing.com,bing_rss,2026-04-23T09:14:00+00:00,2026-07-28T12:10:59+00:00,0.37,"CVS fights law that could force over 100 stores to close A sweeping new health care law is setting up a high-stakes battle over prescription drug pricing, corporate power, and patient access.",CVS closing stores
b230f3500b1ccb351d,Walgreens,,,,,,Walgreens store closures spark protests as communities fear losing pharmacy access,http://www.bing.com/news/apiclick.aspx?ref=FexRss&aid=&tid=6a689c39ca3146d48bbc39dc28ff030d&url=https%3a%2f%2fwww.msn.com%2fen-us%2fhealth%2fother%2fwalgreens-store-closures-spark-protests-as-communities-fear-losing-pharmacy-access%2far-AA23daqp&c=5770354855073519193&mkt=en-us,www.bing.com,bing_rss,2026-05-14T12:00:00+00:00,2026-07-28T12:10:59+00:00,0.37,Walgreens store closures spark protests as communities fear losing pharmacy access Walgreens store closures across the United States have triggered protests as residents worry about losing access to essential pharmacy services.,Walgreens store closure location
2227961a63fee210ee,Walgreens,"Chicago, IL",Chicago,IL,,,"Walgreens closes Midtown location, the eighth shuttered in three years",http://www.bing.com/news/apiclick.aspx?ref=FexRss&aid=&tid=6a689c39ca3146d48bbc39dc28ff030d&url=https%3a%2f%2fwww.jsonline.com%2fstory%2fnews%2flocal%2fmilwaukee%2fneighborhoods%2f2026%2f06%2f23%2fmidtown-walgreens-location-closes-eighth-in-three-years%2f90660844007%2f&c=5495579637630957261&mkt=en-us,www.bing.com,bing_rss,2026-06-23T13:54:00+00:00,2026-07-28T12:10:59+00:00,1.00,"Walgreens closes Midtown location, the eighth shuttered in three years Walgreens is closing its Midtown store due to safety concerns, leaving residents to find new pharmacy options.",Walgreens store closure location
6d52dd3764cea145ba,Walgreens,"Chicago, IL",Chicago,IL,,,Local pharmacy chain steps in as Midtown Walgreens prepares to close,http://www.bing.com/news/apiclick.aspx?ref=FexRss&aid=&tid=6a689c39ca3146d48bbc39dc28ff030d&url=https%3a%2f%2fwww.yahoo.com%2fnews%2fus%2farticles%2flocal-pharmacy-chain-steps-midtown-174138374.html&c=8821507385196219419&mkt=en-us,www.bing.com,bing_rss,2026-06-09T10:41:00+00:00,2026-07-28T12:10:59+00:00,0.79,Local pharmacy chain steps in as Midtown Walgreens prepares to close Add Yahoo as a preferred source to see more of our stories on Google.,Walgreens store closure location
634eda1de27521727f,Walgreens,"Chicago, IL",Chicago,IL,,,Local pharmacy chain steps in as Midtown Walgreens prepares to close,http://www.bing.com/news/apiclick.aspx?ref=FexRss&aid=&tid=6a689c39ca3146d48bbc39dc28ff030d&url=https%3a%2f%2fwww.jsonline.com%2fstory%2fnews%2flocal%2fmilwaukee%2fneighborhoods%2f2026%2f06%2f09%2fhayat-pharmacy-hosts-prescription-transfer-event-ahead-of-midtown-walgreens-closure%2f90389536007%2f&c=2976355734085642364&mkt=en-us,www.bing.com,bing_rss,2026-06-09T11:41:00+00:00,2026-07-28T12:10:59+00:00,0.79,"Local pharmacy chain steps in as Midtown Walgreens prepares to close As customers of the Walgreens in Midtown prepare for the store’s planned closure on June 23, Hayat Pharmacy, one of the few remaining pharmacies in the area, is hosting prescription transfer ",Walgreens store closure location
63a8f83c41a3702737,Walgreens,,,,,,Walgreens closing Chatham store as officials warn of pharmacy deserts,http://www.bing.com/news/apiclick.aspx?ref=FexRss&aid=&tid=6a689c47774f4fd68fdb7d5c60752ad5&url=https%3a%2f%2fwww.cbsnews.com%2fchicago%2fnews%2fwalgreens-closing-chatham-thursday%2f&c=3904880234451535368&mkt=en-us,www.bing.com,bing_rss,2026-06-04T15:28:00+00:00,2026-07-28T12:10:59+00:00,0.49,"has experienced ""significantly higher levels of theft and violent incidents than our other locations."" The spokesperson said the drug store giant has made adjustments to the operations at the store and taken other steps to mitigate the issue, but ""ongoing safe",Walgreens closing stores
f7552427fc124a05fd,Walgreens,,,,,,"Walgreens to close another South Side Chicago store, citing theft and ‘violent incidents’",http://www.bing.com/news/apiclick.aspx?ref=FexRss&aid=&tid=6a689c47774f4fd68fdb7d5c60752ad5&url=https%3a%2f%2fwww.yahoo.com%2fnews%2farticles%2fwalgreens-close-another-south-side-222800331.html&c=4817525819358460219&mkt=en-us,www.bing.com,bing_rss,2026-05-01T15:28:00+00:00,2026-07-28T12:10:59+00:00,0.90,"Walgreens to close another South Side Chicago store, citing theft and ‘violent incidents’ Walgreens is planning to close another South Side location, citing theft and violent incidents — a move that's drawing the ire of local leaders who say their communities ",Walgreens closing stores
84a1530b766e36e667,Walgreens,,,,,,"Walgreens is closing 1,200 stores by 2027. Which Wisconsin stores could be affected?",http://www.bing.com/news/apiclick.aspx?ref=FexRss&aid=&tid=6a689c47774f4fd68fdb7d5c60752ad5&url=https%3a%2f%2fwww.detroitnews.com%2fstory%2fmoney%2fbusiness%2fretail%2f2024%2f10%2f15%2fwalgreens-is-closing-1200-stores-by-2027-which-wisconsin-stores-could-close%2f75683725007%2f&c=7520587805005820965&mkt=en-us,www.bing.com,bing_rss,2024-10-15T04:08:00+00:00,2026-07-28T12:10:59+00:00,0.61,The drugstore chain Walgreens plans to close ...,Walgreens closing stores
b128f2ace1fef22c5c,Walgreens,"Chicago, IL",Chicago,IL,,,"Walgreens closes Midtown location, the eighth shuttered in three years",http://www.bing.com/news/apiclick.aspx?ref=FexRss&aid=&tid=6a689c47774f4fd68fdb7d5c60752ad5&url=https%3a%2f%2fwww.jsonline.com%2fstory%2fnews%2flocal%2fmilwaukee%2fneighborhoods%2f2026%2f06%2f23%2fmidtown-walgreens-location-closes-eighth-in-three-years%2f90660844007%2f&c=5495579637630957261&mkt=en-us,www.bing.com,bing_rss,2026-06-23T13:54:00+00:00,2026-07-28T12:10:59+00:00,1.00,"Walgreens closes Midtown location, the eighth shuttered in three years Walgreens is closing its Midtown store due to safety concerns, leaving residents to find new pharmacy options.",Walgreens closing stores
281ab37a48b0cde27e,Walgreens,,,,,,"Walgreens to close Chicago store after losing over $1M due to rampant theft, falling sales",http://www.bing.com/news/apiclick.aspx?ref=FexRss&aid=&tid=6a689c47774f4fd68fdb7d5c60752ad5&url=https%3a%2f%2fwww.foxbusiness.com%2flifestyle%2fwalgreens-close-chicago-store-after-losing-over-1m-due-rampant-theft-falling-sales&c=3657674118792058413&mkt=en-us,www.bing.com,bing_rss,2026-05-11T11:07:00+00:00,2026-07-28T12:10:59+00:00,0.72,"Walgreens to close Chicago store after losing over $1M due to rampant theft, falling sales Walgreens announced plans to close a location on Chicago's South Side next month as the store's profitability suffered due to elevated levels of theft as well as a decli",Walgreens closing stores
cb1450f0748ba8a774,Walgreens,"Chicago, IL",Chicago,IL,,,Closed King Drive Walgreens can’t reopen as pharmacy without approval,http://www.bing.com/news/apiclick.aspx?ref=FexRss&aid=&tid=6a689c53247248ce82d9e118b88c81ea&url=https%3a%2f%2fwww.yahoo.com%2fnews%2fus%2farticles%2fclosed-king-drive-walgreens-t-102152427.html&c=8417137540600450529&mkt=en-us,www.bing.com,bing_rss,2026-05-29T03:22:00+00:00,2026-07-28T12:10:59+00:00,1.00,Closed King Drive Walgreens can’t reopen as pharmacy without approval Add Yahoo as a preferred source to see more of our stories on Google.,Walgreens pharmacy closed location
e43f3889fb8d0eab7a,CVS,,,,,,CVS fights law that could force over 100 stores to close,http://www.bing.com/news/apiclick.aspx?ref=FexRss&aid=&tid=6a69ef3f4b3743709a195adfbd24e90a&url=https%3a%2f%2fwww.msn.com%2fen-us%2fpolitics%2fgovernment%2fcvs-fights-law-that-could-force-over-100-stores-to-close%2far-AA21zQvb&c=2559811357359683172&mkt=en-us,www.bing.com,bing_rss,2026-04-23T12:25:00+00:00,2026-07-29T12:17:50+00:00,0.37,"CVS fights law that could force over 100 stores to close A sweeping new health care law is setting up a high-stakes battle over prescription drug pricing, corporate power, and patient access.",CVS closing stores
2ebe41fa33396e1fd2,CVS,,,,,,How To Use The UPS Dropoff Finder To Locate The Nearest Shipping Point Instantly,https://www.unitaid.eu/locate-nearest-shipping-point-instantly-t2i8.html,www.unitaid.eu,gdelt,20260727T193000Z,2026-07-29T12:17:50+00:00,0.26,"Second, pay close attention to the ""Ground"" vs.",CVS pharmacy closed location
a727dc130b61a677b2,Walgreens,"Chicago, IL",Chicago,IL,,,"Walgreens closes Midtown location, the eighth shuttered in three years",http://www.bing.com/news/apiclick.aspx?ref=FexRss&aid=&tid=6a69ef575ccd46ad926da6348d85633c&url=https%3a%2f%2fwww.yahoo.com%2fnews%2fus%2farticles%2fwalgreens-closes-midtown-location-eighth-185356270.html&c=4970829250727021006&mkt=en-us,www.bing.com,bing_rss,2026-06-23T11:53:00+00:00,2026-07-29T12:17:50+00:00,1.00,"Walgreens closes Midtown location, the eighth shuttered in three years Add Yahoo as a preferred source to see more of our stories on Google.",Walgreens store closure location
563e8853c62cb71da6,Walgreens,,,,,,Walgreens store closures spark protests as communities fear losing pharmacy access,http://www.bing.com/news/apiclick.aspx?ref=FexRss&aid=&tid=6a69ef575ccd46ad926da6348d85633c&url=https%3a%2f%2fwww.msn.com%2fen-us%2fhealth%2fother%2fwalgreens-store-closures-spark-protests-as-communities-fear-losing-pharmacy-access%2far-AA23daqp&c=5770354855073519193&mkt=en-us,www.bing.com,bing_rss,2026-05-14T12:00:00+00:00,2026-07-29T12:17:50+00:00,0.37,Walgreens store closures spark protests as communities fear losing pharmacy access Walgreens store closures across the United States have triggered protests as residents worry about losing access to essential pharmacy services.,Walgreens store closure location
4336c527ec31cba61e,Walgreens,"Chicago, IL",Chicago,IL,,,Walgreens to close Midtown store on Milwaukee’s North Avenue,http://www.bing.com/news/apiclick.aspx?ref=FexRss&aid=&tid=6a69ef575ccd46ad926da6348d85633c&url=https%3a%2f%2fwww.aol.com%2farticles%2fwalgreens-close-midtown-store-milwaukee-211103214.html&c=2790933303493612534&mkt=en-us,www.bing.com,bing_rss,2026-05-07T14:56:00+00:00,2026-07-29T12:17:50+00:00,1.00,"Walgreens to close Midtown store on Milwaukee’s North Avenue In another blow to Milwaukee's grocery and pharmacy landscape, Walgreens has begun to notify customers that its midtown location at 2727 W.",Walgreens store closure location
de87a47fa0cc21ab8a,Walgreens,,,,,,Chicago alderman demands charges against Walgreens over South Side store closure,http://www.bing.com/news/apiclick.aspx?ref=FexRss&aid=&tid=6a69ef575ccd46ad926da6348d85633c&url=https%3a%2f%2fwww.washingtontimes.com%2fnews%2f2026%2fmay%2f6%2fchicago-alderman-demands-charges-walgreens-south-side-store-closure%2f&c=3306734322489615837&mkt=en-us,www.bing.com,bing_rss,2026-05-06T13:46:00+00:00,2026-07-29T12:17:50+00:00,0.84,Chicago alderman demands charges against Walgreens over South Side store closure A Chicago alderman is demanding that Walgreens face charges of “first-degree corporate abandonment” after the pharmacy chain announced it will close its Chatham location on June 4,Walgreens store closure location
204071141746cc7235,Walgreens,,,,,,Walgreens closing Chatham store as officials warn of pharmacy deserts,http://www.bing.com/news/apiclick.aspx?ref=FexRss&aid=&tid=6a69ef575ccd46ad926da6348d85633c&url=https%3a%2f%2fwww.cbsnews.com%2fchicago%2fnews%2fwalgreens-closing-chatham-thursday%2f&c=3904880234451535368&mkt=en-us,www.bing.com,bing_rss,2026-06-04T15:28:00+00:00,2026-07-29T12:17:50+00:00,0.49,"has experienced ""significantly higher levels of theft and violent incidents than our other locations."" The spokesperson said the drug store giant has made adjustments to the operations at the store and taken other steps to mitigate the issue, but ""ongoing safe",Walgreens store closure location
26e8c960c1f188892d,Walgreens,,,,,,"Walgreens to close Chatham store, citing theft and violence",http://www.bing.com/news/apiclick.aspx?ref=FexRss&aid=&tid=6a69ef575ccd46ad926da6348d85633c&url=https%3a%2f%2fchicago.suntimes.com%2fmoney%2f2026%2f05%2f04%2fwalgreens-close-chatham-store-theft-violence&c=9786869387699307050&mkt=en-us,www.bing.com,bing_rss,2026-05-04T16:32:00+00:00,2026-07-29T12:17:50+00:00,0.90,"Walgreens to close Chatham store, citing theft and violence Why are we asking for donations?",Walgreens store closure location
296a8b7c7be5d54162,Walgreens,"Chicago, IL",Chicago,IL,,,"Walgreens closes Midtown location, the eighth shuttered in three years",http://www.bing.com/news/apiclick.aspx?ref=FexRss&aid=&tid=6a69ef575ccd46ad926da6348d85633c&url=https%3a%2f%2fwww.jsonline.com%2fstory%2fnews%2flocal%2fmilwaukee%2fneighborhoods%2f2026%2f06%2f23%2fmidtown-walgreens-location-closes-eighth-in-three-years%2f90660844007%2f&c=5495579637630957261&mkt=en-us,www.bing.com,bing_rss,2026-06-23T13:54:00+00:00,2026-07-29T12:17:50+00:00,1.00,"Walgreens closes Midtown location, the eighth shuttered in three years Walgreens is closing its Midtown store due to safety concerns, leaving residents to find new pharmacy options.",Walgreens store closure location
159798c098208ff297,Walgreens,,,,,,"Walgreens to close Chicago store after losing over $1M due to rampant theft, falling sales",http://www.bing.com/news/apiclick.aspx?ref=FexRss&aid=&tid=6a69ef62bb214197bc58cf75ef35dd8a&url=https%3a%2f%2fwww.msn.com%2fen-us%2fmoney%2fcompanies%2fwalgreens-to-close-chicago-store-after-losing-over-1m-due-to-rampant-theft-falling-sales%2far-AA22WnEv&c=17942911988166189995&mkt=en-us,www.bing.com,bing_rss,2026-05-11T11:17:00+00:00,2026-07-29T12:17:50+00:00,0.37,"Walgreens to close Chicago store after losing over $1M due to rampant theft, falling sales Walgreens announced plans to close a location on Chicago's South Side next month as the store's profitability suffered due to elevated levels of theft as well as a decli",Walgreens closing stores
d7990963a62d18fb7e,Walgreens,,,,,,"Walgreens says it's closing 1,200 'underperforming' stores amid soft sales",http://www.bing.com/news/apiclick.aspx?ref=FexRss&aid=&tid=6a69ef62bb214197bc58cf75ef35dd8a&url=https%3a%2f%2fwww.kristv.com%2fbusiness%2fcompany-news%2fwalgreens-says-its-closing-1-200-underperforming-stores-amid-soft-sales&c=7751781587053071640&mkt=en-us,www.bing.com,bing_rss,2024-10-14T23:43:00+00:00,2026-07-29T12:17:50+00:00,0.49,"Walgreens says it's closing 1,200 'underperforming' stores amid soft sales Walgreens announced on Tuesday plans to close 1,200 ""underperforming"" locations by 2027, including about 500 in 2025.",Walgreens closing stores
bb92cc3695c2462b52,Walgreens,,,,,,Walgreens closing 200 stores in U.S.,http://www.bing.com/news/apiclick.aspx?ref=FexRss&aid=&tid=6a69ef62bb214197bc58cf75ef35dd8a&url=https%3a%2f%2fwww.digitaljournal.com%2farticle%2fwalgreens-closing-200-stores-in-america%2f&c=17353310561091693125&mkt=en-us,www.bing.com,bing_rss,2015-04-09T16:42:00+00:00,2026-07-29T12:17:50+00:00,0.90,"In addition to the closures, Walgreens Boots alliance Inc.",Walgreens closing stores
fe6468265d54a22184,Walgreens,,,,,,Walgreens closing Chatham store as officials warn of pharmacy deserts,http://www.bing.com/news/apiclick.aspx?ref=FexRss&aid=&tid=6a69ef62bb214197bc58cf75ef35dd8a&url=https%3a%2f%2fwww.cbsnews.com%2fchicago%2fnews%2fwalgreens-closing-chatham-thursday%2f&c=3904880234451535368&mkt=en-us,www.bing.com,bing_rss,2026-06-04T15:28:00+00:00,2026-07-29T12:17:50+00:00,0.49,"has experienced ""significantly higher levels of theft and violent incidents than our other locations."" The spokesperson said the drug store giant has made adjustments to the operations at the store and taken other steps to mitigate the issue, but ""ongoing safe",Walgreens closing stores
4ee6382b873dca136e,Walgreens,,,,,,"Walgreens to close another South Side Chicago store, citing theft and ‘violent incidents’",http://www.bing.com/news/apiclick.aspx?ref=FexRss&aid=&tid=6a69ef62bb214197bc58cf75ef35dd8a&url=https%3a%2f%2fwww.yahoo.com%2fnews%2farticles%2fwalgreens-close-another-south-side-222800331.html&c=4817525819358460219&mkt=en-us,www.bing.com,bing_rss,2026-05-01T15:28:00+00:00,2026-07-29T12:17:50+00:00,0.90,"Walgreens to close another South Side Chicago store, citing theft and ‘violent incidents’ Walgreens is planning to close another South Side location, citing theft and violent incidents — a move that's drawing the ire of local leaders who say their communities ",Walgreens closing stores
494e009b32f44611f4,Walgreens,"Chicago, IL",Chicago,IL,,,"Walgreens closes Midtown location, the eighth shuttered in three years",http://www.bing.com/news/apiclick.aspx?ref=FexRss&aid=&tid=6a69ef62bb214197bc58cf75ef35dd8a&url=https%3a%2f%2fwww.jsonline.com%2fstory%2fnews%2flocal%2fmilwaukee%2fneighborhoods%2f2026%2f06%2f23%2fmidtown-walgreens-location-closes-eighth-in-three-years%2f90660844007%2f&c=5495579637630957261&mkt=en-us,www.bing.com,bing_rss,2026-06-23T12:09:00+00:00,2026-07-29T12:17:50+00:00,1.00,"Walgreens closes Midtown location, the eighth shuttered in three years Walgreens is closing its Midtown store due to safety concerns, leaving residents to find new pharmacy options.",Walgreens closing stores
acfd3bf34e21c147f4,Walgreens,,,,,,"Walgreens to close Chatham store, citing theft and violence",http://www.bing.com/news/apiclick.aspx?ref=FexRss&aid=&tid=6a69ef62bb214197bc58cf75ef35dd8a&url=https%3a%2f%2fchicago.suntimes.com%2fmoney%2f2026%2f05%2f04%2fwalgreens-close-chatham-store-theft-violence&c=9786869387699307050&mkt=en-us,www.bing.com,bing_rss,2026-05-04T16:32:00+00:00,2026-07-29T12:17:50+00:00,0.90,"Walgreens to close Chatham store, citing theft and violence Why are we asking for donations?",Walgreens closing stores
0124c1c739e7e5e9f3,Walgreens,,,,,,"Walgreens is closing 1,200 stores by 2027. Which Wisconsin stores could be affected?",http://www.bing.com/news/apiclick.aspx?ref=FexRss&aid=&tid=6a69ef62bb214197bc58cf75ef35dd8a&url=https%3a%2f%2fwww.detroitnews.com%2fstory%2fmoney%2fbusiness%2fretail%2f2024%2f10%2f15%2fwalgreens-is-closing-1200-stores-by-2027-which-wisconsin-stores-could-close%2f75683725007%2f&c=7520587805005820965&mkt=en-us,www.bing.com,bing_rss,2024-10-15T04:08:00+00:00,2026-07-29T12:17:50+00:00,0.61,The drugstore chain Walgreens plans to close ...,Walgreens closing stores
0618c6f2fe0098b039,Walgreens,"Chicago, IL",Chicago,IL,,,Closed King Drive Walgreens can’t reopen as pharmacy without approval,http://www.bing.com/news/apiclick.aspx?ref=FexRss&aid=&tid=6a69ef6e9d854444b0c293d62e36cdd6&url=https%3a%2f%2fwww.yahoo.com%2fnews%2fus%2farticles%2fclosed-king-drive-walgreens-t-102152427.html&c=8417137540600450529&mkt=en-us,www.bing.com,bing_rss,2026-05-29T03:22:00+00:00,2026-07-29T12:17:50+00:00,1.00,Closed King Drive Walgreens can’t reopen as pharmacy without approval Add Yahoo as a preferred source to see more of our stories on Google.,Walgreens pharmacy closed location
b375d6a46d6dfb4ca5,Walgreens,"Chicago, IL",Chicago,IL,,,"Walgreens closes Midtown location, the eighth shuttered in three years",http://www.bing.com/news/apiclick.aspx?ref=FexRss&aid=&tid=6a69ef6e9d854444b0c293d62e36cdd6&url=https%3a%2f%2fwww.jsonline.com%2fstory%2fnews%2flocal%2fmilwaukee%2fneighborhoods%2f2026%2f06%2f23%2fmidtown-walgreens-location-closes-eighth-in-three-years%2f90660844007%2f&c=5495579637630957261&mkt=en-us,www.bing.com,bing_rss,2026-06-23T13:54:00+00:00,2026-07-29T12:17:50+00:00,1.00,"Walgreens closes Midtown location, the eighth shuttered in three years Walgreens is closing its Midtown store due to safety concerns, leaving residents to find new pharmacy options.",Walgreens pharmacy closed location
5fc08cec731017820b,CVS,,,,,,CVS fights law that could force over 100 stores to close,http://www.bing.com/news/apiclick.aspx?ref=FexRss&aid=&tid=6a6b3d5e9e8e4770b7c0879d5e8916e3&url=https%3a%2f%2fwww.msn.com%2fen-us%2fpolitics%2fgovernment%2fcvs-fights-law-that-could-force-over-100-stores-to-close%2far-AA21zQvb&c=2559811357359683172&mkt=en-us,www.bing.com,bing_rss,2026-04-23T09:14:00+00:00,2026-07-30T12:03:35+00:00,0.37,"CVS fights law that could force over 100 stores to close A sweeping new health care law is setting up a high-stakes battle over prescription drug pricing, corporate power, and patient access.",CVS closing stores
16fb7acb91a2283b70,Walgreens,,,,,,The only grocery store in Williamson closed two years ago - here what residents are left with,https://www.whec.com/local/the-only-grocery-store-in-williamson-closed-two-years-ago-heres-what-residents-are-left-with/,www.whec.com,gdelt,20260721T034500Z,2026-07-30T12:03:35+00:00,0.26,"The only grocery store in Williamson closed two years ago - here what residents are left with https://www.whec.com/wp-content/uploads/2026/07/williamson.jpg WILLIAMSON, N.Y.",Walgreens store closure location
9d259434b786a7ce68,Walgreens,,,,,,Walgreens store closures spark protests as communities fear losing pharmacy access,http://www.bing.com/news/apiclick.aspx?ref=FexRss&aid=&tid=6a6b3d7d798741138eaf43809a6bf3ba&url=https%3a%2f%2fwww.msn.com%2fen-us%2fhealth%2fother%2fwalgreens-store-closures-spark-protests-as-communities-fear-losing-pharmacy-access%2far-AA23daqp&c=5770354855073519193&mkt=en-us,www.bing.com,bing_rss,2026-05-14T12:00:00+00:00,2026-07-30T12:03:35+00:00,0.37,Walgreens store closures spark protests as communities fear losing pharmacy access Walgreens store closures across the United States have triggered protests as residents worry about losing access to essential pharmacy services.,Walgreens store closure location
f760ef109f2f841582,Walgreens,,,,,,Community leaders speak out ahead of Chatham Walgreens store closure next month,http://www.bing.com/news/apiclick.aspx?ref=FexRss&aid=&tid=6a6b3d7d798741138eaf43809a6bf3ba&url=https%3a%2f%2fwww.msn.com%2fen-us%2fmoney%2fother%2fcommunity-leaders-speak-out-ahead-of-chatham-walgreens-store-closure-next-month%2far-AA22lArm&c=2601917922660646092&mkt=en-us,www.bing.com,bing_rss,2026-05-04T15:31:00+00:00,2026-07-30T12:03:35+00:00,0.61,Community leaders speak out ahead of Chatham Walgreens store closure next month Six Walgreens have closed on the city's South Side during the past year.,Walgreens store closure location
36a77dc1f8abe94b63,Walgreens,,,,,,Community leaders speak out ahead of Chatham Walgreens store closure next month,http://www.bing.com/news/apiclick.aspx?ref=FexRss&aid=&tid=6a6b3d7d798741138eaf43809a6bf3ba&url=https%3a%2f%2fwww.yahoo.com%2fnews%2farticles%2fcommunity-leaders-speak-ahead-chatham-101415545.html&c=16946348916439022411&mkt=en-us,www.bing.com,bing_rss,2026-05-04T16:15:00+00:00,2026-07-30T12:03:35+00:00,0.90,Community leaders speak out ahead of Chatham Walgreens store closure next month Add Yahoo as a preferred source to see more of our stories on Google.,Walgreens store closure location
ff91b5cc0ca9135490,Walgreens,,,,,,"Walgreens says it's closing 1,200 'underperforming' stores amid soft sales",http://www.bing.com/news/apiclick.aspx?ref=FexRss&aid=&tid=6a6b3d8a55c14081b7107cd52a67eff2&url=https%3a%2f%2fwww.kristv.com%2fbusiness%2fcompany-news%2fwalgreens-says-its-closing-1-200-underperforming-stores-amid-soft-sales&c=7751781587053071640&mkt=en-us,www.bing.com,bing_rss,2024-10-14T23:43:00+00:00,2026-07-30T12:03:35+00:00,0.49,"Walgreens says it's closing 1,200 'underperforming' stores amid soft sales Walgreens announced on Tuesday plans to close 1,200 ""underperforming"" locations by 2027, including about 500 in 2025.",Walgreens closing stores
f35c50aac6f7300c57,Walgreens,,,,,,Walgreens closing 200 stores in U.S.,http://www.bing.com/news/apiclick.aspx?ref=FexRss&aid=&tid=6a6b3d8a55c14081b7107cd52a67eff2&url=https%3a%2f%2fwww.digitaljournal.com%2farticle%2fwalgreens-closing-200-stores-in-america%2f&c=17353310561091693125&mkt=en-us,www.bing.com,bing_rss,2015-04-09T20:41:00+00:00,2026-07-30T12:03:35+00:00,0.90,"In addition to the closures, Walgreens Boots alliance Inc.",Walgreens closing stores
8ccefe47407f2c241b,Walgreens,,,,,,"Walgreens to close Chicago store after losing over $1M due to rampant theft, falling sales",http://www.bing.com/news/apiclick.aspx?ref=FexRss&aid=&tid=6a6b3d8a55c14081b7107cd52a67eff2&url=https%3a%2f%2fwww.msn.com%2fen-us%2fmoney%2fcompanies%2fwalgreens-to-close-chicago-store-after-losing-over-1m-due-to-rampant-theft-falling-sales%2far-AA22WnEv&c=17942911988166189995&mkt=en-us,www.bing.com,bing_rss,2026-05-11T11:07:00+00:00,2026-07-30T12:03:35+00:00,0.37,"Walgreens to close Chicago store after losing over $1M due to rampant theft, falling sales Walgreens announced plans to close a location on Chicago's South Side next month as the store's profitability suffered due to elevated levels of theft as well as a decli",Walgreens closing stores
d42e1b4e9cdf767c93,Walgreens,,,,,,"Walgreens to close another South Side Chicago store, citing theft and ‘violent incidents’",http://www.bing.com/news/apiclick.aspx?ref=FexRss&aid=&tid=6a6b3d8a55c14081b7107cd52a67eff2&url=https%3a%2f%2fwww.yahoo.com%2fnews%2farticles%2fwalgreens-close-another-south-side-222800331.html&c=4817525819358460219&mkt=en-us,www.bing.com,bing_rss,2026-05-01T15:28:00+00:00,2026-07-30T12:03:35+00:00,0.90,"Walgreens to close another South Side Chicago store, citing theft and ‘violent incidents’ Walgreens is planning to close another South Side location, citing theft and violent incidents — a move that's drawing the ire of local leaders who say their communities ",Walgreens closing stores
3f1e409f731f2c32c4,Walgreens,"Chicago, IL",Chicago,IL,,,"Walgreens closes Midtown location, the eighth shuttered in three years",http://www.bing.com/news/apiclick.aspx?ref=FexRss&aid=&tid=6a6b3d8a55c14081b7107cd52a67eff2&url=https%3a%2f%2fwww.jsonline.com%2fstory%2fnews%2flocal%2fmilwaukee%2fneighborhoods%2f2026%2f06%2f23%2fmidtown-walgreens-location-closes-eighth-in-three-years%2f90660844007%2f&c=5495579637630957261&mkt=en-us,www.bing.com,bing_rss,2026-06-23T13:54:00+00:00,2026-07-30T12:03:35+00:00,1.00,"Walgreens closes Midtown location, the eighth shuttered in three years Walgreens is closing its Midtown store due to safety concerns, leaving residents to find new pharmacy options.",Walgreens closing stores
56ffef62e0b00225e9,Walgreens,,,,,,"Walgreens to close Chatham store, citing theft and violence",http://www.bing.com/news/apiclick.aspx?ref=FexRss&aid=&tid=6a6b3d8a55c14081b7107cd52a67eff2&url=https%3a%2f%2fchicago.suntimes.com%2fmoney%2f2026%2f05%2f04%2fwalgreens-close-chatham-store-theft-violence&c=9786869387699307050&mkt=en-us,www.bing.com,bing_rss,2026-05-04T16:32:00+00:00,2026-07-30T12:03:35+00:00,0.90,"Walgreens to close Chatham store, citing theft and violence Why are we asking for donations?",Walgreens closing stores
eb252140afad5db753,Walgreens,"Chicago, IL",Chicago,IL,,,"Walgreens closes Midtown location, the eighth shuttered in three years",http://www.bing.com/news/apiclick.aspx?ref=FexRss&aid=&tid=6a6c91aa14ad4749b44f98d582dc8647&url=https%3a%2f%2fwww.jsonline.com%2fstory%2fnews%2flocal%2fmilwaukee%2fneighborhoods%2f2026%2f06%2f23%2fmidtown-walgreens-location-closes-eighth-in-three-years%2f90660844007%2f&c=5495579637630957261&mkt=en-us,www.bing.com,bing_rss,2026-06-23T13:54:00+00:00,2026-07-31T12:15:01+00:00,1.00,"Walgreens closes Midtown location, the eighth shuttered in three years Walgreens is closing its Midtown store due to safety concerns, leaving residents to find new pharmacy options.",Walgreens store closure location
1446cc1c33771ad343,Walgreens,,,,,,Walgreens store closures spark protests as communities fear losing pharmacy access,http://www.bing.com/news/apiclick.aspx?ref=FexRss&aid=&tid=6a6c91aa14ad4749b44f98d582dc8647&url=https%3a%2f%2fwww.msn.com%2fen-us%2fhealth%2fother%2fwalgreens-store-closures-spark-protests-as-communities-fear-losing-pharmacy-access%2far-AA23daqp&c=5770354855073519193&mkt=en-us,www.bing.com,bing_rss,2026-05-14T12:00:00+00:00,2026-07-31T12:15:01+00:00,0.37,Walgreens store closures spark protests as communities fear losing pharmacy access Walgreens store closures across the United States have triggered protests as residents worry about losing access to essential pharmacy services.,Walgreens store closure location
0d6bb90d394b86ce2b,Walgreens,,,,,,"Walgreens to close Chatham store, citing theft and violence",http://www.bing.com/news/apiclick.aspx?ref=FexRss&aid=&tid=6a6c91aa14ad4749b44f98d582dc8647&url=https%3a%2f%2fchicago.suntimes.com%2fmoney%2f2026%2f05%2f04%2fwalgreens-close-chatham-store-theft-violence&c=9786869387699307050&mkt=en-us,www.bing.com,bing_rss,2026-05-04T16:32:00+00:00,2026-07-31T12:15:01+00:00,0.90,"Walgreens to close Chatham store, citing theft and violence Why are we asking for donations?",Walgreens store closure location
618735f8d858e598e3,Walgreens,,,,,,Walgreens closing Chatham store as officials warn of pharmacy deserts,http://www.bing.com/news/apiclick.aspx?ref=FexRss&aid=&tid=6a6c91aa14ad4749b44f98d582dc8647&url=https%3a%2f%2fwww.cbsnews.com%2fchicago%2fnews%2fwalgreens-closing-chatham-thursday%2f&c=3904880234451535368&mkt=en-us,www.bing.com,bing_rss,2026-06-04T15:28:00+00:00,2026-07-31T12:15:01+00:00,0.49,"has experienced ""significantly higher levels of theft and violent incidents than our other locations."" The spokesperson said the drug store giant has made adjustments to the operations at the store and taken other steps to mitigate the issue, but ""ongoing safe",Walgreens store closure location
96f591227b9d70409f,Walgreens,"Chicago, IL",Chicago,IL,,,Walgreens to close Midtown store on Milwaukee’s North Avenue,http://www.bing.com/news/apiclick.aspx?ref=FexRss&aid=&tid=6a6c91aa14ad4749b44f98d582dc8647&url=https%3a%2f%2fwww.aol.com%2farticles%2fwalgreens-close-midtown-store-milwaukee-211103214.html&c=2790933303493612534&mkt=en-us,www.bing.com,bing_rss,2026-05-07T14:56:00+00:00,2026-07-31T12:15:01+00:00,1.00,"Walgreens to close Midtown store on Milwaukee’s North Avenue In another blow to Milwaukee's grocery and pharmacy landscape, Walgreens has begun to notify customers that its midtown location at 2727 W.",Walgreens store closure location
17889e6f729cbab2e7,Walgreens,,,,,,Chicago alderman demands charges against Walgreens over South Side store closure,http://www.bing.com/news/apiclick.aspx?ref=FexRss&aid=&tid=6a6c91aa14ad4749b44f98d582dc8647&url=https%3a%2f%2fwww.washingtontimes.com%2fnews%2f2026%2fmay%2f6%2fchicago-alderman-demands-charges-walgreens-south-side-store-closure%2f&c=3306734322489615837&mkt=en-us,www.bing.com,bing_rss,2026-05-06T13:46:00+00:00,2026-07-31T12:15:01+00:00,0.84,Chicago alderman demands charges against Walgreens over South Side store closure A Chicago alderman is demanding that Walgreens face charges of “first-degree corporate abandonment” after the pharmacy chain announced it will close its Chatham location on June 4,Walgreens store closure location
34b138ad5b0de10065,Walgreens,,,,,,"Walgreens to close Chicago store after losing over $1M due to rampant theft, falling sales",http://www.bing.com/news/apiclick.aspx?ref=FexRss&aid=&tid=6a6c91aa14ad4749b44f98d582dc8647&url=https%3a%2f%2fwww.foxbusiness.com%2flifestyle%2fwalgreens-close-chicago-store-after-losing-over-1m-due-rampant-theft-falling-sales&c=3657674118792058413&mkt=en-us,www.bing.com,bing_rss,2026-05-11T11:07:00+00:00,2026-07-31T12:15:01+00:00,0.72,"Walgreens to close Chicago store after losing over $1M due to rampant theft, falling sales Walgreens announced plans to close a location on Chicago's South Side next month as the store's profitability suffered due to elevated levels of theft as well as a decli",Walgreens store closure location
e44f32ed5ca02c962c,Walgreens,"Chicago, IL",Chicago,IL,,,"Walgreens closes Midtown location, the eighth shuttered in three years",http://www.bing.com/news/apiclick.aspx?ref=FexRss&aid=&tid=6a6c91aa14ad4749b44f98d582dc8647&url=https%3a%2f%2fwww.yahoo.com%2fnews%2fus%2farticles%2fwalgreens-closes-midtown-location-eighth-185356270.html&c=4970829250727021006&mkt=en-us,www.bing.com,bing_rss,2026-06-23T11:53:00+00:00,2026-07-31T12:15:01+00:00,1.00,"Walgreens closes Midtown location, the eighth shuttered in three years Add Yahoo as a preferred source to see more of our stories on Google.",Walgreens store closure location
9efaeecb78a0cd3e7c,Walgreens,"Highland Park, IL",Highland Park,IL,,,Changing Market Conditions and Shopping Center Offerings,https://natlawreview.com/article/survival-shopping-centers-new-looks-vs-old-restrictions,natlawreview.com,gdelt,20260730T163000Z,2026-07-31T12:15:01+00:00,0.55,Changing Market Conditions and Shopping Center Offerings https://natlawreview.com/sites/default/files/styles/article_image/public/2026-07/Mall%20Busy%20Shopping-55593263.jpg.webp?itok=zQuxAwuc 51 New Articles New Articles Find Your Next Job ! The death of bric,Walgreens closing stores
874cbec53eded05d25,Walgreens,,,,,,Taxpayer Millions Couldnt Stop Seven Save A Lot Grocery Stores From Going Dark In Crime - Ridden Chicago,https://www.zerohedge.com/markets/taxpayer-millions-couldnt-stop-seven-save-lot-grocery-stores-going-dark-crime-ridden,www.zerohedge.com,gdelt,20260728T014500Z,2026-07-31T12:15:01+00:00,0.49,Taxpayer Millions Couldnt Stop Seven Save A Lot Grocery Stores From Going Dark In Crime - Ridden Chicago https://assets.zerohedge.com/s3fs-public/styles/16_9_max_700/public/2026-07/2026-07-27_09-43-49.png?itok=v-cuITPU Save A Lot shuttered seven locations acro,Walgreens closing stores
41343333c178c23496,Walgreens,,,,,,"Walgreens to close Chicago store after losing over $1M due to rampant theft, falling sales",http://www.bing.com/news/apiclick.aspx?ref=FexRss&aid=&tid=6a6c91b929bf40c2b977d17df9abec1e&url=https%3a%2f%2fwww.msn.com%2fen-us%2fmoney%2fcompanies%2fwalgreens-to-close-chicago-store-after-losing-over-1m-due-to-rampant-theft-falling-sales%2far-AA22WnEv&c=17942911988166189995&mkt=en-us,www.bing.com,bing_rss,2026-05-11T11:07:00+00:00,2026-07-31T12:15:01+00:00,0.37,"Walgreens to close Chicago store after losing over $1M due to rampant theft, falling sales Walgreens announced plans to close a location on Chicago's South Side next month as the store's profitability suffered due to elevated levels of theft as well as a decli",Walgreens closing stores
9a87ad671d662dd5b2,Walgreens,,,,,,Walgreens closing 200 stores in U.S.,http://www.bing.com/news/apiclick.aspx?ref=FexRss&aid=&tid=6a6c91b929bf40c2b977d17df9abec1e&url=https%3a%2f%2fwww.digitaljournal.com%2farticle%2fwalgreens-closing-200-stores-in-america%2f&c=17353310561091693125&mkt=en-us,www.bing.com,bing_rss,2015-04-09T20:41:00+00:00,2026-07-31T12:15:01+00:00,0.90,"In addition to the closures, Walgreens Boots alliance Inc.",Walgreens closing stores
e395f180b9e03b5f6c,Walgreens,,,,,,"Walgreens to close another South Side Chicago store, citing theft and ‘violent incidents’",http://www.bing.com/news/apiclick.aspx?ref=FexRss&aid=&tid=6a6c91b929bf40c2b977d17df9abec1e&url=https%3a%2f%2fwww.yahoo.com%2fnews%2farticles%2fwalgreens-close-another-south-side-222800331.html&c=4817525819358460219&mkt=en-us,www.bing.com,bing_rss,2026-05-01T15:28:00+00:00,2026-07-31T12:15:01+00:00,0.90,"Walgreens to close another South Side Chicago store, citing theft and ‘violent incidents’ Walgreens is planning to close another South Side location, citing theft and violent incidents — a move that's drawing the ire of local leaders who say their communities ",Walgreens closing stores
3d1b8d16ea381f29a1,Walgreens,,,,,,"Walgreens says it's closing 1,200 'underperforming' stores amid soft sales",http://www.bing.com/news/apiclick.aspx?ref=FexRss&aid=&tid=6a6c91b929bf40c2b977d17df9abec1e&url=https%3a%2f%2fwww.koaa.com%2fbusiness%2fcompany-news%2fwalgreens-says-its-closing-1-200-underperforming-stores-amid-soft-sales&c=4479475427048052718&mkt=en-us,www.bing.com,bing_rss,2024-10-15T06:43:00+00:00,2026-07-31T12:15:01+00:00,0.49,"Walgreens says it's closing 1,200 'underperforming' stores amid soft sales Walgreens announced on Tuesday plans to close 1,200 ""underperforming"" locations by 2027, including about 500 in 2025.",Walgreens closing stores
02c12f2ddb929a74b9,Walgreens,"Chicago, IL",Chicago,IL,,,"Walgreens closes Midtown location, the eighth shuttered in three years",http://www.bing.com/news/apiclick.aspx?ref=FexRss&aid=&tid=6a6c91b929bf40c2b977d17df9abec1e&url=https%3a%2f%2fwww.jsonline.com%2fstory%2fnews%2flocal%2fmilwaukee%2fneighborhoods%2f2026%2f06%2f23%2fmidtown-walgreens-location-closes-eighth-in-three-years%2f90660844007%2f&c=5495579637630957261&mkt=en-us,www.bing.com,bing_rss,2026-06-23T13:54:00+00:00,2026-07-31T12:15:01+00:00,1.00,"Walgreens closes Midtown location, the eighth shuttered in three years Walgreens is closing its Midtown store due to safety concerns, leaving residents to find new pharmacy options.",Walgreens closing stores
6ffbc960708a1d75f1,Walgreens,,,,,,Walgreens closing Chatham store as officials warn of pharmacy deserts,http://www.bing.com/news/apiclick.aspx?ref=FexRss&aid=&tid=6a6c91b929bf40c2b977d17df9abec1e&url=https%3a%2f%2fwww.cbsnews.com%2fchicago%2fnews%2fwalgreens-closing-chatham-thursday%2f&c=3904880234451535368&mkt=en-us,www.bing.com,bing_rss,2026-06-04T15:28:00+00:00,2026-07-31T12:15:01+00:00,0.49,"has experienced ""significantly higher levels of theft and violent incidents than our other locations."" The spokesperson said the drug store giant has made adjustments to the operations at the store and taken other steps to mitigate the issue, but ""ongoing safe",Walgreens closing stores
9e44c2dd77aac1d2f7,Walgreens,,,,,,"Walgreens to close Chatham store, citing theft and violence",http://www.bing.com/news/apiclick.aspx?ref=FexRss&aid=&tid=6a6c91b929bf40c2b977d17df9abec1e&url=https%3a%2f%2fchicago.suntimes.com%2fmoney%2f2026%2f05%2f04%2fwalgreens-close-chatham-store-theft-violence&c=9786869387699307050&mkt=en-us,www.bing.com,bing_rss,2026-05-04T16:32:00+00:00,2026-07-31T12:15:01+00:00,0.90,"Walgreens to close Chatham store, citing theft and violence Why are we asking for donations?",Walgreens closing stores
16dc3fd1719c293725,Walgreens,,,,,,"Walgreens to close Chatham store, citing theft and violence",http://www.bing.com/news/apiclick.aspx?ref=FexRss&aid=&tid=6a6c91c5ab0d40218e29cec2434a401a&url=https%3a%2f%2fchicago.suntimes.com%2fmoney%2f2026%2f05%2f04%2fwalgreens-close-chatham-store-theft-violence&c=9786869387699307050&mkt=en-us,www.bing.com,bing_rss,2026-05-04T16:32:00+00:00,2026-07-31T12:15:01+00:00,0.90,"Walgreens to close Chatham store, citing theft and violence Why are we asking for donations?",Walgreens pharmacy closed location
29ad9186ebb458c0be,Walgreens,,,,,,"Walgreens to close Chicago store after losing over $1M due to rampant theft, falling sales",http://www.bing.com/news/apiclick.aspx?ref=FexRss&aid=&tid=6a6c91c5ab0d40218e29cec2434a401a&url=https%3a%2f%2fwww.foxbusiness.com%2flifestyle%2fwalgreens-close-chicago-store-after-losing-over-1m-due-rampant-theft-falling-sales&c=3657674118792058413&mkt=en-us,www.bing.com,bing_rss,2026-05-11T11:07:00+00:00,2026-07-31T12:15:01+00:00,0.72,"Walgreens to close Chicago store after losing over $1M due to rampant theft, falling sales Walgreens announced plans to close a location on Chicago's South Side next month as the store's profitability suffered due to elevated levels of theft as well as a decli",Walgreens pharmacy closed location
3be7cfc19a1744744e,Walgreens,"Chicago, IL",Chicago,IL,,,"Walgreens closes Midtown location, the eighth shuttered in three years",http://www.bing.com/news/apiclick.aspx?ref=FexRss&aid=&tid=6a6c91c5ab0d40218e29cec2434a401a&url=https%3a%2f%2fwww.jsonline.com%2fstory%2fnews%2flocal%2fmilwaukee%2fneighborhoods%2f2026%2f06%2f23%2fmidtown-walgreens-location-closes-eighth-in-three-years%2f90660844007%2f&c=5495579637630957261&mkt=en-us,www.bing.com,bing_rss,2026-06-23T13:54:00+00:00,2026-07-31T12:15:01+00:00,1.00,"Walgreens closes Midtown location, the eighth shuttered in three years Walgreens is closing its Midtown store due to safety concerns, leaving residents to find new pharmacy options.",Walgreens pharmacy closed location
0afb62c457d4ce467e,CVS,,,,,,CVS fights law that could force over 100 stores to close,http://www.bing.com/news/apiclick.aspx?ref=FexRss&aid=&tid=6a6dd9a6a1bb4283a4f1b8e8f17d1fee&url=https%3a%2f%2fwww.msn.com%2fen-us%2fpolitics%2fgovernment%2fcvs-fights-law-that-could-force-over-100-stores-to-close%2far-AA21zQvb&c=2559811357359683172&mkt=en-us,www.bing.com,bing_rss,2026-04-23T09:14:00+00:00,2026-08-01T11:34:48+00:00,0.37,"CVS fights law that could force over 100 stores to close A sweeping new health care law is setting up a high-stakes battle over prescription drug pricing, corporate power, and patient access.",CVS closing stores
ec5afe194146ed6966,Walgreens,,,,,,Walgreens closing 200 stores in U.S.,http://www.bing.com/news/apiclick.aspx?ref=FexRss&aid=&tid=6a6dd9cdbfaf4e59b952f9195ddcb39f&url=https%3a%2f%2fwww.digitaljournal.com%2farticle%2fwalgreens-closing-200-stores-in-america%2f&c=17353310561091693125&mkt=en-us,www.bing.com,bing_rss,2015-04-09T20:41:00+00:00,2026-08-01T11:34:48+00:00,0.90,"In addition to the closures, Walgreens Boots alliance Inc.",Walgreens closing stores
f6654240a8b8d88522,Walgreens,,,,,,"Walgreens says it's closing 1,200 'underperforming' stores amid soft sales",http://www.bing.com/news/apiclick.aspx?ref=FexRss&aid=&tid=6a6dd9cdbfaf4e59b952f9195ddcb39f&url=https%3a%2f%2fwww.koaa.com%2fbusiness%2fcompany-news%2fwalgreens-says-its-closing-1-200-underperforming-stores-amid-soft-sales&c=4479475427048052718&mkt=en-us,www.bing.com,bing_rss,2024-10-15T06:43:00+00:00,2026-08-01T11:34:48+00:00,0.49,"Walgreens says it's closing 1,200 'underperforming' stores amid soft sales Walgreens announced on Tuesday plans to close 1,200 ""underperforming"" locations by 2027, including about 500 in 2025.",Walgreens closing stores
426a36fc4adffef378,Walgreens,,,,,,2 Bergen County Walgreens stores to permanently close,http://www.bing.com/news/apiclick.aspx?ref=FexRss&aid=&tid=6a6dd9cdbfaf4e59b952f9195ddcb39f&url=https%3a%2f%2fwww.msn.com%2fen-us%2fmoney%2fgeneral%2f2-bergen-county-walgreens-stores-to-permanently-close%2far-AA299W8w&c=16414438707340366079&mkt=en-us,www.bing.com,bing_rss,2026-07-31T10:48:00+00:00,2026-08-01T11:34:48+00:00,0.37,2 Bergen County Walgreens stores to permanently close Two Walgreens pharmacies in Bergen County are preparing to close their doors permanently in the coming weeks.,Walgreens closing stores
d8ffcce6a4c8338513,Walgreens,,,,,,Walgreens closing Chatham store as officials warn of pharmacy deserts,http://www.bing.com/news/apiclick.aspx?ref=FexRss&aid=&tid=6a6dd9cdbfaf4e59b952f9195ddcb39f&url=https%3a%2f%2fwww.cbsnews.com%2fchicago%2fnews%2fwalgreens-closing-chatham-thursday%2f&c=3904880234451535368&mkt=en-us,www.bing.com,bing_rss,2026-06-04T15:28:00+00:00,2026-08-01T11:34:48+00:00,0.49,"has experienced ""significantly higher levels of theft and violent incidents than our other locations."" The spokesperson said the drug store giant has made adjustments to the operations at the store and taken other steps to mitigate the issue, but ""ongoing safe",Walgreens closing stores
e194d81e19c7978aec,Walgreens,,,,,,"Walgreens to close another South Side Chicago store, citing theft and ‘violent incidents’",http://www.bing.com/news/apiclick.aspx?ref=FexRss&aid=&tid=6a6dd9cdbfaf4e59b952f9195ddcb39f&url=https%3a%2f%2fwww.yahoo.com%2fnews%2farticles%2fwalgreens-close-another-south-side-222800331.html&c=4817525819358460219&mkt=en-us,www.bing.com,bing_rss,2026-05-01T15:28:00+00:00,2026-08-01T11:34:48+00:00,0.90,"Walgreens to close another South Side Chicago store, citing theft and ‘violent incidents’ Walgreens is planning to close another South Side location, citing theft and violent incidents — a move that's drawing the ire of local leaders who say their communities ",Walgreens closing stores
751d52f95258ea4f63,Walgreens,"Chicago, IL",Chicago,IL,,,"Walgreens closes Midtown location, the eighth shuttered in three years",http://www.bing.com/news/apiclick.aspx?ref=FexRss&aid=&tid=6a6dd9cdbfaf4e59b952f9195ddcb39f&url=https%3a%2f%2fwww.jsonline.com%2fstory%2fnews%2flocal%2fmilwaukee%2fneighborhoods%2f2026%2f06%2f23%2fmidtown-walgreens-location-closes-eighth-in-three-years%2f90660844007%2f&c=5495579637630957261&mkt=en-us,www.bing.com,bing_rss,2026-06-23T13:54:00+00:00,2026-08-01T11:34:48+00:00,1.00,"Walgreens closes Midtown location, the eighth shuttered in three years Walgreens is closing its Midtown store due to safety concerns, leaving residents to find new pharmacy options.",Walgreens closing stores
526498e825670185fc,Walgreens,,,,,,"Walgreens to close Chatham store, citing theft and violence",http://www.bing.com/news/apiclick.aspx?ref=FexRss&aid=&tid=6a6dd9cdbfaf4e59b952f9195ddcb39f&url=https%3a%2f%2fchicago.suntimes.com%2fmoney%2f2026%2f05%2f04%2fwalgreens-close-chatham-store-theft-violence&c=9786869387699307050&mkt=en-us,www.bing.com,bing_rss,2026-05-04T16:32:00+00:00,2026-08-01T11:34:48+00:00,0.90,"Walgreens to close Chatham store, citing theft and violence Why are we asking for donations?",Walgreens closing stores
6c5332882e814c660e,CVS,,,,,,CVS fights law that could force over 100 stores to close,http://www.bing.com/news/apiclick.aspx?ref=FexRss&aid=&tid=6a6f2ae4a3544728a7469220e01fd9e3&url=https%3a%2f%2fwww.msn.com%2fen-us%2fpolitics%2fgovernment%2fcvs-fights-law-that-could-force-over-100-stores-to-close%2far-AA21zQvb&c=2559811357359683172&mkt=en-us,www.bing.com,bing_rss,2026-04-23T09:14:00+00:00,2026-08-02T11:33:37+00:00,0.37,"CVS fights law that could force over 100 stores to close A sweeping new health care law is setting up a high-stakes battle over prescription drug pricing, corporate power, and patient access.",CVS closing stores
5da957ab16e190dda2,Walgreens,"Chicago, IL",Chicago,IL,,,"Walgreens closes Midtown location, the eighth shuttered in three years",http://www.bing.com/news/apiclick.aspx?ref=FexRss&aid=&tid=6a6f2afa42bb4e33b249af9cae61d03b&url=https%3a%2f%2fwww.yahoo.com%2fnews%2fus%2farticles%2fwalgreens-closes-midtown-location-eighth-185356270.html&c=4970829250727021006&mkt=en-us,www.bing.com,bing_rss,2026-06-23T11:53:00+00:00,2026-08-02T11:33:37+00:00,1.00,"Walgreens closes Midtown location, the eighth shuttered in three years Add Yahoo as a preferred source to see more of our stories on Google.",Walgreens store closure location
462ce788e9308046de,Walgreens,,,,,,2 Bergen County Walgreens stores to permanently close,http://www.bing.com/news/apiclick.aspx?ref=FexRss&aid=&tid=6a6f2afa42bb4e33b249af9cae61d03b&url=https%3a%2f%2fwww.msn.com%2fen-us%2fmoney%2fgeneral%2f2-bergen-county-walgreens-stores-to-permanently-close%2far-AA299W8w&c=16414438707340366079&mkt=en-us,www.bing.com,bing_rss,2026-07-31T10:48:00+00:00,2026-08-02T11:33:37+00:00,0.37,2 Bergen County Walgreens stores to permanently close Two Walgreens pharmacies in Bergen County are preparing to close their doors permanently in the coming weeks.,Walgreens store closure location
c0563ef5c32f64cda5,Walgreens,,,,,,"Walgreens to close Chatham store, citing theft and violence",http://www.bing.com/news/apiclick.aspx?ref=FexRss&aid=&tid=6a6f2afa42bb4e33b249af9cae61d03b&url=https%3a%2f%2fchicago.suntimes.com%2fmoney%2f2026%2f05%2f04%2fwalgreens-close-chatham-store-theft-violence&c=9786869387699307050&mkt=en-us,www.bing.com,bing_rss,2026-05-04T16:32:00+00:00,2026-08-02T11:33:37+00:00,0.90,"Walgreens to close Chatham store, citing theft and violence Why are we asking for donations?",Walgreens store closure location
c5ee9dfbbd89fc6dbb,Walgreens,,,,,,2 Bergen County Walgreens stores to permanently close,http://www.bing.com/news/apiclick.aspx?ref=FexRss&aid=&tid=6a6f2b05258c45d5b26832a196b472b5&url=https%3a%2f%2fwww.msn.com%2fen-us%2fmoney%2fcompanies%2f2-bergen-county-walgreens-stores-to-permanently-close%2far-AA299W8w&c=1102988494230139228&mkt=en-us,www.bing.com,bing_rss,2026-07-31T10:48:00+00:00,2026-08-02T11:33:37+00:00,0.37,2 Bergen County Walgreens stores to permanently close Two Walgreens pharmacies in Bergen County are preparing to close their doors permanently in the coming weeks.,Walgreens closing stores
c5cf207bb0f4d90d91,Walgreens,,,,,,"Walgreens says it's closing 1,200 'underperforming' stores amid soft sales",http://www.bing.com/news/apiclick.aspx?ref=FexRss&aid=&tid=6a6f2b05258c45d5b26832a196b472b5&url=https%3a%2f%2fwww.koaa.com%2fbusiness%2fcompany-news%2fwalgreens-says-its-closing-1-200-underperforming-stores-amid-soft-sales&c=4479475427048052718&mkt=en-us,www.bing.com,bing_rss,2024-10-15T06:43:00+00:00,2026-08-02T11:33:37+00:00,0.49,"Walgreens says it's closing 1,200 'underperforming' stores amid soft sales Walgreens announced on Tuesday plans to close 1,200 ""underperforming"" locations by 2027, including about 500 in 2025.",Walgreens closing stores
f22a709b7965ae0720,Walgreens,,,,,,"Walgreens store closing soon in South Shore, community holds meeting on new business options",http://www.bing.com/news/apiclick.aspx?ref=FexRss&aid=&tid=6a6f2b05258c45d5b26832a196b472b5&url=https%3a%2f%2fwww.msn.com%2fen-us%2fmoney%2fgeneral%2fwalgreens-store-closing-soon-in-south-shore-community-holds-meeting-on-new-business-options%2far-AA1zoNnT&c=2579555658508650178&mkt=en-us,www.bing.com,bing_rss,2025-02-19T20:20:00+00:00,2026-08-02T11:33:37+00:00,0.37,"Walgreens store closing soon in South Shore, community holds meeting on new business options A Walgreens is getting ready to close on Chicago's South Side.",Walgreens closing stores
f5bbc69e89a540aefc,Walgreens,,,,,,"Walgreens to close another South Side Chicago store, citing theft and ‘violent incidents’",http://www.bing.com/news/apiclick.aspx?ref=FexRss&aid=&tid=6a6f2b05258c45d5b26832a196b472b5&url=https%3a%2f%2fwww.yahoo.com%2fnews%2farticles%2fwalgreens-close-another-south-side-222800331.html&c=4817525819358460219&mkt=en-us,www.bing.com,bing_rss,2026-05-01T15:28:00+00:00,2026-08-02T11:33:37+00:00,0.90,"Walgreens to close another South Side Chicago store, citing theft and ‘violent incidents’ Walgreens is planning to close another South Side location, citing theft and violent incidents — a move that's drawing the ire of local leaders who say their communities ",Walgreens closing stores
932191a0780da0e3c0,Walgreens,"Chicago, IL",Chicago,IL,,,"Walgreens closes Midtown location, the eighth shuttered in three years",http://www.bing.com/news/apiclick.aspx?ref=FexRss&aid=&tid=6a6f2b05258c45d5b26832a196b472b5&url=https%3a%2f%2fwww.jsonline.com%2fstory%2fnews%2flocal%2fmilwaukee%2fneighborhoods%2f2026%2f06%2f23%2fmidtown-walgreens-location-closes-eighth-in-three-years%2f90660844007%2f&c=5495579637630957261&mkt=en-us,www.bing.com,bing_rss,2026-06-23T13:54:00+00:00,2026-08-02T11:33:37+00:00,1.00,"Walgreens closes Midtown location, the eighth shuttered in three years Walgreens is closing its Midtown store due to safety concerns, leaving residents to find new pharmacy options.",Walgreens closing stores
9cb6c71df2c602c25d,Walgreens,,,,,,"Walgreens to close Chicago store after losing over $1M due to rampant theft, falling sales",http://www.bing.com/news/apiclick.aspx?ref=FexRss&aid=&tid=6a6f2b05258c45d5b26832a196b472b5&url=https%3a%2f%2fwww.foxbusiness.com%2flifestyle%2fwalgreens-close-chicago-store-after-losing-over-1m-due-rampant-theft-falling-sales&c=3657674118792058413&mkt=en-us,www.bing.com,bing_rss,2026-05-11T11:07:00+00:00,2026-08-02T11:33:37+00:00,0.72,"Walgreens to close Chicago store after losing over $1M due to rampant theft, falling sales Walgreens announced plans to close a location on Chicago's South Side next month as the store's profitability suffered due to elevated levels of theft as well as a decli",Walgreens closing stores
bb0f5b011a58003276,Walgreens,,,,,,"Walgreens to close Chatham store, citing theft and violence",http://www.bing.com/news/apiclick.aspx?ref=FexRss&aid=&tid=6a6f2b05258c45d5b26832a196b472b5&url=https%3a%2f%2fchicago.suntimes.com%2fmoney%2f2026%2f05%2f04%2fwalgreens-close-chatham-store-theft-violence&c=9786869387699307050&mkt=en-us,www.bing.com,bing_rss,2026-05-04T16:32:00+00:00,2026-08-02T11:33:37+00:00,0.90,"Walgreens to close Chatham store, citing theft and violence Why are we asking for donations?",Walgreens closing stores
db03a57b62d552a9ec,Walgreens,,,,,,Bergen County Walgreens to permanently close,http://www.bing.com/news/apiclick.aspx?ref=FexRss&aid=&tid=6a6f2b11b30b40629dbfb1dc739230d9&url=https%3a%2f%2fwww.msn.com%2fen-us%2fmoney%2fgeneral%2fbergen-county-walgreens-to-permanently-close%2far-AA299W8w&c=3209070001735251096&mkt=en-us,www.bing.com,bing_rss,2026-07-31T10:48:54+00:00,2026-08-02T11:33:37+00:00,0.37,Bergen County Walgreens to permanently close A Walgreens pharmacy in Bergen County is preparing to close its doors for good next week.,Walgreens pharmacy closed location
62a91f5a5140c625c8,CVS,,,,,,CVS fights law that could force over 100 stores to close,http://www.bing.com/news/apiclick.aspx?ref=FexRss&aid=&tid=6a709536fcdd43b58a64541fd3d8f821&url=https%3a%2f%2fwww.msn.com%2fen-us%2fpolitics%2fgovernment%2fcvs-fights-law-that-could-force-over-100-stores-to-close%2far-AA21zQvb&c=2559811357359683172&mkt=en-us,www.bing.com,bing_rss,2026-04-23T09:14:00+00:00,2026-08-03T13:19:46+00:00,0.37,"CVS fights law that could force over 100 stores to close A sweeping new health care law is setting up a high-stakes battle over prescription drug pricing, corporate power, and patient access.",CVS closing stores
a88715ddb2ec0f1e1b,Walgreens,,,,,,Walgreens Is Closing Stores: Updated List of Shuttered Locations for 2026,http://www.bing.com/news/apiclick.aspx?ref=FexRss&aid=&tid=6a70955bc96d43569893a132b42037ee&url=https%3a%2f%2fwww.inc.com%2famaya-nichole%2fwalgreens-closing-stores-list-of-shuttered-locations-2026%2f91383263&c=11585066375902808597&mkt=en-us,www.bing.com,bing_rss,2026-08-03T05:00:00+00:00,2026-08-03T13:19:46+00:00,0.60,Walgreens Is Closing Stores: Updated List of Shuttered Locations for 2026 The cuts are part of a multiyear downsizing effort that has already reshaped the pharmacy chain's footprint nationwide.,Walgreens store closure location
65cffe0158eb4943b7,Walgreens,,,,,,2 Bergen County Walgreens stores to permanently close,http://www.bing.com/news/apiclick.aspx?ref=FexRss&aid=&tid=6a70955bc96d43569893a132b42037ee&url=https%3a%2f%2fwww.msn.com%2fen-us%2fmoney%2fcompanies%2f2-bergen-county-walgreens-stores-to-permanently-close%2far-AA299W8w&c=1102988494230139228&mkt=en-us,www.bing.com,bing_rss,2026-07-31T10:48:00+00:00,2026-08-03T13:19:46+00:00,0.37,2 Bergen County Walgreens stores to permanently close Two Walgreens pharmacies in Bergen County are preparing to close their doors permanently in the coming weeks.,Walgreens store closure location
2e51f46afff0ace8f0,Walgreens,,,,,,Walgreens Is Closing Stores: Updated List of Shuttered Locations for 2026,http://www.bing.com/news/apiclick.aspx?ref=FexRss&aid=&tid=6a70956774ee45fea8771d0e54a343a7&url=https%3a%2f%2fwww.inc.com%2famaya-nichole%2fwalgreens-closing-stores-list-of-shuttered-locations-2026%2f91383263&c=11585066375902808597&mkt=en-us,www.bing.com,bing_rss,2026-08-03T05:00:00+00:00,2026-08-03T13:19:46+00:00,0.60,Walgreens Is Closing Stores: Updated List of Shuttered Locations for 2026 The cuts are part of a multiyear downsizing effort that has already reshaped the pharmacy chain's footprint nationwide.,Walgreens closing stores
65af8c0719f520efca,Walgreens,,,,,,"Walgreens says it's closing 1,200 'underperforming' stores amid soft sales",http://www.bing.com/news/apiclick.aspx?ref=FexRss&aid=&tid=6a70956774ee45fea8771d0e54a343a7&url=https%3a%2f%2fwww.koaa.com%2fbusiness%2fcompany-news%2fwalgreens-says-its-closing-1-200-underperforming-stores-amid-soft-sales&c=4479475427048052718&mkt=en-us,www.bing.com,bing_rss,2024-10-15T06:43:00+00:00,2026-08-03T13:19:46+00:00,0.49,"Walgreens says it's closing 1,200 'underperforming' stores amid soft sales Walgreens announced on Tuesday plans to close 1,200 ""underperforming"" locations by 2027, including about 500 in 2025.",Walgreens closing stores
b4136fae9825ca5992,Walgreens,,,,,,2 Bergen County Walgreens stores to permanently close,http://www.bing.com/news/apiclick.aspx?ref=FexRss&aid=&tid=6a70956774ee45fea8771d0e54a343a7&url=https%3a%2f%2fwww.msn.com%2fen-us%2fmoney%2fcompanies%2f2-bergen-county-walgreens-stores-to-permanently-close%2far-AA299W8w&c=1102988494230139228&mkt=en-us,www.bing.com,bing_rss,2026-07-31T10:48:00+00:00,2026-08-03T13:19:46+00:00,0.37,2 Bergen County Walgreens stores to permanently close Two Walgreens pharmacies in Bergen County are preparing to close their doors permanently in the coming weeks.,Walgreens closing stores
1858b0cb80d2803f71,Walgreens,,,,,,"Walgreens to close Chicago store after losing over $1M due to rampant theft, falling sales",http://www.bing.com/news/apiclick.aspx?ref=FexRss&aid=&tid=6a70956774ee45fea8771d0e54a343a7&url=https%3a%2f%2fwww.msn.com%2fen-us%2fmoney%2fcompanies%2fwalgreens-to-close-chicago-store-after-losing-over-1m-due-to-rampant-theft-falling-sales%2far-AA22WnEv&c=17942911988166189995&mkt=en-us,www.bing.com,bing_rss,2026-05-11T11:07:00+00:00,2026-08-03T13:19:46+00:00,0.37,"Walgreens to close Chicago store after losing over $1M due to rampant theft, falling sales Walgreens announced plans to close a location on Chicago's South Side next month as the store's profitability suffered due to elevated levels of theft as well as a decli",Walgreens closing stores
53f1eaacf71b5bc42c,Walgreens,,,,,,"Walgreens to close another South Side Chicago store, citing theft and ‘violent incidents’",http://www.bing.com/news/apiclick.aspx?ref=FexRss&aid=&tid=6a70956774ee45fea8771d0e54a343a7&url=https%3a%2f%2fwww.yahoo.com%2fnews%2farticles%2fwalgreens-close-another-south-side-222800331.html&c=4817525819358460219&mkt=en-us,www.bing.com,bing_rss,2026-05-01T15:28:00+00:00,2026-08-03T13:19:46+00:00,0.90,"Walgreens to close another South Side Chicago store, citing theft and ‘violent incidents’ Walgreens is planning to close another South Side location, citing theft and violent incidents — a move that's drawing the ire of local leaders who say their communities ",Walgreens closing stores
13c98c934fa4c53f7c,Walgreens,,,,,,"Walgreens to close Chatham store, citing theft and violence",http://www.bing.com/news/apiclick.aspx?ref=FexRss&aid=&tid=6a70956774ee45fea8771d0e54a343a7&url=https%3a%2f%2fchicago.suntimes.com%2fmoney%2f2026%2f05%2f04%2fwalgreens-close-chatham-store-theft-violence&c=9786869387699307050&mkt=en-us,www.bing.com,bing_rss,2026-05-04T16:32:00+00:00,2026-08-03T13:19:46+00:00,0.90,"Walgreens to close Chatham store, citing theft and violence Why are we asking for donations?",Walgreens closing stores
77a4abfe1f266c2053,Walgreens,,,,,,Walgreens Is Closing Stores: Updated List of Shuttered Locations for 2026,http://www.bing.com/news/apiclick.aspx?ref=FexRss&aid=&tid=6a7095726b2949acad2db6ad39351730&url=https%3a%2f%2fwww.inc.com%2famaya-nichole%2fwalgreens-closing-stores-list-of-shuttered-locations-2026%2f91383263&c=11585066375902808597&mkt=en-us,www.bing.com,bing_rss,2026-08-03T05:00:00+00:00,2026-08-03T13:19:46+00:00,0.60,Walgreens Is Closing Stores: Updated List of Shuttered Locations for 2026 The cuts are part of a multiyear downsizing effort that has already reshaped the pharmacy chain's footprint nationwide.,Walgreens pharmacy closed location
cb59c1f30b94072b60,Walgreens,,,,,,2 Bergen County Walgreens stores to permanently close,http://www.bing.com/news/apiclick.aspx?ref=FexRss&aid=&tid=6a7095726b2949acad2db6ad39351730&url=https%3a%2f%2fwww.msn.com%2fen-us%2fmoney%2fcompanies%2f2-bergen-county-walgreens-stores-to-permanently-close%2far-AA299W8w&c=1102988494230139228&mkt=en-us,www.bing.com,bing_rss,2026-07-31T10:48:00+00:00,2026-08-03T13:19:46+00:00,0.37,2 Bergen County Walgreens stores to permanently close Two Walgreens pharmacies in Bergen County are preparing to close their doors permanently in the coming weeks.,Walgreens pharmacy closed location
33e39254b7f46e4f7b,Walgreens,,,,,,Walgreens Is Closing Stores: Updated List of Shuttered Locations for 2026,http://www.bing.com/news/apiclick.aspx?ref=FexRss&aid=&tid=6a71d843b7734f109bb72d097db2b9af&url=https%3a%2f%2fwww.inc.com%2famaya-nichole%2fwalgreens-closing-stores-list-of-shuttered-locations-2026%2f91383263&c=11585066375902808597&mkt=en-us,www.bing.com,bing_rss,2026-08-03T05:00:00+00:00,2026-08-04T12:17:20+00:00,0.60,Walgreens Is Closing Stores: Updated List of Shuttered Locations for 2026 The cuts are part of a multiyear downsizing effort that has already reshaped the pharmacy chain's footprint nationwide.,Walgreens closing stores
854516783d3a7f0e85,Walgreens,,,,,,Walgreens closing stores: Which NJ locations are affected?,http://www.bing.com/news/apiclick.aspx?ref=FexRss&aid=&tid=6a71d843b7734f109bb72d097db2b9af&url=https%3a%2f%2fwww.msn.com%2fen-us%2fmoney%2fgeneral%2fwalgreens-closing-stores-which-nj-locations-are-affected%2far-AA29n1pD&c=7744497689652980451&mkt=en-us,www.bing.com,bing_rss,2026-08-04T04:50:05+00:00,2026-08-04T12:17:20+00:00,0.25,Walgreens closing stores: Which NJ locations are affected? Walgreens is closing stores nationwide. Here's which New Jersey locations are closing and what customers should know.,Walgreens closing stores
dc2dd3f3e082efc4a7,Walgreens,,,,,,Walgreens to close more stores in 2026 - Check list of pharmacy giant's locations shutting down across the US,http://www.bing.com/news/apiclick.aspx?ref=FexRss&aid=&tid=6a71d843b7734f109bb72d097db2b9af&url=https%3a%2f%2fwww.msn.com%2fen-in%2fnews%2fworld%2fwalgreens-to-close-more-stores-in-2026-check-list-of-pharmacy-giants-locations-shutting-down-across-the-us%2far-AA29mq6w&c=4334357505029277442&mkt=en-us,www.bing.com,bing_rss,2026-08-04T02:03:03+00:00,2026-08-04T12:17:20+00:00,0.72,Walgreens to close more stores in 2026 - Check list of pharmacy giant's locations shutting down across the US Walgreens is closing stores across many states as part of its 2026 operational streamlining plan.,Walgreens closing stores
1361177834dc3bdafe,Walgreens,,,,,,Walgreens Is Closing Stores: Updated List of Shuttered Locations for 2026 as Pharmacy Giant Scales Back Downsizing,http://www.bing.com/news/apiclick.aspx?ref=FexRss&aid=&tid=6a71d843b7734f109bb72d097db2b9af&url=https%3a%2f%2fthesiliconreview.com%2f2026%2f08%2fwalgreens-closing-stores-2026-list-shuttered-locations&c=8951348738481696331&mkt=en-us,www.bing.com,bing_rss,2026-08-03T17:00:00+00:00,2026-08-04T12:17:20+00:00,0.90,Walgreens Is Closing Stores: Updated List of Shuttered Locations for 2026 as Pharmacy Giant Scales Back Downsizing Walgreens is closing fewer than 100 stores in 2026 as part of a multiyear downsizing effort after scaling back earlier plans.,Walgreens closing stores
4e366c4b8576dae6a9,Walgreens,,,,,,Walgreens closing 200 stores in U.S.,http://www.bing.com/news/apiclick.aspx?ref=FexRss&aid=&tid=6a71d843b7734f109bb72d097db2b9af&url=https%3a%2f%2fwww.digitaljournal.com%2farticle%2fwalgreens-closing-200-stores-in-america%2f&c=17353310561091693125&mkt=en-us,www.bing.com,bing_rss,2015-04-09T20:41:00+00:00,2026-08-04T12:17:20+00:00,0.90,"In addition to the closures, Walgreens Boots alliance Inc.",Walgreens closing stores
7857dbdc6d097281d8,Walgreens,,,,,,Walgreens closing 2 more NJ stores,http://www.bing.com/news/apiclick.aspx?ref=FexRss&aid=&tid=6a71d843b7734f109bb72d097db2b9af&url=https%3a%2f%2fnjbiz.com%2fwalgreens-closing-2-more-nj-stores%2f&c=17393995025677590765&mkt=en-us,www.bing.com,bing_rss,2026-08-03T10:49:00+00:00,2026-08-04T12:17:20+00:00,0.84,Walgreens closing 2 more NJ stores Two more Walgreens stores in New Jersey will permanently close as part of the retail pharmacy chain’s ongoing efforts to reset its business.,Walgreens closing stores
80cdc479d698cfb3d0,Walgreens,,,,,,2 Bergen County Walgreens Stores To Permanently Close,http://www.bing.com/news/apiclick.aspx?ref=FexRss&aid=&tid=6a71d843b7734f109bb72d097db2b9af&url=https%3a%2f%2fwww.msn.com%2fen-us%2fmoney%2fgeneral%2f2-bergen-county-walgreens-to-permanently-close%2far-AA299W8w&c=9259370588918915839&mkt=en-us,www.bing.com,bing_rss,2026-07-31T18:50:00+00:00,2026-08-04T12:17:20+00:00,0.37,2 Bergen County Walgreens Stores To Permanently Close Two Walgreens pharmacies in Bergen County are preparing to close their doors permanently in the coming weeks.,Walgreens closing stores
d58c060051cc454712,Walgreens,,,,,,Walgreens Closing Stores in 2026: Full List of Locations,http://www.bing.com/news/apiclick.aspx?ref=FexRss&aid=&tid=6a71d843b7734f109bb72d097db2b9af&url=https%3a%2f%2fwww.merca20.com%2fwalgreens-closing-stores-in-2026-full-list-of-locations%2f&c=9077345941633981296&mkt=en-us,www.bing.com,bing_rss,2026-08-03T13:29:00+00:00,2026-08-04T12:17:20+00:00,0.84,"The pharmacy chain is sticking to its strategy of selective closures , focused on consolidating operations at its most profitable stores while phasing out locations that no longer meet the company’s performance standards.",Walgreens closing stores
4a88e9f50ad6d437c7,Walgreens,,,,,,Why are more Walgreens locations closing? Full list of locations to close,http://www.bing.com/news/apiclick.aspx?ref=FexRss&aid=&tid=6a732907c72f464386189119be7cc039&url=https%3a%2f%2fwww.msn.com%2fen-us%2fmoney%2fcompanies%2fwhy-are-more-walgreens-locations-closing-full-list-of-locations-to-close%2far-AA29oHF1&c=9710096064838310450&mkt=en-us,www.bing.com,bing_rss,2026-08-04T09:22:47+00:00,2026-08-05T12:14:21+00:00,0.37,Full list of locations to close The pharmacy giant has been working to streamline operations and focus on more profitable locations.,Walgreens store closure location
08f4c9abe677ebd086,Walgreens,,,,,,Walgreens closing more stores. See the new list,http://www.bing.com/news/apiclick.aspx?ref=FexRss&aid=&tid=6a732907c72f464386189119be7cc039&url=https%3a%2f%2fwww.msn.com%2fen-us%2fmoney%2fgeneral%2fwalgreens-closing-more-stores-see-the-new-list%2far-AA29pD4A&c=2799093491948070223&mkt=en-us,www.bing.com,bing_rss,2026-08-04T16:49:12+00:00,2026-08-05T12:14:21+00:00,0.37,"See the new list Walgreens, which was acquired by private equity firm Sycamore Partners in August 2025, continues to close stores across the U.S.",Walgreens store closure location
f6a940bc796e4d4803,Walgreens,,,,,,Walgreens Is Closing Stores: Updated List of Shuttered Locations for 2026,http://www.bing.com/news/apiclick.aspx?ref=FexRss&aid=&tid=6a732907c72f464386189119be7cc039&url=https%3a%2f%2fwww.msn.com%2fen-us%2fmoney%2fgeneral%2fwalgreens-is-closing-stores-updated-list-of-shuttered-locations-for-2026%2far-AA29oi9V&c=13391483862513429637&mkt=en-us,www.bing.com,bing_rss,2026-08-03T05:00:00+00:00,2026-08-05T12:14:21+00:00,0.60,Walgreens Is Closing Stores: Updated List of Shuttered Locations for 2026 The cuts are part of a multiyear downsizing effort that has already reshaped the pharmacy chain’s footprint nationwide.,Walgreens store closure location
84a5cf57658d812047,Walgreens,,,,,,Walgreens 2026 Store Locations Closing: Full List Of Location Shutting Down Across The US,http://www.bing.com/news/apiclick.aspx?ref=FexRss&aid=&tid=6a732907c72f464386189119be7cc039&url=https%3a%2f%2fwww.timesnownews.com%2fworld%2fus%2fus-buzz%2fwalgreens-2026-store-locations-closing-full-list-of-location-shutting-down-across-the-us-article-155242798&c=1555851639942428928&mkt=en-us,www.bing.com,bing_rss,2026-08-03T15:34:00+00:00,2026-08-05T12:14:21+00:00,0.90,"Walgreens 2026 Store Locations Closing: Full List Of Location Shutting Down Across The US Walgreens is closing fewer than 100 stores in 2026 as part of its ongoing multiyear store optimization strategy, following a reduction in planned closures after the compa",Walgreens store closure location
8202915371d18c1aca,Walgreens,,,,,,Walgreens pharmacy closures: Updated list of locations closing in 2026,http://www.bing.com/news/apiclick.aspx?ref=FexRss&aid=&tid=6a732907c72f464386189119be7cc039&url=https%3a%2f%2fen.as.com%2flatest_news%2fwalgreens-pharmacy-closures-updated-list-of-locations-closing-in-2026-f202608-n%2f&c=14706572603353450840&mkt=en-us,www.bing.com,bing_rss,2026-08-04T06:23:00+00:00,2026-08-05T12:14:21+00:00,0.90,Walgreens pharmacy closures: Updated list of locations closing in 2026 Walgreens has downsized its ambitious restructuring plan dropping the number of expected store closures to less than 100 in 2026.,Walgreens store closure location
6b37038a403af1ffc7,Walgreens,,,,,,Walgreens Is Closing Stores: Updated List of Shuttered Locations for 2026 as Pharmacy Giant Scales Back Downsizing,http://www.bing.com/news/apiclick.aspx?ref=FexRss&aid=&tid=6a732907c72f464386189119be7cc039&url=https%3a%2f%2fthesiliconreview.com%2f2026%2f08%2fwalgreens-closing-stores-2026-list-shuttered-locations&c=8951348738481696331&mkt=en-us,www.bing.com,bing_rss,2026-08-03T17:00:00+00:00,2026-08-05T12:14:21+00:00,0.90,Walgreens Is Closing Stores: Updated List of Shuttered Locations for 2026 as Pharmacy Giant Scales Back Downsizing Walgreens is closing fewer than 100 stores in 2026 as part of a multiyear downsizing effort after scaling back earlier plans.,Walgreens store closure location
8c68c60888e5e93d59,Walgreens,"Washington, DC",Washington,DC,,,"Walgreens closing stores: Which DC, MD and VA locations are affected?",http://www.bing.com/news/apiclick.aspx?ref=FexRss&aid=&tid=6a732907c72f464386189119be7cc039&url=https%3a%2f%2fwww.delawareonline.com%2fstory%2fnews%2f2026%2f08%2f04%2fwalgreens-2026-store-locations-closing-md-dc-va%2f91163752007%2f&c=5955640043775988855&mkt=en-us,www.bing.com,bing_rss,2026-08-04T09:44:00+00:00,2026-08-05T12:14:21+00:00,1.00,"While Walgreens has not released a complete list of store closings, reports indicate at least 15 stores have either already closed or are scheduled to close across at least a dozen states.",Walgreens store closure location
44b2b40f0d871ac146,Walgreens,,,,,,Walgreens is closing stores. How many in Missouri have closed?,http://www.bing.com/news/apiclick.aspx?ref=FexRss&aid=&tid=6a732907c72f464386189119be7cc039&url=https%3a%2f%2fwww.msn.com%2fen-us%2fmoney%2fgeneral%2fwalgreens-is-closing-stores-how-many-in-missouri-have-closed%2far-AA29nTHy&c=4251427733547832154&mkt=en-us,www.bing.com,bing_rss,2026-08-04T10:09:00+00:00,2026-08-05T12:14:21+00:00,0.49,How many in Missouri have closed?,Walgreens store closure location
c1f3532c45ed8f9ee0,Walgreens,,,,,,Walgreens closing stores in the tri-state: see where,http://www.bing.com/news/apiclick.aspx?ref=FexRss&aid=&tid=6a732907c72f464386189119be7cc039&url=https%3a%2f%2fwww.yahoo.com%2fnews%2fus%2farticles%2fwalgreens-closing-stores-tri-state-134051944.html&c=17639863098692257854&mkt=en-us,www.bing.com,bing_rss,2026-08-04T06:40:00+00:00,2026-08-05T12:14:21+00:00,0.90,"Walgreens is expected to close two stores in New Jersey, the first in Bogota on ...",Walgreens store closure location
a520941f3e7871737a,Walgreens,,,,,,Walgreens Closing Stores in 2026: Full List of Locations,http://www.bing.com/news/apiclick.aspx?ref=FexRss&aid=&tid=6a732907c72f464386189119be7cc039&url=https%3a%2f%2fwww.merca20.com%2fwalgreens-closing-stores-in-2026-full-list-of-locations%2f&c=9077345941633981296&mkt=en-us,www.bing.com,bing_rss,2026-08-04T05:28:00+00:00,2026-08-05T12:14:21+00:00,0.84,"The pharmacy chain is sticking to its strategy of selective closures , focused on consolidating operations at its most profitable stores while phasing out locations that no longer meet the company’s performance standards.",Walgreens store closure location
f232f48050f13a6cfe,Walgreens,,,,,,Walgreens closing more stores. See the new list,http://www.bing.com/news/apiclick.aspx?ref=FexRss&aid=&tid=6a732912fc844fd68f132f84b6b3dc96&url=https%3a%2f%2fwww.msn.com%2fen-us%2fmoney%2fgeneral%2fwalgreens-closing-more-stores-see-the-new-list%2far-AA29pD4A&c=2799093491948070223&mkt=en-us,www.bing.com,bing_rss,2026-08-04T16:49:12+00:00,2026-08-05T12:14:21+00:00,0.37,"See the new list Walgreens, which was acquired by private equity firm Sycamore Partners in August 2025, continues to close stores across the U.S.",Walgreens closing stores
5a52a4a4ca0d2f436b,Walgreens,,,,,,Why are more Walgreens locations closing? Full list of locations to close,http://www.bing.com/news/apiclick.aspx?ref=FexRss&aid=&tid=6a732912fc844fd68f132f84b6b3dc96&url=https%3a%2f%2fwww.msn.com%2fen-us%2fmoney%2fcompanies%2fwhy-are-more-walgreens-locations-closing-full-list-of-locations-to-close%2far-AA29oHF1&c=9710096064838310450&mkt=en-us,www.bing.com,bing_rss,2026-08-04T09:22:47+00:00,2026-08-05T12:14:21+00:00,0.37,Full list of locations to close The pharmacy giant has been working to streamline operations and focus on more profitable locations.,Walgreens closing stores
d7dff2c1934a77b77c,Walgreens,,,,,,Walgreens Is Closing Stores: Updated List of Shuttered Locations for 2026,http://www.bing.com/news/apiclick.aspx?ref=FexRss&aid=&tid=6a732912fc844fd68f132f84b6b3dc96&url=https%3a%2f%2fwww.msn.com%2fen-us%2fmoney%2fgeneral%2fwalgreens-is-closing-stores-updated-list-of-shuttered-locations-for-2026%2far-AA29oi9V&c=13391483862513429637&mkt=en-us,www.bing.com,bing_rss,2026-08-03T05:00:00+00:00,2026-08-05T12:14:21+00:00,0.60,Walgreens Is Closing Stores: Updated List of Shuttered Locations for 2026 The cuts are part of a multiyear downsizing effort that has already reshaped the pharmacy chain’s footprint nationwide.,Walgreens closing stores
3e4cf5905a07f5b30c,Walgreens,,,,,,Walgreens closing stores: Which NJ locations are affected?,http://www.bing.com/news/apiclick.aspx?ref=FexRss&aid=&tid=6a732912fc844fd68f132f84b6b3dc96&url=https%3a%2f%2fwww.dispatch.com%2fstory%2fnews%2f2026%2f08%2f04%2fwalgreens-2026-store-closures-nj-locations%2f91161889007%2f&c=16646270581499612550&mkt=en-us,www.bing.com,bing_rss,2026-08-04T05:50:00+00:00,2026-08-05T12:14:21+00:00,0.84,The pharmacy chain has confirmed additional New Jersey locations will permanently close in the coming weeks as Walgreens continues a broader restructuring plan that could ultimately eliminate thousands of stores nationwide.,Walgreens closing stores
5a0c83ae6b6754164f,Walgreens,,,,,,Walgreens 2026 Store Locations Closing: Full List Of Location Shutting Down Across The US,http://www.bing.com/news/apiclick.aspx?ref=FexRss&aid=&tid=6a732912fc844fd68f132f84b6b3dc96&url=https%3a%2f%2fwww.timesnownews.com%2fworld%2fus%2fus-buzz%2fwalgreens-2026-store-locations-closing-full-list-of-location-shutting-down-across-the-us-article-155242798&c=1555851639942428928&mkt=en-us,www.bing.com,bing_rss,2026-08-03T15:34:00+00:00,2026-08-05T12:14:21+00:00,0.90,"Walgreens 2026 Store Locations Closing: Full List Of Location Shutting Down Across The US Walgreens is closing fewer than 100 stores in 2026 as part of its ongoing multiyear store optimization strategy, following a reduction in planned closures after the compa",Walgreens closing stores
554170f27d29b7a3e9,Walgreens,,,,,,Walgreens Is Closing Stores: Updated List of Shuttered Locations for 2026 as Pharmacy Giant Scales Back Downsizing,http://www.bing.com/news/apiclick.aspx?ref=FexRss&aid=&tid=6a732912fc844fd68f132f84b6b3dc96&url=https%3a%2f%2fthesiliconreview.com%2f2026%2f08%2fwalgreens-closing-stores-2026-list-shuttered-locations&c=8951348738481696331&mkt=en-us,www.bing.com,bing_rss,2026-08-03T17:00:00+00:00,2026-08-05T12:14:21+00:00,0.90,Walgreens Is Closing Stores: Updated List of Shuttered Locations for 2026 as Pharmacy Giant Scales Back Downsizing Walgreens is closing fewer than 100 stores in 2026 as part of a multiyear downsizing effort after scaling back earlier plans.,Walgreens closing stores
fbf457f100f6179d7c,Walgreens,,,,,,Walgreens closing stores in the tri-state: see where,http://www.bing.com/news/apiclick.aspx?ref=FexRss&aid=&tid=6a732912fc844fd68f132f84b6b3dc96&url=https%3a%2f%2fwww.yahoo.com%2fnews%2fus%2farticles%2fwalgreens-closing-stores-tri-state-134051944.html&c=17639863098692257854&mkt=en-us,www.bing.com,bing_rss,2026-08-04T06:40:00+00:00,2026-08-05T12:14:21+00:00,0.90,"Walgreens is expected to close two stores in New Jersey, the first in Bogota on ...",Walgreens closing stores
ba80ac171c5953340f,Walgreens,"Washington, DC",Washington,DC,,,"Walgreens closing stores: Which DC, MD and VA locations are affected?",http://www.bing.com/news/apiclick.aspx?ref=FexRss&aid=&tid=6a732912fc844fd68f132f84b6b3dc96&url=https%3a%2f%2fwww.delawareonline.com%2fstory%2fnews%2f2026%2f08%2f04%2fwalgreens-2026-store-locations-closing-md-dc-va%2f91163752007%2f&c=5955640043775988855&mkt=en-us,www.bing.com,bing_rss,2026-08-04T09:44:00+00:00,2026-08-05T12:14:21+00:00,1.00,"While Walgreens has not released a complete list of store closings, reports indicate at least 15 stores have either already closed or are scheduled to close across at least a dozen states.",Walgreens closing stores
dd57da9c8aaa922639,Walgreens,,,,,,Walgreens pharmacy closures: Updated list of locations closing in 2026,http://www.bing.com/news/apiclick.aspx?ref=FexRss&aid=&tid=6a732912fc844fd68f132f84b6b3dc96&url=https%3a%2f%2fen.as.com%2flatest_news%2fwalgreens-pharmacy-closures-updated-list-of-locations-closing-in-2026-f202608-n%2f&c=14706572603353450840&mkt=en-us,www.bing.com,bing_rss,2026-08-04T06:23:00+00:00,2026-08-05T12:14:21+00:00,0.90,Walgreens pharmacy closures: Updated list of locations closing in 2026 Walgreens has downsized its ambitious restructuring plan dropping the number of expected store closures to less than 100 in 2026.,Walgreens closing stores
53ea7fac9b7fdcba19,Walgreens,,,,,,Walgreens 2026 Store Locations Closing: List of Shuttered Stores,http://www.bing.com/news/apiclick.aspx?ref=FexRss&aid=&tid=6a732912fc844fd68f132f84b6b3dc96&url=https%3a%2f%2fwww.msn.com%2fen-us%2fmoney%2fcompanies%2fwalgreens-2026-store-locations-closing-list-of-shuttered-stores%2far-AA29ngOZ&c=2017898494627576293&mkt=en-us,www.bing.com,bing_rss,2026-08-04T05:42:28+00:00,2026-08-05T12:14:21+00:00,0.25,Walgreens 2026 Store Locations Closing: List of Shuttered Stores The pharmacy chain is still closing locations across the U.S.,Walgreens closing stores
a02b5bd773cfcf1eb9,Walgreens,,,,,,Walgreens Closing Stores in 2026: Full List of Locations,http://www.bing.com/news/apiclick.aspx?ref=FexRss&aid=&tid=6a732912fc844fd68f132f84b6b3dc96&url=https%3a%2f%2fwww.merca20.com%2fwalgreens-closing-stores-in-2026-full-list-of-locations%2f&c=9077345941633981296&mkt=en-us,www.bing.com,bing_rss,2026-08-04T05:28:00+00:00,2026-08-05T12:14:21+00:00,0.84,"The pharmacy chain is sticking to its strategy of selective closures , focused on consolidating operations at its most profitable stores while phasing out locations that no longer meet the company’s performance standards.",Walgreens closing stores
43bf658b82459532f8,Walgreens,,,,,,Why are more Walgreens locations closing? Full list of locations to close,http://www.bing.com/news/apiclick.aspx?ref=FexRss&aid=&tid=6a73291ca2414674a89bf3f2026f7216&url=https%3a%2f%2fwww.msn.com%2fen-us%2fmoney%2fcompanies%2fwhy-are-more-walgreens-locations-closing-full-list-of-locations-to-close%2far-AA29oHF1&c=9710096064838310450&mkt=en-us,www.bing.com,bing_rss,2026-08-04T09:22:47+00:00,2026-08-05T12:14:21+00:00,0.37,Full list of locations to close The pharmacy giant has been working to streamline operations and focus on more profitable locations.,Walgreens pharmacy closed location
7398fc2d7dfb96c588,Walgreens,,,,,,Walgreens to close more US stores. Are any Arizona locations affected?,http://www.bing.com/news/apiclick.aspx?ref=FexRss&aid=&tid=6a73291ca2414674a89bf3f2026f7216&url=https%3a%2f%2fwww.msn.com%2fen-us%2fmoney%2fgeneral%2fwalgreens-to-close-more-us-stores-are-any-arizona-locations-affected%2far-AA29ob6S&c=13317684199682272220&mkt=en-us,www.bing.com,bing_rss,2026-08-04T09:13:14+00:00,2026-08-05T12:14:21+00:00,0.37,Walgreens to close more US stores.,Walgreens pharmacy closed location
7da8f57d05d65ff121,Walgreens,,,,,,Walgreens closing stores: Which NJ locations are affected?,http://www.bing.com/news/apiclick.aspx?ref=FexRss&aid=&tid=6a73291ca2414674a89bf3f2026f7216&url=https%3a%2f%2fwww.dispatch.com%2fstory%2fnews%2f2026%2f08%2f04%2fwalgreens-2026-store-closures-nj-locations%2f91161889007%2f&c=16646270581499612550&mkt=en-us,www.bing.com,bing_rss,2026-08-04T05:50:00+00:00,2026-08-05T12:14:21+00:00,0.84,The pharmacy chain has confirmed additional New Jersey locations will permanently close in the coming weeks as Walgreens continues a broader restructuring plan that could ultimately eliminate thousands of stores nationwide.,Walgreens pharmacy closed location
b164e9d6ed7a716551,Walgreens,,,,,,Walgreens pharmacy closures: Updated list of locations closing in 2026,http://www.bing.com/news/apiclick.aspx?ref=FexRss&aid=&tid=6a73291ca2414674a89bf3f2026f7216&url=https%3a%2f%2fen.as.com%2flatest_news%2fwalgreens-pharmacy-closures-updated-list-of-locations-closing-in-2026-f202608-n%2f&c=14706572603353450840&mkt=en-us,www.bing.com,bing_rss,2026-08-04T06:23:00+00:00,2026-08-05T12:14:21+00:00,0.90,Walgreens pharmacy closures: Updated list of locations closing in 2026 Walgreens has downsized its ambitious restructuring plan dropping the number of expected store closures to less than 100 in 2026.,Walgreens pharmacy closed location
1565a8d504407b757e,Walgreens,,,,,,Walgreens Is Closing Stores: Updated List of Shuttered Locations for 2026,http://www.bing.com/news/apiclick.aspx?ref=FexRss&aid=&tid=6a73291ca2414674a89bf3f2026f7216&url=https%3a%2f%2fwww.msn.com%2fen-us%2fmoney%2fgeneral%2fwalgreens-is-closing-stores-updated-list-of-shuttered-locations-for-2026%2far-AA29oi9V&c=13391483862513429637&mkt=en-us,www.bing.com,bing_rss,2026-08-03T05:00:00+00:00,2026-08-05T12:14:21+00:00,0.60,Walgreens Is Closing Stores: Updated List of Shuttered Locations for 2026 The cuts are part of a multiyear downsizing effort that has already reshaped the pharmacy chain’s footprint nationwide.,Walgreens pharmacy closed location
8511794c2c8eda0837,Walgreens,,,,,,Walgreens Is Closing Stores: Updated List of Shuttered Locations for 2026 as Pharmacy Giant Scales Back Downsizing,http://www.bing.com/news/apiclick.aspx?ref=FexRss&aid=&tid=6a73291ca2414674a89bf3f2026f7216&url=https%3a%2f%2fthesiliconreview.com%2f2026%2f08%2fwalgreens-closing-stores-2026-list-shuttered-locations&c=8951348738481696331&mkt=en-us,www.bing.com,bing_rss,2026-08-03T17:00:00+00:00,2026-08-05T12:14:21+00:00,0.90,Walgreens Is Closing Stores: Updated List of Shuttered Locations for 2026 as Pharmacy Giant Scales Back Downsizing Walgreens is closing fewer than 100 stores in 2026 as part of a multiyear downsizing effort after scaling back earlier plans.,Walgreens pharmacy closed location
81c7b4d6cf78e98aa4,Walgreens,,,,,,Walgreens closing stores in the tri-state: see where,http://www.bing.com/news/apiclick.aspx?ref=FexRss&aid=&tid=6a73291ca2414674a89bf3f2026f7216&url=https%3a%2f%2fwww.yahoo.com%2fnews%2fus%2farticles%2fwalgreens-closing-stores-tri-state-134051944.html&c=17639863098692257854&mkt=en-us,www.bing.com,bing_rss,2026-08-04T06:40:00+00:00,2026-08-05T12:14:21+00:00,0.90,"Walgreens is expected to close two stores in New Jersey, the first in Bogota on ...",Walgreens pharmacy closed location
89d24058e3c52ac6cd,Walgreens,"Chicago, IL",Chicago,IL,,,Closed King Drive Walgreens can’t reopen as pharmacy without approval,http://www.bing.com/news/apiclick.aspx?ref=FexRss&aid=&tid=6a73291ca2414674a89bf3f2026f7216&url=https%3a%2f%2fwww.yahoo.com%2fnews%2fus%2farticles%2fclosed-king-drive-walgreens-t-102152427.html&c=8417137540600450529&mkt=en-us,www.bing.com,bing_rss,2026-05-29T03:22:00+00:00,2026-08-05T12:14:21+00:00,1.00,Closed King Drive Walgreens can’t reopen as pharmacy without approval Add Yahoo as a preferred source to see more of our stories on Google.,Walgreens pharmacy closed location
5e9e96cb9e8ad5323a,Walgreens,,,,,,Beaufort Walgreens to close Thursday,http://www.bing.com/news/apiclick.aspx?ref=FexRss&aid=&tid=6a73291ca2414674a89bf3f2026f7216&url=https%3a%2f%2fwww.postandcourier.com%2fbeaufort-county%2fnews%2fbeaufort-walgreens-closing%2farticle_a344610c-50da-4720-bbfa-8a2559f12c8e.html&c=11201116014860445744&mkt=en-us,www.bing.com,bing_rss,2026-08-04T22:00:00+00:00,2026-08-05T12:14:21+00:00,0.37,Beaufort Walgreens to close Thursday Walgreens is shuttering its Ribaut Road location in Beaufort on Aug.,Walgreens pharmacy closed location
8b329571d98809a583,Walgreens,,,,,,"Walgreens is closing locations in 2026, but not as many as planned, reports say",http://www.bing.com/news/apiclick.aspx?ref=FexRss&aid=&tid=6a73291ca2414674a89bf3f2026f7216&url=https%3a%2f%2fwww.mysuncoast.com%2f2026%2f08%2f04%2fwalgreens-is-closing-locations-2026-not-many-planned-reports-say%2f&c=3942907048544588446&mkt=en-us,www.bing.com,bing_rss,2026-08-04T07:25:00+00:00,2026-08-05T12:14:21+00:00,0.90,"According to reports , the company is expected to close fewer than 100 stores across at least a dozen states in 2026 as it continues its multiyear downsizing effort.",Walgreens pharmacy closed location
15377187f8cd7aa0c2,Walgreens,"Chicago, IL",Chicago,IL,,,"Walgreens closes Midtown location, the eighth shuttered in three years",http://www.bing.com/news/apiclick.aspx?ref=FexRss&aid=&tid=6a73291ca2414674a89bf3f2026f7216&url=https%3a%2f%2fwww.jsonline.com%2fstory%2fnews%2flocal%2fmilwaukee%2fneighborhoods%2f2026%2f06%2f23%2fmidtown-walgreens-location-closes-eighth-in-three-years%2f90660844007%2f&c=5495579637630957261&mkt=en-us,www.bing.com,bing_rss,2026-06-23T07:54:00+00:00,2026-08-05T12:14:21+00:00,1.00,"Walgreens closes Midtown location, the eighth shuttered in three years Walgreens is closing its Midtown store due to safety concerns, leaving residents to find new pharmacy options.",Walgreens pharmacy closed location
d05904e296fb47de50,Walgreens,,,,,,Walgreens closing more stores. See the new list,http://www.bing.com/news/apiclick.aspx?ref=FexRss&aid=&tid=6a747b2533a84968862e5e05c3e9fecf&url=https%3a%2f%2fwww.msn.com%2fen-us%2fmoney%2fcompanies%2fwalgreens-closing-more-stores-see-the-new-list%2far-AA29pD4A&c=15444204467418407121&mkt=en-us,www.bing.com,bing_rss,2026-08-05T05:21:07+00:00,2026-08-06T12:17:02+00:00,0.37,"See the new list Walgreens, which was acquired by private equity firm Sycamore Partners in August 2025, continues to close stores across the U.S.",Walgreens store closure location
d72044f21115fb903e,Walgreens,,,,,,Why are more Walgreens locations closing? Full list of locations to close,http://www.bing.com/news/apiclick.aspx?ref=FexRss&aid=&tid=6a747b2533a84968862e5e05c3e9fecf&url=https%3a%2f%2fwww.msn.com%2fen-us%2fmoney%2fgeneral%2fwhy-are-more-walgreens-locations-closing-full-list-of-locations-to-close%2far-AA29oHF1&c=13453232907973909422&mkt=en-us,www.bing.com,bing_rss,2026-08-04T09:22:47+00:00,2026-08-06T12:17:02+00:00,0.37,Full list of locations to close The pharmacy giant has been working to streamline operations and focus on more profitable locations.,Walgreens store closure location
e29117331a076b7466,Walgreens,,,,,,Walgreens continues store closures nationwide as part of its turnaround plan,http://www.bing.com/news/apiclick.aspx?ref=FexRss&aid=&tid=6a747b2533a84968862e5e05c3e9fecf&url=https%3a%2f%2fwww.msn.com%2fen-us%2fmoney%2fcompanies%2fwalgreens-continues-store-closures-nationwide-as-part-of-its-turnaround-plan%2far-AA29tRgS&c=717242906321472140&mkt=en-us,www.bing.com,bing_rss,2026-08-05T16:29:47+00:00,2026-08-06T12:17:02+00:00,0.37,Walgreens continues store closures nationwide as part of its turnaround plan Walgreens is reportedly closing locations across the U.S.,Walgreens store closure location
3b4bc77d9a60ab980a,Walgreens,,,,,,Walgreens Is Closing Stores: Updated List of Shuttered Locations for 2026,http://www.bing.com/news/apiclick.aspx?ref=FexRss&aid=&tid=6a747b2533a84968862e5e05c3e9fecf&url=https%3a%2f%2fwww.msn.com%2fen-us%2fmoney%2fgeneral%2fwalgreens-is-closing-stores-updated-list-of-shuttered-locations-for-2026%2far-AA29oi9V&c=13391483862513429637&mkt=en-us,www.bing.com,bing_rss,2026-08-03T05:00:00+00:00,2026-08-06T12:17:02+00:00,0.60,Walgreens Is Closing Stores: Updated List of Shuttered Locations for 2026 The cuts are part of a multiyear downsizing effort that has already reshaped the pharmacy chain’s footprint nationwide.,Walgreens store closure location
b5692dbf25a2861fca,Walgreens,,,,,,Walgreens Is Closing Stores: Updated List of Shuttered Locations for 2026 as Pharmacy Giant Scales Back Downsizing,http://www.bing.com/news/apiclick.aspx?ref=FexRss&aid=&tid=6a747b2533a84968862e5e05c3e9fecf&url=https%3a%2f%2fthesiliconreview.com%2f2026%2f08%2fwalgreens-closing-stores-2026-list-shuttered-locations&c=8951348738481696331&mkt=en-us,www.bing.com,bing_rss,2026-08-03T17:00:00+00:00,2026-08-06T12:17:02+00:00,0.60,Walgreens Is Closing Stores: Updated List of Shuttered Locations for 2026 as Pharmacy Giant Scales Back Downsizing Walgreens is closing fewer than 100 stores in 2026 as part of a multiyear downsizing effort after scaling back earlier plans.,Walgreens store closure location
2fe3474db67f9513c4,Walgreens,"Arlington, VA",Arlington,VA,,,"Walgreens Closing Dozens Of Pharmacies In 2026: Here's Where, Why",http://www.bing.com/news/apiclick.aspx?ref=FexRss&aid=&tid=6a747b2533a84968862e5e05c3e9fecf&url=https%3a%2f%2fwww.aol.com%2farticles%2fwalgreens-closing-dozens-pharmacies-2026-144848000.html&c=1745318424509246133&mkt=en-us,www.bing.com,bing_rss,2026-08-05T07:48:00+00:00,2026-08-06T12:17:02+00:00,0.91,"Walgreens Closing Dozens Of Pharmacies In 2026: Here's Where, Why Walgreens is planning to close dozens of stores in 2026 as the pharmacy chain reshapes its nationwide footprint, according to reports.",Walgreens store closure location
e3632e041c3f470df3,Walgreens,"Beaufort, SC",Beaufort,SC,,,"Walgreens Closing Dozens Of Pharmacies In 2026: Here's Where, Why",http://www.bing.com/news/apiclick.aspx?ref=FexRss&aid=&tid=6a747b2533a84968862e5e05c3e9fecf&url=https%3a%2f%2fwww.aol.com%2farticles%2fwalgreens-closing-dozens-pharmacies-2026-144848000.html&c=1745318424509246133&mkt=en-us,www.bing.com,bing_rss,2026-08-05T07:48:00+00:00,2026-08-06T12:17:02+00:00,0.91,"Walgreens Closing Dozens Of Pharmacies In 2026: Here's Where, Why Walgreens is planning to close dozens of stores in 2026 as the pharmacy chain reshapes its nationwide footprint, according to reports.",Walgreens store closure location
f25538b911b3fc6e3f,Walgreens,"Bridgeton, MO",Bridgeton,MO,,,"Walgreens Closing Dozens Of Pharmacies In 2026: Here's Where, Why",http://www.bing.com/news/apiclick.aspx?ref=FexRss&aid=&tid=6a747b2533a84968862e5e05c3e9fecf&url=https%3a%2f%2fwww.aol.com%2farticles%2fwalgreens-closing-dozens-pharmacies-2026-144848000.html&c=1745318424509246133&mkt=en-us,www.bing.com,bing_rss,2026-08-05T07:48:00+00:00,2026-08-06T12:17:02+00:00,0.91,"Walgreens Closing Dozens Of Pharmacies In 2026: Here's Where, Why Walgreens is planning to close dozens of stores in 2026 as the pharmacy chain reshapes its nationwide footprint, according to reports.",Walgreens store closure location
ff069387dc7352e964,Walgreens,"Brooklyn, NY",Brooklyn,NY,,,"Walgreens Closing Dozens Of Pharmacies In 2026: Here's Where, Why",http://www.bing.com/news/apiclick.aspx?ref=FexRss&aid=&tid=6a747b2533a84968862e5e05c3e9fecf&url=https%3a%2f%2fwww.aol.com%2farticles%2fwalgreens-closing-dozens-pharmacies-2026-144848000.html&c=1745318424509246133&mkt=en-us,www.bing.com,bing_rss,2026-08-05T07:48:00+00:00,2026-08-06T12:17:02+00:00,0.91,"Walgreens Closing Dozens Of Pharmacies In 2026: Here's Where, Why Walgreens is planning to close dozens of stores in 2026 as the pharmacy chain reshapes its nationwide footprint, according to reports.",Walgreens store closure location
139351b489c39749c7,Walgreens,"Milwaukee Rockford, IL",Milwaukee Rockford,IL,,,"Walgreens Closing Dozens Of Pharmacies In 2026: Here's Where, Why",http://www.bing.com/news/apiclick.aspx?ref=FexRss&aid=&tid=6a747b2533a84968862e5e05c3e9fecf&url=https%3a%2f%2fwww.aol.com%2farticles%2fwalgreens-closing-dozens-pharmacies-2026-144848000.html&c=1745318424509246133&mkt=en-us,www.bing.com,bing_rss,2026-08-05T07:48:00+00:00,2026-08-06T12:17:02+00:00,0.91,"Walgreens Closing Dozens Of Pharmacies In 2026: Here's Where, Why Walgreens is planning to close dozens of stores in 2026 as the pharmacy chain reshapes its nationwide footprint, according to reports.",Walgreens store closure location
28dc4c90e48bc04088,Walgreens,"Louis Washington, DC",Louis Washington,DC,,,"Walgreens Closing Dozens Of Pharmacies In 2026: Here's Where, Why",http://www.bing.com/news/apiclick.aspx?ref=FexRss&aid=&tid=6a747b2533a84968862e5e05c3e9fecf&url=https%3a%2f%2fwww.aol.com%2farticles%2fwalgreens-closing-dozens-pharmacies-2026-144848000.html&c=1745318424509246133&mkt=en-us,www.bing.com,bing_rss,2026-08-05T07:48:00+00:00,2026-08-06T12:17:02+00:00,0.91,"Walgreens Closing Dozens Of Pharmacies In 2026: Here's Where, Why Walgreens is planning to close dozens of stores in 2026 as the pharmacy chain reshapes its nationwide footprint, according to reports.",Walgreens store closure location
c3984e8b562cb52a20,Walgreens,,,,,,Major drug store chain continues to close stores: See which locations are on the list,http://www.bing.com/news/apiclick.aspx?ref=FexRss&aid=&tid=6a747b2533a84968862e5e05c3e9fecf&url=https%3a%2f%2fwww.cleveland.com%2fbusiness%2f2026%2f08%2fmajor-drug-store-chain-continues-to-close-stores-see-which-locations-are-on-the-list.html&c=10328433298989401720&mkt=en-us,www.bing.com,bing_rss,2026-08-05T05:28:00+00:00,2026-08-06T12:17:02+00:00,0.84,"Major drug store chain continues to close stores: See which locations are on the list The company, which owns 8,500 locations nationwide, began closures in 2025, according to an article by Inc.",Walgreens store closure location
05135139767cb01112,Walgreens,,,,,,Walgreens closing stores: Which NJ locations are affected?,http://www.bing.com/news/apiclick.aspx?ref=FexRss&aid=&tid=6a747b2533a84968862e5e05c3e9fecf&url=https%3a%2f%2fwww.dispatch.com%2fstory%2fnews%2f2026%2f08%2f04%2fwalgreens-2026-store-closures-nj-locations%2f91161889007%2f&c=16646270581499612550&mkt=en-us,www.bing.com,bing_rss,2026-08-04T05:50:00+00:00,2026-08-06T12:17:02+00:00,0.84,The pharmacy chain has confirmed additional New Jersey locations will permanently close in the coming weeks as Walgreens continues a broader restructuring plan that could ultimately eliminate thousands of stores nationwide.,Walgreens store closure location
5886adb312452ea82d,Walgreens,,,,,,Walgreens is closing stores. How many in Missouri have closed?,http://www.bing.com/news/apiclick.aspx?ref=FexRss&aid=&tid=6a747b2533a84968862e5e05c3e9fecf&url=https%3a%2f%2fwww.usatoday.com%2fstory%2fnews%2fstate%2fmissouri%2fst-louis%2f2026%2f08%2f04%2fwalgreens-2026-store-locations-closing%2f91163090007%2f&c=17386051533054581905&mkt=en-us,www.bing.com,bing_rss,2026-08-04T10:09:00+00:00,2026-08-06T12:17:02+00:00,0.90,How many in Missouri have closed?,Walgreens store closure location
caff83c0f72899ac11,Walgreens,,,,,,When Bergen Walgreens will close; what happens if it's your pharmacy,http://www.bing.com/news/apiclick.aspx?ref=FexRss&aid=&tid=6a747b2533a84968862e5e05c3e9fecf&url=https%3a%2f%2fwww.msn.com%2fen-us%2fmoney%2fgeneral%2fwhen-bergen-walgreens-will-close-what-happens-if-it-s-your-pharmacy%2far-AA29sX2H&c=1720151783962762933&mkt=en-us,www.bing.com,bing_rss,2026-08-05T08:55:51+00:00,2026-08-06T12:17:02+00:00,0.37,When Bergen Walgreens will close; what happens if it's your pharmacy Two Walgreens locations in North Jersey will soon close.,Walgreens store closure location
1e48f6ec175b784289,Walgreens,,,,,,Walgreens Closing Stores: Updated List of Closed Locations for 2026,http://www.bing.com/news/apiclick.aspx?ref=FexRss&aid=&tid=6a747b2533a84968862e5e05c3e9fecf&url=https%3a%2f%2fwibc.com%2f893735%2fwalgreens-closing-stores-updated-list-2026%2f&c=8355795845342749721&mkt=en-us,www.bing.com,bing_rss,2026-08-04T07:14:00+00:00,2026-08-06T12:17:02+00:00,0.90,"Walgreens Closing Stores: Updated List of Closed Locations for 2026 Reasons for individual closures vary by location but typically fall into a few categories: expiring leases, weak sales, distribution center consolidation, and, in some cases, ongoing theft and",Walgreens store closure location
e22d98d3355eda264e,Walgreens,,,,,,Why Everything at Walgreens Is Suddenly Behind Plastic,https://www.curbed.com/article/walgreens-duane-reade-cvs-rite-aide-nyc-shoplifting-new-liberty-loans.html,www.curbed.com,gdelt,20260806T064500Z,2026-08-06T12:17:02+00:00,0.37,"“I think that had an impact on getting the prosecutors of the five boroughs to take this seriously, and the prosecutors have begun to work closely with businesses.” The day of the press conference, Larraine Kurack was in her living room in Haskell, New Jersey,",Walgreens closing stores
edfb7815be04a8db41,Walgreens,,,,,,Walgreens store closures continue across the U . S . in 2026 : reports,https://www.foxbusiness.com/retail/walgreens-continues-store-closures-nationwide-part-its-turnaround-plan,www.foxbusiness.com,gdelt,20260806T004500Z,2026-08-06T12:17:02+00:00,0.90,Walgreens store closures continue across the U .,Walgreens closing stores
6b945f02d3a1a18616,Walgreens,"San Diego, CA",San Diego,CA,,,"Walgreens closing stores in DC , NJ , NY , and VA | FOX 29 Philadelphia",https://www.fox29.com/news/walgreens-closing-more-stores-dc-nj-ny-virginia-locations-list,www.fox29.com,gdelt,20260805T180000Z,2026-08-06T12:17:02+00:00,1.00,"(Photo by Kevin Carter/Getty Images) Walgreens is continuing to close its doors at locations across the country, forcing thousands of customers to find a new place to fill their prescriptions and buy everyday essentials.",Walgreens closing stores
64a46075c590427186,Walgreens,,,,,,Walgreens Closing Stores : Updated List of Closed Locations for 2026,https://thebeatdfw.com/4539830/walgreens-closing-stores-updated-list-2026/,thebeatdfw.com,gdelt,20260805T144500Z,2026-08-06T12:17:02+00:00,0.90,"Walgreens Closing Stores : Updated List of Closed Locations for 2026 https://wibc.com/wp-content/uploads/sites/99/2026/08/17858523195175.jpg?quality=80&strip=all&crop=0,0,100,683px Reasons for individual closures vary by location but typically fall into a few ",Walgreens closing stores
11d729f36072c833cd,Walgreens,,,,,,New York State Residents are Nervous About Walgreens Closing,https://wsrkfm.com/ixp/10/p/walgreens-closing-stores-new-york-state/,wsrkfm.com,gdelt,20260805T023000Z,2026-08-06T12:17:02+00:00,0.49,Many New Yorkers have already had to switch pharmacies following recent closures involving Rite Aid and CVS locations.,Walgreens closing stores
0e75730e3cc50a8012,Walgreens,,,,,,New York State Residents are Nervous About Walgreens Closing,https://lite987.com/ixp/10/p/walgreens-closing-stores-new-york-state/,lite987.com,gdelt,20260805T021500Z,2026-08-06T12:17:02+00:00,0.49,Many New Yorkers have already had to switch pharmacies following recent closures involving Rite Aid and CVS locations.,Walgreens closing stores
21051133c9c17094fa,Walgreens,,,,,,"Walgreens is closing locations in 2026 , but not as many as planned , reports say",https://www.azfamily.com/2026/08/04/walgreens-is-closing-locations-2026-not-many-planned-reports-say/,www.azfamily.com,gdelt,20260805T011500Z,2026-08-06T12:17:02+00:00,0.90,"According to reports , the company is expected to close fewer than 100 stores across at least a dozen states in 2026 as it continues its multiyear downsizing effort.",Walgreens closing stores
101cd8f88458962909,Walgreens,,,,,,New York State Residents are Nervous About Walgreens Closing,https://981thehawk.com/ixp/10/p/walgreens-closing-stores-new-york-state/,981thehawk.com,gdelt,20260805T000000Z,2026-08-06T12:17:02+00:00,0.49,Many New Yorkers have already had to switch pharmacies following recent closures involving Rite Aid and CVS locations.,Walgreens closing stores
d4bc2c90cec3bdd2e8,Walgreens,,,,,,New York State Residents are Nervous About Walgreens Closing,https://961theeagle.com/ixp/10/p/walgreens-closing-stores-new-york-state/,961theeagle.com,gdelt,20260804T231500Z,2026-08-06T12:17:02+00:00,0.49,Many New Yorkers have already had to switch pharmacies following recent closures involving Rite Aid and CVS locations.,Walgreens closing stores
8ebf96050300c90144,Walgreens,,,,,,New York State Residents are Nervous About Walgreens Closing,https://bigfrog104.com/ixp/10/p/walgreens-closing-stores-new-york-state/,bigfrog104.com,gdelt,20260804T231500Z,2026-08-06T12:17:02+00:00,0.49,Many New Yorkers have already had to switch pharmacies following recent closures involving Rite Aid and CVS locations.,Walgreens closing stores
0328efedaf5d909ba1,Walgreens,,,,,,New York State Residents are Nervous About Walgreens Closing,https://wibx950.com/ixp/10/p/walgreens-closing-stores-new-york-state/,wibx950.com,gdelt,20260804T230000Z,2026-08-06T12:17:02+00:00,0.49,Many New Yorkers have already had to switch pharmacies following recent closures involving Rite Aid and CVS locations.,Walgreens closing stores
9a1c9d0b429af2b706,Walgreens,,,,,,"Walgreens is closing locations in 2026 , but not as many as planned , reports say",https://www.weau.com/2026/08/04/walgreens-is-closing-locations-2026-not-many-planned-reports-say/,www.weau.com,gdelt,20260804T174500Z,2026-08-06T12:17:02+00:00,0.90,"According to reports , the company is expected to close fewer than 100 stores across at least a dozen states in 2026 as it continues its multiyear downsizing effort.",Walgreens closing stores
7cb97cd07694cf8308,Walgreens,"New York, NY",New York,NY,,,Walgreens Is Closing Stores . How Many in Missouri Have Closed ?,https://www.moneytalksnews.com/walgreens-is-closing-stores-how-many-in-missouri-have-closed/,www.moneytalksnews.com,gdelt,20260804T171500Z,2026-08-06T12:17:02+00:00,1.00,How Many in Missouri Have Closed ?,Walgreens closing stores
f83906a8eb98f65a52,Walgreens,,,,,,"Walgreens is closing locations in 2026 , but not as many as planned , reports say",https://www.wthitv.com:443/2026/08/04/walgreens-is-closing-locations-2026-not-many-planned-reports-say/,www.wthitv.com:443,gdelt,20260804T160000Z,2026-08-06T12:17:02+00:00,0.90,"According to reports , the company is expected to close fewer than 100 stores across at least a dozen states in 2026 as it continues its multiyear downsizing effort.",Walgreens closing stores
cf25284fb0c8fa7f25,Walgreens,,,,,,Walgreens Pharmacy in Bogota To Shut Doors Next Week,https://wmtram.com/2026/07/31/walgreens-pharmacy-in-bogota-to-shut-doors-next-week/,wmtram.com,gdelt,20260731T220000Z,2026-08-06T12:17:02+00:00,0.72,Walgreens Pharmacy in Bogota To Shut Doors Next Week https://wmtram.com/uploads/2026/07/GettyImages-1786324359.jpg?auto=webp A Walgreens pharmacy in Bogota will close Aug.,Walgreens closing stores
d8651b93b765132340,Walgreens,,,,,,Walgreens closing more stores. See the new list,http://www.bing.com/news/apiclick.aspx?ref=FexRss&aid=&tid=6a747b32e6a3463ea9ffa9d2edd61497&url=https%3a%2f%2fwww.msn.com%2fen-us%2fmoney%2fcompanies%2fwalgreens-closing-more-stores-see-the-new-list%2far-AA29pD4A&c=15444204467418407121&mkt=en-us,www.bing.com,bing_rss,2026-08-05T05:21:07+00:00,2026-08-06T12:17:02+00:00,0.37,"See the new list Walgreens, which was acquired by private equity firm Sycamore Partners in August 2025, continues to close stores across the U.S.",Walgreens closing stores
056d94ac33979940ba,Walgreens,,,,,,Why are more Walgreens locations closing? Full list of locations to close,http://www.bing.com/news/apiclick.aspx?ref=FexRss&aid=&tid=6a747b32e6a3463ea9ffa9d2edd61497&url=https%3a%2f%2fwww.msn.com%2fen-us%2fmoney%2fcompanies%2fwhy-are-more-walgreens-locations-closing-full-list-of-locations-to-close%2far-AA29oHF1&c=9710096064838310450&mkt=en-us,www.bing.com,bing_rss,2026-08-04T09:22:47+00:00,2026-08-06T12:17:02+00:00,0.37,Full list of locations to close The pharmacy giant has been working to streamline operations and focus on more profitable locations.,Walgreens closing stores
bf517aa4b40657af5c,Walgreens,,,,,,"Walgreens closing more stores: These DC, NJ, NY, and Virginia locations are on the list",http://www.bing.com/news/apiclick.aspx?ref=FexRss&aid=&tid=6a747b32e6a3463ea9ffa9d2edd61497&url=https%3a%2f%2fwww.msn.com%2fen-us%2fmoney%2fgeneral%2fwalgreens-closing-more-stores-these-dc-nj-ny-and-virginia-locations-are-on-the-list%2far-AA29t5bq&c=8446050621929627389&mkt=en-us,www.bing.com,bing_rss,2026-08-05T08:36:31+00:00,2026-08-06T12:17:02+00:00,0.37,"Walgreens closing more stores: These DC, NJ, NY, and Virginia locations are on the list Walgreens is continuing to close its doors at locations across the country, forcing thousands of customers to find a new place to fill their prescriptions and buy everyday ",Walgreens closing stores
64363bf5fdbfa35fb8,Walgreens,,,,,,Walgreens continues store closures nationwide as part of its turnaround plan,http://www.bing.com/news/apiclick.aspx?ref=FexRss&aid=&tid=6a747b32e6a3463ea9ffa9d2edd61497&url=https%3a%2f%2fwww.msn.com%2fen-us%2fmoney%2fcompanies%2fwalgreens-continues-store-closures-nationwide-as-part-of-its-turnaround-plan%2far-AA29tRgS&c=717242906321472140&mkt=en-us,www.bing.com,bing_rss,2026-08-05T16:29:47+00:00,2026-08-06T12:17:02+00:00,0.37,Walgreens continues store closures nationwide as part of its turnaround plan Walgreens is reportedly closing locations across the U.S.,Walgreens closing stores
e0834d62144b61c88d,Walgreens,,,,,,Walgreens Is Closing Stores: Updated List of Shuttered Locations for 2026,http://www.bing.com/news/apiclick.aspx?ref=FexRss&aid=&tid=6a747b32e6a3463ea9ffa9d2edd61497&url=https%3a%2f%2fwww.msn.com%2fen-us%2fmoney%2fgeneral%2fwalgreens-is-closing-stores-updated-list-of-shuttered-locations-for-2026%2far-AA29oi9V&c=13391483862513429637&mkt=en-us,www.bing.com,bing_rss,2026-08-03T05:00:00+00:00,2026-08-06T12:17:02+00:00,0.60,Walgreens Is Closing Stores: Updated List of Shuttered Locations for 2026 The cuts are part of a multiyear downsizing effort that has already reshaped the pharmacy chain’s footprint nationwide.,Walgreens closing stores
5a05925f93490beceb,Walgreens,,,,,,Major drug store chain continues to close stores: See which locations are on the list,http://www.bing.com/news/apiclick.aspx?ref=FexRss&aid=&tid=6a747b32e6a3463ea9ffa9d2edd61497&url=https%3a%2f%2fwww.cleveland.com%2fbusiness%2f2026%2f08%2fmajor-drug-store-chain-continues-to-close-stores-see-which-locations-are-on-the-list.html&c=10328433298989401720&mkt=en-us,www.bing.com,bing_rss,2026-08-05T05:28:00+00:00,2026-08-06T12:17:02+00:00,0.84,"Major drug store chain continues to close stores: See which locations are on the list The company, which owns 8,500 locations nationwide, began closures in 2025, according to an article by Inc.",Walgreens closing stores
395a0d7706612fbaa3,Walgreens,,,,,,Walgreens is closing stores. How many in Illinois have closed?,http://www.bing.com/news/apiclick.aspx?ref=FexRss&aid=&tid=6a747b32e6a3463ea9ffa9d2edd61497&url=https%3a%2f%2fwww.msn.com%2fen-us%2fmoney%2fgeneral%2fwalgreens-is-closing-stores-how-many-in-illinois-have-closed%2far-AA29sqz6&c=15914638940180657909&mkt=en-us,www.bing.com,bing_rss,2026-08-05T09:35:57+00:00,2026-08-06T12:17:02+00:00,0.49,How many in Illinois have closed?,Walgreens closing stores
c01c41b68bbf92a43c,Walgreens,"Washington, DC",Washington,DC,,,"Walgreens closing stores: Which DC, MD and VA locations are affected?",http://www.bing.com/news/apiclick.aspx?ref=FexRss&aid=&tid=6a747b32e6a3463ea9ffa9d2edd61497&url=https%3a%2f%2fdolphinswire.usatoday.com%2fstory%2fnews%2f2026%2f08%2f04%2fwalgreens-2026-store-locations-closing-md-dc-va%2f91163752007%2f&c=11987399946503082834&mkt=en-us,www.bing.com,bing_rss,2026-08-04T04:44:00+00:00,2026-08-06T12:17:02+00:00,1.00,"While Walgreens has not released a complete list of store closings, reports indicate at least 15 stores have either already closed or are scheduled to close across at least a dozen states.",Walgreens closing stores
f9ed0350d39b60dac1,Walgreens,,,,,,"Walgreens Closing Dozens Of Pharmacies In 2026: Here's Where, Why",http://www.bing.com/news/apiclick.aspx?ref=FexRss&aid=&tid=6a747b32e6a3463ea9ffa9d2edd61497&url=https%3a%2f%2fdailyvoice.com%2farticle%2fwalgreens-closing-dozens-of-pharmacies-in-2026-heres-where-why%2f&c=12485156596782607488&mkt=en-us,www.bing.com,bing_rss,2026-08-05T03:50:00+00:00,2026-08-06T12:17:02+00:00,0.37,"Walgreens Closing Dozens Of Pharmacies In 2026: Here's Where, Why Walgreens is planning to close dozens of stores in 2026 as the pharmacy chain reshapes its nationwide footprint, according to reports.The company now expects to shutter fewer than 100 locations ",Walgreens closing stores
c909ce008fbb7e1b9f,Walgreens,,,,,,Walgreens closing stores: Which NJ locations are affected?,http://www.bing.com/news/apiclick.aspx?ref=FexRss&aid=&tid=6a747b32e6a3463ea9ffa9d2edd61497&url=https%3a%2f%2fwww.dispatch.com%2fstory%2fnews%2f2026%2f08%2f04%2fwalgreens-2026-store-closures-nj-locations%2f91161889007%2f&c=16646270581499612550&mkt=en-us,www.bing.com,bing_rss,2026-08-04T05:50:00+00:00,2026-08-06T12:17:02+00:00,0.84,The pharmacy chain has confirmed additional New Jersey locations will permanently close in the coming weeks as Walgreens continues a broader restructuring plan that could ultimately eliminate thousands of stores nationwide.,Walgreens closing stores
c147c5ba4fad1cda16,Walgreens,,,,,,Walgreens closing stores in the tri-state: see where,http://www.bing.com/news/apiclick.aspx?ref=FexRss&aid=&tid=6a747b32e6a3463ea9ffa9d2edd61497&url=https%3a%2f%2fwww.yahoo.com%2fnews%2fus%2farticles%2fwalgreens-closing-stores-tri-state-134051944.html&c=17639863098692257854&mkt=en-us,www.bing.com,bing_rss,2026-08-04T06:40:00+00:00,2026-08-06T12:17:02+00:00,0.90,"Walgreens is expected to close two stores in New Jersey, the first in Bogota on ...",Walgreens closing stores
fad5abda0b83227776,Walgreens,,,,,,When Bergen Walgreens will close; what happens if it's your pharmacy,http://www.bing.com/news/apiclick.aspx?ref=FexRss&aid=&tid=6a747b32e6a3463ea9ffa9d2edd61497&url=https%3a%2f%2fwww.msn.com%2fen-us%2fmoney%2fgeneral%2fwhen-bergen-walgreens-will-close-what-happens-if-it-s-your-pharmacy%2far-AA29sX2H&c=1720151783962762933&mkt=en-us,www.bing.com,bing_rss,2026-08-05T08:55:51+00:00,2026-08-06T12:17:02+00:00,0.37,When Bergen Walgreens will close; what happens if it's your pharmacy Two Walgreens locations in North Jersey will soon close.,Walgreens closing stores
3925cac377222d6896,Walgreens,,,,,,Why are more Walgreens locations closing? Full list of locations to close,http://www.bing.com/news/apiclick.aspx?ref=FexRss&aid=&tid=6a747b3d76f249d6a37fd54edfe3a181&url=https%3a%2f%2fwww.msn.com%2fen-us%2fmoney%2fcompanies%2fwhy-are-more-walgreens-locations-closing-full-list-of-locations-to-close%2far-AA29oHF1&c=9710096064838310450&mkt=en-us,www.bing.com,bing_rss,2026-08-04T09:22:47+00:00,2026-08-06T12:17:02+00:00,0.37,Full list of locations to close The pharmacy giant has been working to streamline operations and focus on more profitable locations.,Walgreens pharmacy closed location
04f34f517feb22b47d,Walgreens,,,,,,Walgreens Is Closing Stores: Updated List of Shuttered Locations for 2026 as Pharmacy Giant Scales Back Downsizing,http://www.bing.com/news/apiclick.aspx?ref=FexRss&aid=&tid=6a747b3d76f249d6a37fd54edfe3a181&url=https%3a%2f%2fthesiliconreview.com%2f2026%2f08%2fwalgreens-closing-stores-2026-list-shuttered-locations&c=8951348738481696331&mkt=en-us,www.bing.com,bing_rss,2026-08-03T17:00:00+00:00,2026-08-06T12:17:02+00:00,0.60,Walgreens Is Closing Stores: Updated List of Shuttered Locations for 2026 as Pharmacy Giant Scales Back Downsizing Walgreens is closing fewer than 100 stores in 2026 as part of a multiyear downsizing effort after scaling back earlier plans.,Walgreens pharmacy closed location
10d14825105fed5b5c,Walgreens,,,,,,Walgreens Is Closing Stores: Updated List of Shuttered Locations for 2026,http://www.bing.com/news/apiclick.aspx?ref=FexRss&aid=&tid=6a747b3d76f249d6a37fd54edfe3a181&url=https%3a%2f%2fwww.msn.com%2fen-us%2fmoney%2fgeneral%2fwalgreens-is-closing-stores-updated-list-of-shuttered-locations-for-2026%2far-AA29oi9V&c=13391483862513429637&mkt=en-us,www.bing.com,bing_rss,2026-08-03T05:00:00+00:00,2026-08-06T12:17:02+00:00,0.60,Walgreens Is Closing Stores: Updated List of Shuttered Locations for 2026 The cuts are part of a multiyear downsizing effort that has already reshaped the pharmacy chain’s footprint nationwide.,Walgreens pharmacy closed location
d6b39c8c0880f79c1d,Walgreens,,,,,,Walgreens continues store closures nationwide as part of its turnaround plan,http://www.bing.com/news/apiclick.aspx?ref=FexRss&aid=&tid=6a747b3d76f249d6a37fd54edfe3a181&url=https%3a%2f%2fwww.msn.com%2fen-us%2fmoney%2fcompanies%2fwalgreens-continues-store-closures-nationwide-as-part-of-its-turnaround-plan%2far-AA29tRgS&c=717242906321472140&mkt=en-us,www.bing.com,bing_rss,2026-08-05T16:29:47+00:00,2026-08-06T12:17:02+00:00,0.37,Walgreens continues store closures nationwide as part of its turnaround plan Walgreens is reportedly closing locations across the U.S.,Walgreens pharmacy closed location
adb3b41bcb9d6fc402,Walgreens,,,,,,Walgreens pharmacy closures: Updated list of locations closing in 2026,http://www.bing.com/news/apiclick.aspx?ref=FexRss&aid=&tid=6a747b3d76f249d6a37fd54edfe3a181&url=https%3a%2f%2fen.as.com%2flatest_news%2fwalgreens-pharmacy-closures-updated-list-of-locations-closing-in-2026-f202608-n%2f&c=14706572603353450840&mkt=en-us,www.bing.com,bing_rss,2026-08-04T06:23:00+00:00,2026-08-06T12:17:02+00:00,0.90,Walgreens pharmacy closures: Updated list of locations closing in 2026 Walgreens has downsized its ambitious restructuring plan dropping the number of expected store closures to less than 100 in 2026.,Walgreens pharmacy closed location
20079126ee6af727e6,Walgreens,,,,,,When Bergen Walgreens will close; what happens if it's your pharmacy,http://www.bing.com/news/apiclick.aspx?ref=FexRss&aid=&tid=6a747b3d76f249d6a37fd54edfe3a181&url=https%3a%2f%2fwww.msn.com%2fen-us%2fmoney%2fgeneral%2fwhen-bergen-walgreens-will-close-what-happens-if-it-s-your-pharmacy%2far-AA29sX2H&c=1720151783962762933&mkt=en-us,www.bing.com,bing_rss,2026-08-05T08:55:51+00:00,2026-08-06T12:17:02+00:00,0.37,When Bergen Walgreens will close; what happens if it's your pharmacy Two Walgreens locations in North Jersey will soon close.,Walgreens pharmacy closed location
e1ec8018ed67394ed8,Walgreens,,,,,,Walgreens to close more US stores. Are any Arizona locations affected?,http://www.bing.com/news/apiclick.aspx?ref=FexRss&aid=&tid=6a747b3d76f249d6a37fd54edfe3a181&url=https%3a%2f%2fwww.msn.com%2fen-us%2fhealth%2fnutrition%2fwalgreens-to-close-more-us-stores-are-any-arizona-locations-affected%2far-AA29ob6S&c=996016866725129309&mkt=en-us,www.bing.com,bing_rss,2026-08-04T09:13:14+00:00,2026-08-06T12:17:02+00:00,0.37,Walgreens to close more US stores.,Walgreens pharmacy closed location
a91ebf4d72415145ad,Walgreens,,,,,,Major drug store chain continues to close stores: See which locations are on the list,http://www.bing.com/news/apiclick.aspx?ref=FexRss&aid=&tid=6a747b3d76f249d6a37fd54edfe3a181&url=https%3a%2f%2fwww.cleveland.com%2fbusiness%2f2026%2f08%2fmajor-drug-store-chain-continues-to-close-stores-see-which-locations-are-on-the-list.html&c=10328433298989401720&mkt=en-us,www.bing.com,bing_rss,2026-08-05T05:28:00+00:00,2026-08-06T12:17:02+00:00,0.84,"Major drug store chain continues to close stores: See which locations are on the list The company, which owns 8,500 locations nationwide, began closures in 2025, according to an article by Inc.",Walgreens pharmacy closed location
d8253310fb7f6f3f58,Walgreens,,,,,,"Walgreens is closing locations in 2026, but not as many as planned, reports say",http://www.bing.com/news/apiclick.aspx?ref=FexRss&aid=&tid=6a747b3d76f249d6a37fd54edfe3a181&url=https%3a%2f%2fwww.mysuncoast.com%2f2026%2f08%2f04%2fwalgreens-is-closing-locations-2026-not-many-planned-reports-say%2f&c=3942907048544588446&mkt=en-us,www.bing.com,bing_rss,2026-08-04T07:25:00+00:00,2026-08-06T12:17:02+00:00,0.90,"According to reports , the company is expected to close fewer than 100 stores across at least a dozen states in 2026 as it continues its multiyear downsizing effort.",Walgreens pharmacy closed location
7a7a512cd06f0b030b,Walgreens,,,,,,Walgreens Store Closures 2026: List of Pharmacy Locations Shutting Down Across the US,http://www.bing.com/news/apiclick.aspx?ref=FexRss&aid=&tid=6a747b3d76f249d6a37fd54edfe3a181&url=https%3a%2f%2fwww.ibtimes.co.uk%2fwalgreens-store-closures-2026-strategic-shift-1812273&c=17103580441472623021&mkt=en-us,www.bing.com,bing_rss,2026-08-03T23:43:00+00:00,2026-08-06T12:17:02+00:00,0.90,"Walgreens Store Closures 2026: List of Pharmacy Locations Shutting Down Across the US Walgreens plans to close fewer than 100 stores in 2026, focusing on underperforming locations due to a strategic shift under new ownership.",Walgreens pharmacy closed location
3d92337187f4478af3,Walgreens,,,,,,Walgreens closing stores in the tri-state: see where,http://www.bing.com/news/apiclick.aspx?ref=FexRss&aid=&tid=6a747b3d76f249d6a37fd54edfe3a181&url=https%3a%2f%2fwww.yahoo.com%2fnews%2fus%2farticles%2fwalgreens-closing-stores-tri-state-134051944.html&c=17639863098692257854&mkt=en-us,www.bing.com,bing_rss,2026-08-04T06:40:00+00:00,2026-08-06T12:17:02+00:00,0.90,"Walgreens is expected to close two stores in New Jersey, the first in Bogota on ...",Walgreens pharmacy closed location
1c40dd3eefa2b8c553,CVS,,,,,,Philly Neighborhood Pharmacies Might Just Save Us,https://www.phillymag.com/news/2026/08/06/independent-neighborhood-pharmacies-philadelphia/,www.phillymag.com,gdelt,20260806T231500Z,2026-08-07T11:06:06+00:00,0.90,"Some were forced to seek out an alternative amid closures of Rite-Aid, CVS, and Walgreens stores.",CVS closing stores
604d46c6da84dcb1c9,Walgreens,,,,,,Walgreens to close 100 US stores. Are any Arizona locations affected?,http://www.bing.com/news/apiclick.aspx?ref=FexRss&aid=&tid=6a75bc066a5c422b8dec4c2933ac9202&url=https%3a%2f%2fwww.msn.com%2fen-us%2fhealth%2fnutrition%2fwalgreens-to-close-more-us-stores-are-any-arizona-locations-affected%2far-AA29ob6S&c=996016866725129309&mkt=en-us,www.bing.com,bing_rss,2026-08-06T08:51:26+00:00,2026-08-07T11:06:06+00:00,0.37,Walgreens to close 100 US stores.,Walgreens store closure location
53c3f1c3c411d51f54,Walgreens,,,,,,Why are More Walgreens Locations Closing? Full List of Locations to Close,http://www.bing.com/news/apiclick.aspx?ref=FexRss&aid=&tid=6a75bc066a5c422b8dec4c2933ac9202&url=https%3a%2f%2fwww.msn.com%2fen-us%2fmoney%2fcompanies%2fwhy-are-more-walgreens-locations-closing-full-list-of-locations-to-close%2far-AA29oHF1&c=9710096064838310450&mkt=en-us,www.bing.com,bing_rss,2026-08-04T09:22:47+00:00,2026-08-07T11:06:06+00:00,0.37,Full List of Locations to Close The pharmacy giant has been working to streamline operations and focus on more profitable locations.,Walgreens store closure location
080ef9fc61ae16da22,Walgreens,,,,,,Walgreens Is Closing Stores: Updated List of Shuttered Locations for 2026,http://www.bing.com/news/apiclick.aspx?ref=FexRss&aid=&tid=6a75bc066a5c422b8dec4c2933ac9202&url=https%3a%2f%2fwww.msn.com%2fen-us%2fmoney%2fgeneral%2fwalgreens-is-closing-stores-updated-list-of-shuttered-locations-for-2026%2far-AA29oi9V&c=13391483862513429637&mkt=en-us,www.bing.com,bing_rss,2026-08-03T05:00:00+00:00,2026-08-07T11:06:06+00:00,0.60,Walgreens Is Closing Stores: Updated List of Shuttered Locations for 2026 The cuts are part of a multiyear downsizing effort that has already reshaped the pharmacy chain’s footprint nationwide.,Walgreens store closure location
f0ce2058713169df87,Walgreens,,,,,,Walgreens continues store closures nationwide as part of its turnaround plan,http://www.bing.com/news/apiclick.aspx?ref=FexRss&aid=&tid=6a75bc066a5c422b8dec4c2933ac9202&url=https%3a%2f%2fwww.msn.com%2fen-us%2fmoney%2fcompanies%2fwalgreens-continues-store-closures-nationwide-as-part-of-its-turnaround-plan%2far-AA29tRgS&c=717242906321472140&mkt=en-us,www.bing.com,bing_rss,2026-08-05T16:29:47+00:00,2026-08-07T11:06:06+00:00,0.37,Walgreens continues store closures nationwide as part of its turnaround plan Walgreens is reportedly closing locations across the U.S.,Walgreens store closure location
5721ee6432d69cc8c7,Walgreens,,,,,,Walgreens Is Closing Stores: Updated List of Shuttered Locations for 2026 as Pharmacy Giant Scales Back Downsizing,http://www.bing.com/news/apiclick.aspx?ref=FexRss&aid=&tid=6a75bc066a5c422b8dec4c2933ac9202&url=https%3a%2f%2fthesiliconreview.com%2f2026%2f08%2fwalgreens-closing-stores-2026-list-shuttered-locations&c=8951348738481696331&mkt=en-us,www.bing.com,bing_rss,2026-08-03T17:00:00+00:00,2026-08-07T11:06:06+00:00,0.90,Walgreens Is Closing Stores: Updated List of Shuttered Locations for 2026 as Pharmacy Giant Scales Back Downsizing Walgreens is closing fewer than 100 stores in 2026 as part of a multiyear downsizing effort after scaling back earlier plans.,Walgreens store closure location
1833090bdbb4b19f9d,Walgreens,,,,,,Major drug store chain continues to close stores: See which locations are on the list,http://www.bing.com/news/apiclick.aspx?ref=FexRss&aid=&tid=6a75bc066a5c422b8dec4c2933ac9202&url=https%3a%2f%2fwww.al.com%2fbusiness%2f2026%2f08%2fmajor-drug-store-chain-continues-to-close-stores-see-which-locations-are-on-the-list.html&c=14227931225821782242&mkt=en-us,www.bing.com,bing_rss,2026-08-05T04:27:00+00:00,2026-08-07T11:06:06+00:00,0.72,"Major drug store chain continues to close stores: See which locations are on the list “The pharmacy giant is continuing a multiyear downsizing effort in 2026, closing stores across at least a dozen states as it works to shrink its footprint to a more profitabl",Walgreens store closure location
eab929d03bd4011234,Walgreens,,,,,,Walgreens closing stores: Which NJ locations are affected?,http://www.bing.com/news/apiclick.aspx?ref=FexRss&aid=&tid=6a75bc066a5c422b8dec4c2933ac9202&url=https%3a%2f%2fwww.dispatch.com%2fstory%2fnews%2f2026%2f08%2f04%2fwalgreens-2026-store-closures-nj-locations%2f91161889007%2f&c=16646270581499612550&mkt=en-us,www.bing.com,bing_rss,2026-08-04T05:50:00+00:00,2026-08-07T11:06:06+00:00,0.84,The pharmacy chain has confirmed additional New Jersey locations will permanently close in the coming weeks as Walgreens continues a broader restructuring plan that could ultimately eliminate thousands of stores nationwide.,Walgreens store closure location
5cb86c3fffe8c8caa9,Walgreens,,,,,,Walgreens is closing stores. How many in Missouri have closed?,http://www.bing.com/news/apiclick.aspx?ref=FexRss&aid=&tid=6a75bc066a5c422b8dec4c2933ac9202&url=https%3a%2f%2fwww.usatoday.com%2fstory%2fnews%2fstate%2fmissouri%2fst-louis%2f2026%2f08%2f04%2fwalgreens-2026-store-locations-closing%2f91163090007%2f&c=17386051533054581905&mkt=en-us,www.bing.com,bing_rss,2026-08-04T10:09:00+00:00,2026-08-07T11:06:06+00:00,0.90,How many in Missouri have closed?,Walgreens store closure location
8a454e5dca45e4b589,Walgreens,,,,,,When Bergen Walgreens will close; what happens if it's your pharmacy,http://www.bing.com/news/apiclick.aspx?ref=FexRss&aid=&tid=6a75bc066a5c422b8dec4c2933ac9202&url=https%3a%2f%2fwww.msn.com%2fen-us%2fmoney%2fgeneral%2fwhen-bergen-walgreens-will-close-what-happens-if-it-s-your-pharmacy%2far-AA29sX2H&c=1720151783962762933&mkt=en-us,www.bing.com,bing_rss,2026-08-05T08:55:51+00:00,2026-08-07T11:06:06+00:00,0.37,When Bergen Walgreens will close; what happens if it's your pharmacy Two Walgreens locations in North Jersey will soon close.,Walgreens store closure location
2f587a0dc8accf8bd1,Walgreens,,,,,,Walgreens Closing Stores: Updated List of Closed Locations for 2026,http://www.bing.com/news/apiclick.aspx?ref=FexRss&aid=&tid=6a75bc066a5c422b8dec4c2933ac9202&url=https%3a%2f%2fwibc.com%2f893735%2fwalgreens-closing-stores-updated-list-2026%2f&c=8355795845342749721&mkt=en-us,www.bing.com,bing_rss,2026-08-04T07:14:00+00:00,2026-08-07T11:06:06+00:00,0.90,"Walgreens Closing Stores: Updated List of Closed Locations for 2026 Reasons for individual closures vary by location but typically fall into a few categories: expiring leases, weak sales, distribution center consolidation, and, in some cases, ongoing theft and",Walgreens store closure location
14606e5ee8b8755116,Walgreens,,,,,,Why are more Walgreens locations closing? Full list of locations to close,http://www.bing.com/news/apiclick.aspx?ref=FexRss&aid=&tid=6a75bc12d4374028a4171fe3c2d7ecbe&url=https%3a%2f%2fwww.msn.com%2fen-us%2fmoney%2fcompanies%2fwhy-are-more-walgreens-locations-closing-full-list-of-locations-to-close%2far-AA29oHF1&c=9710096064838310450&mkt=en-us,www.bing.com,bing_rss,2026-08-04T09:22:47+00:00,2026-08-07T11:06:06+00:00,0.37,Full list of locations to close The pharmacy giant has been working to streamline operations and focus on more profitable locations.,Walgreens closing stores
84aebf282fd71a72db,Walgreens,,,,,,Walgreens closing more stores. See the new list,http://www.bing.com/news/apiclick.aspx?ref=FexRss&aid=&tid=6a75bc12d4374028a4171fe3c2d7ecbe&url=https%3a%2f%2fwww.msn.com%2fen-us%2fmoney%2fcompanies%2fwalgreens-closing-more-stores-see-the-new-list%2far-AA29pD4A&c=15444204467418407121&mkt=en-us,www.bing.com,bing_rss,2026-08-05T05:21:07+00:00,2026-08-07T11:06:06+00:00,0.37,"See the new list Walgreens, which was acquired by private equity firm Sycamore Partners in August 2025, continues to close stores across the U.S.",Walgreens closing stores
0ddba7d75b9f1efaaf,Walgreens,,,,,,"Walgreens closing more stores: These DC, NJ, NY, and Virginia locations are on the list",http://www.bing.com/news/apiclick.aspx?ref=FexRss&aid=&tid=6a75bc12d4374028a4171fe3c2d7ecbe&url=https%3a%2f%2fwww.msn.com%2fen-us%2fmoney%2fgeneral%2fwalgreens-closing-more-stores-these-dc-nj-ny-and-virginia-locations-are-on-the-list%2far-AA29t5bq&c=8446050621929627389&mkt=en-us,www.bing.com,bing_rss,2026-08-05T08:36:31+00:00,2026-08-07T11:06:06+00:00,0.37,"Walgreens closing more stores: These DC, NJ, NY, and Virginia locations are on the list Walgreens is continuing to close its doors at locations across the country, forcing thousands of customers to find a new place to fill their prescriptions and buy everyday ",Walgreens closing stores
c4449d3c535ccd17ec,Walgreens,,,,,,Walgreens continues store closures nationwide as part of its turnaround plan,http://www.bing.com/news/apiclick.aspx?ref=FexRss&aid=&tid=6a75bc12d4374028a4171fe3c2d7ecbe&url=https%3a%2f%2fwww.msn.com%2fen-us%2fmoney%2fcompanies%2fwalgreens-continues-store-closures-nationwide-as-part-of-its-turnaround-plan%2far-AA29tRgS&c=717242906321472140&mkt=en-us,www.bing.com,bing_rss,2026-08-05T16:29:47+00:00,2026-08-07T11:06:06+00:00,0.37,Walgreens continues store closures nationwide as part of its turnaround plan Walgreens is reportedly closing locations across the U.S.,Walgreens closing stores
6153e97752986db981,Walgreens,,,,,,Walgreens Is Closing Stores: Updated List of Shuttered Locations for 2026,http://www.bing.com/news/apiclick.aspx?ref=FexRss&aid=&tid=6a75bc12d4374028a4171fe3c2d7ecbe&url=https%3a%2f%2fwww.msn.com%2fen-us%2fmoney%2fgeneral%2fwalgreens-is-closing-stores-updated-list-of-shuttered-locations-for-2026%2far-AA29oi9V&c=13391483862513429637&mkt=en-us,www.bing.com,bing_rss,2026-08-03T05:00:00+00:00,2026-08-07T11:06:06+00:00,0.60,Walgreens Is Closing Stores: Updated List of Shuttered Locations for 2026 The cuts are part of a multiyear downsizing effort that has already reshaped the pharmacy chain’s footprint nationwide.,Walgreens closing stores
b40e217b85005ef3e8,Walgreens,,,,,,Walgreens is closing stores. How many in Illinois have closed?,http://www.bing.com/news/apiclick.aspx?ref=FexRss&aid=&tid=6a75bc12d4374028a4171fe3c2d7ecbe&url=https%3a%2f%2fwww.msn.com%2fen-us%2fmoney%2fgeneral%2fwalgreens-is-closing-stores-how-many-in-illinois-have-closed%2far-AA29sqz6&c=15914638940180657909&mkt=en-us,www.bing.com,bing_rss,2026-08-05T09:35:57+00:00,2026-08-07T11:06:06+00:00,0.49,How many in Illinois have closed?,Walgreens closing stores
47e052831dd83d13ef,Walgreens,,,,,,Major drug store chain continues to close stores: See which locations are on the list,http://www.bing.com/news/apiclick.aspx?ref=FexRss&aid=&tid=6a75bc12d4374028a4171fe3c2d7ecbe&url=https%3a%2f%2fwww.mlive.com%2fbusiness%2f2026%2f08%2fmajor-drug-store-chain-continues-to-close-stores-see-which-locations-are-on-the-list.html&c=8861115902816738449&mkt=en-us,www.bing.com,bing_rss,2026-08-05T05:28:00+00:00,2026-08-07T11:06:06+00:00,0.72,"Major drug store chain continues to close stores: See which locations are on the list “The pharmacy giant is continuing a multiyear downsizing effort in 2026, closing stores across at least a dozen states as it works to shrink its footprint to a more profitabl",Walgreens closing stores
ddcd13b987429c5245,Walgreens,,,,,,Walgreens closing stores: Which NJ locations are affected?,http://www.bing.com/news/apiclick.aspx?ref=FexRss&aid=&tid=6a75bc12d4374028a4171fe3c2d7ecbe&url=https%3a%2f%2fwww.dispatch.com%2fstory%2fnews%2f2026%2f08%2f04%2fwalgreens-2026-store-closures-nj-locations%2f91161889007%2f&c=16646270581499612550&mkt=en-us,www.bing.com,bing_rss,2026-08-04T05:50:00+00:00,2026-08-07T11:06:06+00:00,0.84,The pharmacy chain has confirmed additional New Jersey locations will permanently close in the coming weeks as Walgreens continues a broader restructuring plan that could ultimately eliminate thousands of stores nationwide.,Walgreens closing stores
6de77983f80dc382e8,Walgreens,"Washington, DC",Washington,DC,,,"Walgreens closing stores: Which DC, MD and VA locations are affected?",http://www.bing.com/news/apiclick.aspx?ref=FexRss&aid=&tid=6a75bc12d4374028a4171fe3c2d7ecbe&url=https%3a%2f%2fdolphinswire.usatoday.com%2fstory%2fnews%2f2026%2f08%2f04%2fwalgreens-2026-store-locations-closing-md-dc-va%2f91163752007%2f&c=11987399946503082834&mkt=en-us,www.bing.com,bing_rss,2026-08-04T09:44:00+00:00,2026-08-07T11:06:06+00:00,1.00,"While Walgreens has not released a complete list of store closings, reports indicate at least 15 stores have either already closed or are scheduled to close across at least a dozen states.",Walgreens closing stores
7a6c245b7245b1da96,Walgreens,,,,,,Walgreens closing stores in the tri-state: see where,http://www.bing.com/news/apiclick.aspx?ref=FexRss&aid=&tid=6a75bc12d4374028a4171fe3c2d7ecbe&url=https%3a%2f%2fwww.yahoo.com%2fnews%2fus%2farticles%2fwalgreens-closing-stores-tri-state-134051944.html&c=17639863098692257854&mkt=en-us,www.bing.com,bing_rss,2026-08-04T06:40:00+00:00,2026-08-07T11:06:06+00:00,0.90,"Walgreens is expected to close two stores in New Jersey, the first in Bogota on ...",Walgreens closing stores
1f14af15de407f3498,Walgreens,,,,,,When Bergen Walgreens will close; what happens if it's your pharmacy,http://www.bing.com/news/apiclick.aspx?ref=FexRss&aid=&tid=6a75bc12d4374028a4171fe3c2d7ecbe&url=https%3a%2f%2fwww.msn.com%2fen-us%2fmoney%2fgeneral%2fwhen-bergen-walgreens-will-close-what-happens-if-it-s-your-pharmacy%2far-AA29sX2H&c=1720151783962762933&mkt=en-us,www.bing.com,bing_rss,2026-08-05T08:55:51+00:00,2026-08-07T11:06:06+00:00,0.37,When Bergen Walgreens will close; what happens if it's your pharmacy Two Walgreens locations in North Jersey will soon close.,Walgreens closing stores
6ab05b3768876d1d33,Walgreens,,,,,,Walgreens closing 2 more NJ stores,http://www.bing.com/news/apiclick.aspx?ref=FexRss&aid=&tid=6a75bc12d4374028a4171fe3c2d7ecbe&url=https%3a%2f%2fnjbiz.com%2fwalgreens-closing-2-more-nj-stores%2f&c=17393995025677590765&mkt=en-us,www.bing.com,bing_rss,2026-08-03T10:49:00+00:00,2026-08-07T11:06:06+00:00,0.84,Walgreens closing 2 more NJ stores Two more Walgreens stores in New Jersey will permanently close as part of the retail pharmacy chain’s ongoing efforts to reset its business.,Walgreens closing stores
b2b4c8374863ff9b20,Walgreens,,,,,,Walgreens to close more US stores. Are any Arizona locations affected?,http://www.bing.com/news/apiclick.aspx?ref=FexRss&aid=&tid=6a75bc1dd32d4ad0bdde68f06428463c&url=https%3a%2f%2fwww.msn.com%2fen-us%2fmoney%2fgeneral%2fwalgreens-to-close-100-us-stores-are-any-arizona-locations-affected%2far-AA29ob6S&c=711599618569529318&mkt=en-us,www.bing.com,bing_rss,2026-08-06T08:51:26+00:00,2026-08-07T11:06:06+00:00,0.37,Walgreens to close more US stores.,Walgreens pharmacy closed location
fdbe0a4e995573d184,Walgreens,,,,,,Why are More Walgreens Locations Closing? Full List of Locations to Close,http://www.bing.com/news/apiclick.aspx?ref=FexRss&aid=&tid=6a75bc1dd32d4ad0bdde68f06428463c&url=https%3a%2f%2fwww.msn.com%2fen-us%2fmoney%2fcompanies%2fwhy-are-more-walgreens-locations-closing-full-list-of-locations-to-close%2far-AA29oHF1&c=9710096064838310450&mkt=en-us,www.bing.com,bing_rss,2026-08-04T09:22:47+00:00,2026-08-07T11:06:06+00:00,0.37,Full List of Locations to Close The pharmacy giant has been working to streamline operations and focus on more profitable locations.,Walgreens pharmacy closed location
2bcba38a5dca004b3a,Walgreens,,,,,,Walgreens Is Closing Stores: Updated List of Shuttered Locations for 2026 as Pharmacy Giant Scales Back Downsizing,http://www.bing.com/news/apiclick.aspx?ref=FexRss&aid=&tid=6a75bc1dd32d4ad0bdde68f06428463c&url=https%3a%2f%2fthesiliconreview.com%2f2026%2f08%2fwalgreens-closing-stores-2026-list-shuttered-locations&c=8951348738481696331&mkt=en-us,www.bing.com,bing_rss,2026-08-03T17:00:00+00:00,2026-08-07T11:06:06+00:00,0.90,Walgreens Is Closing Stores: Updated List of Shuttered Locations for 2026 as Pharmacy Giant Scales Back Downsizing Walgreens is closing fewer than 100 stores in 2026 as part of a multiyear downsizing effort after scaling back earlier plans.,Walgreens pharmacy closed location
ca98ee4e3f8343f6fa,Walgreens,,,,,,Walgreens pharmacy closures: Updated list of locations closing in 2026,http://www.bing.com/news/apiclick.aspx?ref=FexRss&aid=&tid=6a75bc1dd32d4ad0bdde68f06428463c&url=https%3a%2f%2fen.as.com%2flatest_news%2fwalgreens-pharmacy-closures-updated-list-of-locations-closing-in-2026-f202608-n%2f&c=14706572603353450840&mkt=en-us,www.bing.com,bing_rss,2026-08-04T06:23:00+00:00,2026-08-07T11:06:06+00:00,0.90,Walgreens pharmacy closures: Updated list of locations closing in 2026 Walgreens has downsized its ambitious restructuring plan dropping the number of expected store closures to less than 100 in 2026.,Walgreens pharmacy closed location
0d68c1c159f56c93a8,Walgreens,,,,,,Walgreens Is Closing Stores: Updated List of Shuttered Locations for 2026,http://www.bing.com/news/apiclick.aspx?ref=FexRss&aid=&tid=6a75bc1dd32d4ad0bdde68f06428463c&url=https%3a%2f%2fwww.msn.com%2fen-us%2fmoney%2fgeneral%2fwalgreens-is-closing-stores-updated-list-of-shuttered-locations-for-2026%2far-AA29oi9V&c=13391483862513429637&mkt=en-us,www.bing.com,bing_rss,2026-08-03T05:00:00+00:00,2026-08-07T11:06:06+00:00,0.60,Walgreens Is Closing Stores: Updated List of Shuttered Locations for 2026 The cuts are part of a multiyear downsizing effort that has already reshaped the pharmacy chain’s footprint nationwide.,Walgreens pharmacy closed location
bbd4dd8f9580ab51b8,Walgreens,,,,,,Walgreens continues store closures nationwide as part of its turnaround plan,http://www.bing.com/news/apiclick.aspx?ref=FexRss&aid=&tid=6a75bc1dd32d4ad0bdde68f06428463c&url=https%3a%2f%2fwww.msn.com%2fen-us%2fmoney%2fcompanies%2fwalgreens-continues-store-closures-nationwide-as-part-of-its-turnaround-plan%2far-AA29tRgS&c=717242906321472140&mkt=en-us,www.bing.com,bing_rss,2026-08-05T16:29:47+00:00,2026-08-07T11:06:06+00:00,0.37,Walgreens continues store closures nationwide as part of its turnaround plan Walgreens is reportedly closing locations across the U.S.,Walgreens pharmacy closed location
a65d51b567b26aec10,Walgreens,,,,,,When Bergen Walgreens will close; what happens if it's your pharmacy,http://www.bing.com/news/apiclick.aspx?ref=FexRss&aid=&tid=6a75bc1dd32d4ad0bdde68f06428463c&url=https%3a%2f%2fwww.msn.com%2fen-us%2fmoney%2fgeneral%2fwhen-bergen-walgreens-will-close-what-happens-if-it-s-your-pharmacy%2far-AA29sX2H&c=1720151783962762933&mkt=en-us,www.bing.com,bing_rss,2026-08-05T08:55:51+00:00,2026-08-07T11:06:06+00:00,0.37,When Bergen Walgreens will close; what happens if it's your pharmacy Two Walgreens locations in North Jersey will soon close.,Walgreens pharmacy closed location
d1210f0cc0b0b31e7b,Walgreens,,,,,,Walgreens closing stores in the tri-state: see where,http://www.bing.com/news/apiclick.aspx?ref=FexRss&aid=&tid=6a75bc1dd32d4ad0bdde68f06428463c&url=https%3a%2f%2fwww.yahoo.com%2fnews%2fus%2farticles%2fwalgreens-closing-stores-tri-state-134051944.html&c=17639863098692257854&mkt=en-us,www.bing.com,bing_rss,2026-08-04T06:40:00+00:00,2026-08-07T11:06:06+00:00,0.90,"Walgreens is expected to close two stores in New Jersey, the first in Bogota on ...",Walgreens pharmacy closed location
6cf45bac8230af498e,Walgreens,,,,,,Walgreens closing more stores. See the new list,http://www.bing.com/news/apiclick.aspx?ref=FexRss&aid=&tid=6a785b9dd02c4dd59b11a6ebf37be951&url=https%3a%2f%2fwww.msn.com%2fen-us%2fmoney%2fcompanies%2fwalgreens-closing-more-stores-see-the-new-list%2far-AA29tl7X&c=2959101621441297819&mkt=en-us,www.bing.com,bing_rss,2026-08-05T10:19:59+00:00,2026-08-09T10:51:29+00:00,0.37,"See the new list Walgreens, which was acquired by private equity firm Sycamore Partners in August 2025, continues to close stores across the U.S.",Walgreens store closure location
2a14d9f14eea3d1efd,Walgreens,,,,,,Walgreens to close 100 US stores. Are any Arizona locations affected?,http://www.bing.com/news/apiclick.aspx?ref=FexRss&aid=&tid=6a785b9dd02c4dd59b11a6ebf37be951&url=https%3a%2f%2fwww.msn.com%2fen-us%2fhealth%2fnutrition%2fwalgreens-to-close-more-us-stores-are-any-arizona-locations-affected%2far-AA29ob6S&c=996016866725129309&mkt=en-us,www.bing.com,bing_rss,2026-08-06T08:51:26+00:00,2026-08-09T10:51:29+00:00,0.37,Walgreens to close 100 US stores.,Walgreens store closure location
99d0c13764adeb70d6,Walgreens,,,,,,Why are More Walgreens Locations Closing? Full List of Locations to Close,http://www.bing.com/news/apiclick.aspx?ref=FexRss&aid=&tid=6a785b9dd02c4dd59b11a6ebf37be951&url=https%3a%2f%2fwww.msn.com%2fen-us%2fmoney%2fcompanies%2fwhy-are-more-walgreens-locations-closing-full-list-of-locations-to-close%2far-AA29oHF1&c=9710096064838310450&mkt=en-us,www.bing.com,bing_rss,2026-08-04T09:22:47+00:00,2026-08-09T10:51:29+00:00,0.37,Full List of Locations to Close The pharmacy giant has been working to streamline operations and focus on more profitable locations.,Walgreens store closure location
0a5079c740e117bc3c,Walgreens,,,,,,Walgreens Is Closing Stores: Updated List of Shuttered Locations for 2026,http://www.bing.com/news/apiclick.aspx?ref=FexRss&aid=&tid=6a785b9dd02c4dd59b11a6ebf37be951&url=https%3a%2f%2fwww.msn.com%2fen-us%2fmoney%2fgeneral%2fwalgreens-is-closing-stores-updated-list-of-shuttered-locations-for-2026%2far-AA29oi9V&c=13391483862513429637&mkt=en-us,www.bing.com,bing_rss,2026-08-03T05:00:00+00:00,2026-08-09T10:51:29+00:00,0.60,Walgreens Is Closing Stores: Updated List of Shuttered Locations for 2026 The cuts are part of a multiyear downsizing effort that has already reshaped the pharmacy chain’s footprint nationwide.,Walgreens store closure location
4c683366fc0f3eaee1,Walgreens,,,,,,Walgreens Is Closing Stores: Updated List of Shuttered Locations for 2026 as Pharmacy Giant Scales Back Downsizing,http://www.bing.com/news/apiclick.aspx?ref=FexRss&aid=&tid=6a785b9dd02c4dd59b11a6ebf37be951&url=https%3a%2f%2fthesiliconreview.com%2f2026%2f08%2fwalgreens-closing-stores-2026-list-shuttered-locations&c=8951348738481696331&mkt=en-us,www.bing.com,bing_rss,2026-08-03T17:00:00+00:00,2026-08-09T10:51:29+00:00,0.90,Walgreens Is Closing Stores: Updated List of Shuttered Locations for 2026 as Pharmacy Giant Scales Back Downsizing Walgreens is closing fewer than 100 stores in 2026 as part of a multiyear downsizing effort after scaling back earlier plans.,Walgreens store closure location
b8416fdafe97aed50b,Walgreens,,,,,,Walgreens closing stores: Which NJ locations are affected?,http://www.bing.com/news/apiclick.aspx?ref=FexRss&aid=&tid=6a785b9dd02c4dd59b11a6ebf37be951&url=https%3a%2f%2fwww.dispatch.com%2fstory%2fnews%2f2026%2f08%2f04%2fwalgreens-2026-store-closures-nj-locations%2f91161889007%2f&c=16646270581499612550&mkt=en-us,www.bing.com,bing_rss,2026-08-04T05:50:00+00:00,2026-08-09T10:51:29+00:00,0.84,The pharmacy chain has confirmed additional New Jersey locations will permanently close in the coming weeks as Walgreens continues a broader restructuring plan that could ultimately eliminate thousands of stores nationwide.,Walgreens store closure location
bd7c9166b190aa7cfb,Walgreens,,,,,,Walgreens is closing stores. How many in Missouri have closed?,http://www.bing.com/news/apiclick.aspx?ref=FexRss&aid=&tid=6a785b9dd02c4dd59b11a6ebf37be951&url=https%3a%2f%2fwww.usatoday.com%2fstory%2fnews%2fstate%2fmissouri%2fst-louis%2f2026%2f08%2f04%2fwalgreens-2026-store-locations-closing%2f91163090007%2f&c=17386051533054581905&mkt=en-us,www.bing.com,bing_rss,2026-08-04T10:09:00+00:00,2026-08-09T10:51:29+00:00,0.90,How many in Missouri have closed?,Walgreens store closure location
7f8d77f35974d779fb,Walgreens,,,,,,Walgreens closes stores nationwide in 2026. How Ohio is affected,http://www.bing.com/news/apiclick.aspx?ref=FexRss&aid=&tid=6a785b9dd02c4dd59b11a6ebf37be951&url=https%3a%2f%2fwww.usatoday.com%2fstory%2fnews%2f2026%2f08%2f04%2fwalgreens-closures-2026-ohio-us-list%2f91164498007%2f&c=7139529062695757318&mkt=en-us,www.bing.com,bing_rss,2026-08-04T08:12:00+00:00,2026-08-09T10:51:29+00:00,0.73,Walgreens closes stores nationwide in 2026.,Walgreens store closure location
2ff869255001aa16ef,Walgreens,,,,,,Walgreens closing stores in the tri-state: see where,http://www.bing.com/news/apiclick.aspx?ref=FexRss&aid=&tid=6a785b9dd02c4dd59b11a6ebf37be951&url=https%3a%2f%2fwww.yahoo.com%2fnews%2fus%2farticles%2fwalgreens-closing-stores-tri-state-134051944.html&c=17639863098692257854&mkt=en-us,www.bing.com,bing_rss,2026-08-04T06:40:00+00:00,2026-08-09T10:51:29+00:00,0.90,"Walgreens is expected to close two stores in New Jersey, the first in Bogota on ...",Walgreens store closure location
68c94407e1c9cca3b2,Walgreens,,,,,,Walgreens Closing Stores: Updated List of Closed Locations for 2026,http://www.bing.com/news/apiclick.aspx?ref=FexRss&aid=&tid=6a785b9dd02c4dd59b11a6ebf37be951&url=https%3a%2f%2fwibc.com%2f893735%2fwalgreens-closing-stores-updated-list-2026%2f&c=8355795845342749721&mkt=en-us,www.bing.com,bing_rss,2026-08-04T07:14:00+00:00,2026-08-09T10:51:29+00:00,0.61,"Walgreens Closing Stores: Updated List of Closed Locations for 2026 Reasons for individual closures vary by location but typically fall into a few categories: expiring leases, weak sales, distribution center consolidation, and, in some cases, ongoing theft and",Walgreens store closure location
8e1260385b11c5377b,Walgreens,,,,,,Walgreens closing more stores. See the new list,http://www.bing.com/news/apiclick.aspx?ref=FexRss&aid=&tid=6a785ba68b1e4c4fa463ca999fffe604&url=https%3a%2f%2fwww.msn.com%2fen-us%2fmoney%2fcompanies%2fwalgreens-closing-more-stores-see-the-new-list%2far-AA29pD4A&c=15444204467418407121&mkt=en-us,www.bing.com,bing_rss,2026-08-05T05:21:07+00:00,2026-08-09T10:51:29+00:00,0.37,"See the new list Walgreens, which was acquired by private equity firm Sycamore Partners in August 2025, continues to close stores across the U.S.",Walgreens closing stores
a5673537be7404c739,Walgreens,,,,,,Why are More Walgreens Locations Closing? Full List of Locations to Close,http://www.bing.com/news/apiclick.aspx?ref=FexRss&aid=&tid=6a785ba68b1e4c4fa463ca999fffe604&url=https%3a%2f%2fwww.msn.com%2fen-us%2fmoney%2fcompanies%2fwhy-are-more-walgreens-locations-closing-full-list-of-locations-to-close%2far-AA29oHF1&c=9710096064838310450&mkt=en-us,www.bing.com,bing_rss,2026-08-04T09:22:47+00:00,2026-08-09T10:51:29+00:00,0.37,Full List of Locations to Close The pharmacy giant has been working to streamline operations and focus on more profitable locations.,Walgreens closing stores
c8efdce96e8649c1af,Walgreens,,,,,,Walgreens Is Closing Stores: Updated List of Shuttered Locations for 2026,http://www.bing.com/news/apiclick.aspx?ref=FexRss&aid=&tid=6a785ba68b1e4c4fa463ca999fffe604&url=https%3a%2f%2fwww.msn.com%2fen-us%2fmoney%2fgeneral%2fwalgreens-is-closing-stores-updated-list-of-shuttered-locations-for-2026%2far-AA29oi9V&c=13391483862513429637&mkt=en-us,www.bing.com,bing_rss,2026-08-03T05:00:00+00:00,2026-08-09T10:51:29+00:00,0.60,Walgreens Is Closing Stores: Updated List of Shuttered Locations for 2026 The cuts are part of a multiyear downsizing effort that has already reshaped the pharmacy chain’s footprint nationwide.,Walgreens closing stores
f01c9e257d2f343a31,Walgreens,,,,,,Walgreens closes stores across a dozen states including NY and New Jersey,http://www.bing.com/news/apiclick.aspx?ref=FexRss&aid=&tid=6a785ba68b1e4c4fa463ca999fffe604&url=https%3a%2f%2fwww.msn.com%2fen-us%2fmoney%2fcompanies%2fwalgreens-closes-stores-across-a-dozen-states-including-ny-and-new-jersey%2far-AA29ntpB&c=8151832068443885191&mkt=en-us,www.bing.com,bing_rss,2026-08-04T07:59:00+00:00,2026-08-09T10:51:29+00:00,0.37,"Walgreens closes stores across a dozen states including NY and New Jersey Walgreens has shuttered stores across at least a dozen states, including New York and New Jersey, as part of a multiyear plan to cut costs and close underperforming locations.",Walgreens closing stores
59814ff933d7a9c21f,Walgreens,,,,,,Walgreens closing stores: Which NJ locations are affected?,http://www.bing.com/news/apiclick.aspx?ref=FexRss&aid=&tid=6a785ba68b1e4c4fa463ca999fffe604&url=https%3a%2f%2fwww.dispatch.com%2fstory%2fnews%2f2026%2f08%2f04%2fwalgreens-2026-store-closures-nj-locations%2f91161889007%2f&c=16646270581499612550&mkt=en-us,www.bing.com,bing_rss,2026-08-04T05:50:00+00:00,2026-08-09T10:51:29+00:00,0.84,The pharmacy chain has confirmed additional New Jersey locations will permanently close in the coming weeks as Walgreens continues a broader restructuring plan that could ultimately eliminate thousands of stores nationwide.,Walgreens closing stores
661af58a8b16eb78e6,Walgreens,,,,,,Walgreens closing stores in the tri-state: see where,http://www.bing.com/news/apiclick.aspx?ref=FexRss&aid=&tid=6a785ba68b1e4c4fa463ca999fffe604&url=https%3a%2f%2fwww.yahoo.com%2fnews%2fus%2farticles%2fwalgreens-closing-stores-tri-state-134051944.html&c=17639863098692257854&mkt=en-us,www.bing.com,bing_rss,2026-08-04T06:40:00+00:00,2026-08-09T10:51:29+00:00,0.90,"Walgreens is expected to close two stores in New Jersey, the first in Bogota on ...",Walgreens closing stores
e402d759091d741a20,Walgreens,"Arlington, VA",Arlington,VA,,,"Walgreens Closing Dozens Of Pharmacies In 2026: Here's Where, Why",http://www.bing.com/news/apiclick.aspx?ref=FexRss&aid=&tid=6a785ba68b1e4c4fa463ca999fffe604&url=https%3a%2f%2fwww.aol.com%2farticles%2fwalgreens-closing-dozens-pharmacies-2026-144848000.html&c=1745318424509246133&mkt=en-us,www.bing.com,bing_rss,2026-08-05T07:48:00+00:00,2026-08-09T10:51:29+00:00,0.91,"Walgreens Closing Dozens Of Pharmacies In 2026: Here's Where, Why Walgreens is planning to close dozens of stores in 2026 as the pharmacy chain reshapes its nationwide footprint, according to reports.",Walgreens closing stores
0496eb4fccd9298926,Walgreens,"Beaufort, SC",Beaufort,SC,,,"Walgreens Closing Dozens Of Pharmacies In 2026: Here's Where, Why",http://www.bing.com/news/apiclick.aspx?ref=FexRss&aid=&tid=6a785ba68b1e4c4fa463ca999fffe604&url=https%3a%2f%2fwww.aol.com%2farticles%2fwalgreens-closing-dozens-pharmacies-2026-144848000.html&c=1745318424509246133&mkt=en-us,www.bing.com,bing_rss,2026-08-05T07:48:00+00:00,2026-08-09T10:51:29+00:00,0.91,"Walgreens Closing Dozens Of Pharmacies In 2026: Here's Where, Why Walgreens is planning to close dozens of stores in 2026 as the pharmacy chain reshapes its nationwide footprint, according to reports.",Walgreens closing stores
dbd70bdf042012ca6e,Walgreens,"Bridgeton, MO",Bridgeton,MO,,,"Walgreens Closing Dozens Of Pharmacies In 2026: Here's Where, Why",http://www.bing.com/news/apiclick.aspx?ref=FexRss&aid=&tid=6a785ba68b1e4c4fa463ca999fffe604&url=https%3a%2f%2fwww.aol.com%2farticles%2fwalgreens-closing-dozens-pharmacies-2026-144848000.html&c=1745318424509246133&mkt=en-us,www.bing.com,bing_rss,2026-08-05T07:48:00+00:00,2026-08-09T10:51:29+00:00,0.91,"Walgreens Closing Dozens Of Pharmacies In 2026: Here's Where, Why Walgreens is planning to close dozens of stores in 2026 as the pharmacy chain reshapes its nationwide footprint, according to reports.",Walgreens closing stores
1e7ed552139308f67b,Walgreens,"Brooklyn, NY",Brooklyn,NY,,,"Walgreens Closing Dozens Of Pharmacies In 2026: Here's Where, Why",http://www.bing.com/news/apiclick.aspx?ref=FexRss&aid=&tid=6a785ba68b1e4c4fa463ca999fffe604&url=https%3a%2f%2fwww.aol.com%2farticles%2fwalgreens-closing-dozens-pharmacies-2026-144848000.html&c=1745318424509246133&mkt=en-us,www.bing.com,bing_rss,2026-08-05T07:48:00+00:00,2026-08-09T10:51:29+00:00,0.91,"Walgreens Closing Dozens Of Pharmacies In 2026: Here's Where, Why Walgreens is planning to close dozens of stores in 2026 as the pharmacy chain reshapes its nationwide footprint, according to reports.",Walgreens closing stores
cae6073db4606940f8,Walgreens,"Milwaukee Rockford, IL",Milwaukee Rockford,IL,,,"Walgreens Closing Dozens Of Pharmacies In 2026: Here's Where, Why",http://www.bing.com/news/apiclick.aspx?ref=FexRss&aid=&tid=6a785ba68b1e4c4fa463ca999fffe604&url=https%3a%2f%2fwww.aol.com%2farticles%2fwalgreens-closing-dozens-pharmacies-2026-144848000.html&c=1745318424509246133&mkt=en-us,www.bing.com,bing_rss,2026-08-05T07:48:00+00:00,2026-08-09T10:51:29+00:00,0.91,"Walgreens Closing Dozens Of Pharmacies In 2026: Here's Where, Why Walgreens is planning to close dozens of stores in 2026 as the pharmacy chain reshapes its nationwide footprint, according to reports.",Walgreens closing stores
a189a5f633169692ca,Walgreens,"Louis Washington, DC",Louis Washington,DC,,,"Walgreens Closing Dozens Of Pharmacies In 2026: Here's Where, Why",http://www.bing.com/news/apiclick.aspx?ref=FexRss&aid=&tid=6a785ba68b1e4c4fa463ca999fffe604&url=https%3a%2f%2fwww.aol.com%2farticles%2fwalgreens-closing-dozens-pharmacies-2026-144848000.html&c=1745318424509246133&mkt=en-us,www.bing.com,bing_rss,2026-08-05T07:48:00+00:00,2026-08-09T10:51:29+00:00,0.91,"Walgreens Closing Dozens Of Pharmacies In 2026: Here's Where, Why Walgreens is planning to close dozens of stores in 2026 as the pharmacy chain reshapes its nationwide footprint, according to reports.",Walgreens closing stores
1f7b62b8fdb4206665,Walgreens,,,,,,When Bergen Walgreens will close; what happens if it's your pharmacy,http://www.bing.com/news/apiclick.aspx?ref=FexRss&aid=&tid=6a785ba68b1e4c4fa463ca999fffe604&url=https%3a%2f%2fwww.msn.com%2fen-us%2fmoney%2fgeneral%2fwhen-bergen-walgreens-will-close-what-happens-if-it-s-your-pharmacy%2far-AA29sX2H&c=1720151783962762933&mkt=en-us,www.bing.com,bing_rss,2026-08-05T08:55:51+00:00,2026-08-09T10:51:29+00:00,0.37,When Bergen Walgreens will close; what happens if it's your pharmacy Two Walgreens locations in North Jersey will soon close.,Walgreens closing stores
8f3fbbd2d400be0492,Walgreens,,,,,,Major drug store chain continues to close stores: See which locations are on the list,http://www.bing.com/news/apiclick.aspx?ref=FexRss&aid=&tid=6a785ba68b1e4c4fa463ca999fffe604&url=https%3a%2f%2fwww.mlive.com%2fbusiness%2f2026%2f08%2fmajor-drug-store-chain-continues-to-close-stores-see-which-locations-are-on-the-list.html&c=8861115902816738449&mkt=en-us,www.bing.com,bing_rss,2026-08-05T05:28:00+00:00,2026-08-09T10:51:29+00:00,0.72,"Major drug store chain continues to close stores: See which locations are on the list “The pharmacy giant is continuing a multiyear downsizing effort in 2026, closing stores across at least a dozen states as it works to shrink its footprint to a more profitabl",Walgreens closing stores
56e0e01c1143e39506,Walgreens,,,,,,Walgreens closing 2 more NJ stores,http://www.bing.com/news/apiclick.aspx?ref=FexRss&aid=&tid=6a785ba68b1e4c4fa463ca999fffe604&url=https%3a%2f%2fnjbiz.com%2fwalgreens-closing-2-more-nj-stores%2f&c=17393995025677590765&mkt=en-us,www.bing.com,bing_rss,2026-08-03T10:49:00+00:00,2026-08-09T10:51:29+00:00,0.84,Walgreens closing 2 more NJ stores Two more Walgreens stores in New Jersey will permanently close as part of the retail pharmacy chain’s ongoing efforts to reset its business.,Walgreens closing stores
d4c5a573c4b88b3f96,Walgreens,,,,,,Why are more Walgreens locations closing? Full list of locations to close,http://www.bing.com/news/apiclick.aspx?ref=FexRss&aid=&tid=6a785bb1c29546489ee94bae976f1527&url=https%3a%2f%2fwww.msn.com%2fen-us%2fmoney%2fgeneral%2fwhy-are-more-walgreens-locations-closing-full-list-of-locations-to-close%2far-AA29oHF1&c=13453232907973909422&mkt=en-us,www.bing.com,bing_rss,2026-08-04T09:22:47+00:00,2026-08-09T10:51:29+00:00,0.37,Full list of locations to close The pharmacy giant has been working to streamline operations and focus on more profitable locations.,Walgreens pharmacy closed location
6a0f3d435a30cbe976,Walgreens,,,,,,Walgreens to close 100 US stores. Are any Arizona locations affected?,http://www.bing.com/news/apiclick.aspx?ref=FexRss&aid=&tid=6a785bb1c29546489ee94bae976f1527&url=https%3a%2f%2fwww.msn.com%2fen-us%2fmoney%2fcompanies%2fwalgreens-to-close-100-us-stores-are-any-arizona-locations-affected%2far-AA29ob6S&c=11994384478904488859&mkt=en-us,www.bing.com,bing_rss,2026-08-06T08:51:26+00:00,2026-08-09T10:51:29+00:00,0.37,Walgreens to close 100 US stores.,Walgreens pharmacy closed location
c6823453f4489a6a34,Walgreens,,,,,,Walgreens pharmacy closures: Updated list of locations closing in 2026,http://www.bing.com/news/apiclick.aspx?ref=FexRss&aid=&tid=6a785bb1c29546489ee94bae976f1527&url=https%3a%2f%2fen.as.com%2flatest_news%2fwalgreens-pharmacy-closures-updated-list-of-locations-closing-in-2026-f202608-n%2f&c=14706572603353450840&mkt=en-us,www.bing.com,bing_rss,2026-08-04T06:23:00+00:00,2026-08-09T10:51:29+00:00,0.90,Walgreens pharmacy closures: Updated list of locations closing in 2026 Walgreens has downsized its ambitious restructuring plan dropping the number of expected store closures to less than 100 in 2026.,Walgreens pharmacy closed location
94e74ee503d71df977,Walgreens,,,,,,Walgreens Is Closing Stores: Updated List of Shuttered Locations for 2026 as Pharmacy Giant Scales Back Downsizing,http://www.bing.com/news/apiclick.aspx?ref=FexRss&aid=&tid=6a785bb1c29546489ee94bae976f1527&url=https%3a%2f%2fthesiliconreview.com%2f2026%2f08%2fwalgreens-closing-stores-2026-list-shuttered-locations&c=8951348738481696331&mkt=en-us,www.bing.com,bing_rss,2026-08-03T17:00:00+00:00,2026-08-09T10:51:29+00:00,0.90,Walgreens Is Closing Stores: Updated List of Shuttered Locations for 2026 as Pharmacy Giant Scales Back Downsizing Walgreens is closing fewer than 100 stores in 2026 as part of a multiyear downsizing effort after scaling back earlier plans.,Walgreens pharmacy closed location
f569fdcf1230e03c26,Walgreens,,,,,,Walgreens Is Closing Stores: Updated List of Shuttered Locations for 2026,http://www.bing.com/news/apiclick.aspx?ref=FexRss&aid=&tid=6a785bb1c29546489ee94bae976f1527&url=https%3a%2f%2fwww.msn.com%2fen-us%2fmoney%2fgeneral%2fwalgreens-is-closing-stores-updated-list-of-shuttered-locations-for-2026%2far-AA29oi9V&c=13391483862513429637&mkt=en-us,www.bing.com,bing_rss,2026-08-03T05:00:00+00:00,2026-08-09T10:51:29+00:00,0.60,Walgreens Is Closing Stores: Updated List of Shuttered Locations for 2026 The cuts are part of a multiyear downsizing effort that has already reshaped the pharmacy chain’s footprint nationwide.,Walgreens pharmacy closed location
8410cced44f6af52e5,Walgreens,,,,,,When Bergen Walgreens will close; what happens if it's your pharmacy,http://www.bing.com/news/apiclick.aspx?ref=FexRss&aid=&tid=6a785bb1c29546489ee94bae976f1527&url=https%3a%2f%2fwww.msn.com%2fen-us%2fmoney%2fgeneral%2fwhen-bergen-walgreens-will-close-what-happens-if-it-s-your-pharmacy%2far-AA29sX2H&c=1720151783962762933&mkt=en-us,www.bing.com,bing_rss,2026-08-05T08:55:51+00:00,2026-08-09T10:51:29+00:00,0.37,When Bergen Walgreens will close; what happens if it's your pharmacy Two Walgreens locations in North Jersey will soon close.,Walgreens pharmacy closed location
1f2dbc59307f1f2a86,Walgreens,,,,,,Major drug store chain continues to close stores: See which locations are on the list,http://www.bing.com/news/apiclick.aspx?ref=FexRss&aid=&tid=6a785bb1c29546489ee94bae976f1527&url=https%3a%2f%2fwww.cleveland.com%2fbusiness%2f2026%2f08%2fmajor-drug-store-chain-continues-to-close-stores-see-which-locations-are-on-the-list.html&c=10328433298989401720&mkt=en-us,www.bing.com,bing_rss,2026-08-05T05:28:00+00:00,2026-08-09T10:51:29+00:00,0.84,"Major drug store chain continues to close stores: See which locations are on the list The company, which owns 8,500 locations nationwide, began closures in 2025, according to an article by Inc.",Walgreens pharmacy closed location
ece87367179f2625e6,Walgreens,"Arlington, VA",Arlington,VA,,,"Walgreens Closing Dozens Of Pharmacies In 2026: Here's Where, Why",http://www.bing.com/news/apiclick.aspx?ref=FexRss&aid=&tid=6a785bb1c29546489ee94bae976f1527&url=https%3a%2f%2fwww.aol.com%2farticles%2fwalgreens-closing-dozens-pharmacies-2026-144848000.html&c=1745318424509246133&mkt=en-us,www.bing.com,bing_rss,2026-08-05T07:48:00+00:00,2026-08-09T10:51:29+00:00,0.91,"Walgreens Closing Dozens Of Pharmacies In 2026: Here's Where, Why Walgreens is planning to close dozens of stores in 2026 as the pharmacy chain reshapes its nationwide footprint, according to reports.",Walgreens pharmacy closed location
f24cbcd95c43ada415,Walgreens,"Beaufort, SC",Beaufort,SC,,,"Walgreens Closing Dozens Of Pharmacies In 2026: Here's Where, Why",http://www.bing.com/news/apiclick.aspx?ref=FexRss&aid=&tid=6a785bb1c29546489ee94bae976f1527&url=https%3a%2f%2fwww.aol.com%2farticles%2fwalgreens-closing-dozens-pharmacies-2026-144848000.html&c=1745318424509246133&mkt=en-us,www.bing.com,bing_rss,2026-08-05T07:48:00+00:00,2026-08-09T10:51:29+00:00,0.91,"Walgreens Closing Dozens Of Pharmacies In 2026: Here's Where, Why Walgreens is planning to close dozens of stores in 2026 as the pharmacy chain reshapes its nationwide footprint, according to reports.",Walgreens pharmacy closed location
1f9b54abeed4af3c57,Walgreens,"Bridgeton, MO",Bridgeton,MO,,,"Walgreens Closing Dozens Of Pharmacies In 2026: Here's Where, Why",http://www.bing.com/news/apiclick.aspx?ref=FexRss&aid=&tid=6a785bb1c29546489ee94bae976f1527&url=https%3a%2f%2fwww.aol.com%2farticles%2fwalgreens-closing-dozens-pharmacies-2026-144848000.html&c=1745318424509246133&mkt=en-us,www.bing.com,bing_rss,2026-08-05T07:48:00+00:00,2026-08-09T10:51:29+00:00,0.91,"Walgreens Closing Dozens Of Pharmacies In 2026: Here's Where, Why Walgreens is planning to close dozens of stores in 2026 as the pharmacy chain reshapes its nationwide footprint, according to reports.",Walgreens pharmacy closed location
cb2f173d1cecfadc03,Walgreens,"Brooklyn, NY",Brooklyn,NY,,,"Walgreens Closing Dozens Of Pharmacies In 2026: Here's Where, Why",http://www.bing.com/news/apiclick.aspx?ref=FexRss&aid=&tid=6a785bb1c29546489ee94bae976f1527&url=https%3a%2f%2fwww.aol.com%2farticles%2fwalgreens-closing-dozens-pharmacies-2026-144848000.html&c=1745318424509246133&mkt=en-us,www.bing.com,bing_rss,2026-08-05T07:48:00+00:00,2026-08-09T10:51:29+00:00,0.91,"Walgreens Closing Dozens Of Pharmacies In 2026: Here's Where, Why Walgreens is planning to close dozens of stores in 2026 as the pharmacy chain reshapes its nationwide footprint, according to reports.",Walgreens pharmacy closed location
96719e834e43b8c52d,Walgreens,"Milwaukee Rockford, IL",Milwaukee Rockford,IL,,,"Walgreens Closing Dozens Of Pharmacies In 2026: Here's Where, Why",http://www.bing.com/news/apiclick.aspx?ref=FexRss&aid=&tid=6a785bb1c29546489ee94bae976f1527&url=https%3a%2f%2fwww.aol.com%2farticles%2fwalgreens-closing-dozens-pharmacies-2026-144848000.html&c=1745318424509246133&mkt=en-us,www.bing.com,bing_rss,2026-08-05T07:48:00+00:00,2026-08-09T10:51:29+00:00,0.91,"Walgreens Closing Dozens Of Pharmacies In 2026: Here's Where, Why Walgreens is planning to close dozens of stores in 2026 as the pharmacy chain reshapes its nationwide footprint, according to reports.",Walgreens pharmacy closed location
8fa6bc89fd9385f7f3,Walgreens,"Louis Washington, DC",Louis Washington,DC,,,"Walgreens Closing Dozens Of Pharmacies In 2026: Here's Where, Why",http://www.bing.com/news/apiclick.aspx?ref=FexRss&aid=&tid=6a785bb1c29546489ee94bae976f1527&url=https%3a%2f%2fwww.aol.com%2farticles%2fwalgreens-closing-dozens-pharmacies-2026-144848000.html&c=1745318424509246133&mkt=en-us,www.bing.com,bing_rss,2026-08-05T07:48:00+00:00,2026-08-09T10:51:29+00:00,0.91,"Walgreens Closing Dozens Of Pharmacies In 2026: Here's Where, Why Walgreens is planning to close dozens of stores in 2026 as the pharmacy chain reshapes its nationwide footprint, according to reports.",Walgreens pharmacy closed location
f9210738eb614077a3,Walgreens,,,,,,Why are more Walgreens locations closing? Full list of locations to close,http://www.bing.com/news/apiclick.aspx?ref=FexRss&aid=&tid=6a7b019d9c264f5499707a2551f39c20&url=https%3a%2f%2fwww.msn.com%2fen-us%2fmoney%2fgeneral%2fwhy-are-more-walgreens-locations-closing-full-list-of-locations-to-close%2far-AA29oHF1&c=13453232907973909422&mkt=en-us,www.bing.com,bing_rss,2026-08-04T09:22:47+00:00,2026-08-11T11:03:57+00:00,0.37,Full list of locations to close The pharmacy giant has been working to streamline operations and focus on more profitable locations.,Walgreens pharmacy closed location
2165ef670617204ac1,Walgreens,,,,,,Walgreens Is Closing Stores: Updated List of Shuttered Locations for 2026 as Pharmacy Giant Scales Back Downsizing,http://www.bing.com/news/apiclick.aspx?ref=FexRss&aid=&tid=6a7b019d9c264f5499707a2551f39c20&url=https%3a%2f%2fthesiliconreview.com%2f2026%2f08%2fwalgreens-closing-stores-2026-list-shuttered-locations&c=8951348738481696331&mkt=en-us,www.bing.com,bing_rss,2026-08-03T17:00:00+00:00,2026-08-11T11:03:57+00:00,0.90,Walgreens Is Closing Stores: Updated List of Shuttered Locations for 2026 as Pharmacy Giant Scales Back Downsizing Walgreens is closing fewer than 100 stores in 2026 as part of a multiyear downsizing effort after scaling back earlier plans.,Walgreens pharmacy closed location
51dccaed3bf68ea4c7,Walgreens,,,,,,Walgreens 2026 Store Locations Closing: Full List Of Location Shutting Down Across The US,http://www.bing.com/news/apiclick.aspx?ref=FexRss&aid=&tid=6a7b019d9c264f5499707a2551f39c20&url=https%3a%2f%2fwww.timesnownews.com%2fworld%2fus%2fus-buzz%2fwalgreens-2026-store-locations-closing-full-list-of-location-shutting-down-across-the-us-article-155242798&c=1555851639942428928&mkt=en-us,www.bing.com,bing_rss,2026-08-03T15:34:00+00:00,2026-08-11T11:03:57+00:00,0.90,"Walgreens 2026 Store Locations Closing: Full List Of Location Shutting Down Across The US Walgreens is closing fewer than 100 stores in 2026 as part of its ongoing multiyear store optimization strategy, following a reduction in planned closures after the compa",Walgreens pharmacy closed location
543c19880db0d5fb12,Walgreens,,,,,,Walgreens pharmacy closures: Updated list of locations closing in 2026,http://www.bing.com/news/apiclick.aspx?ref=FexRss&aid=&tid=6a7b019d9c264f5499707a2551f39c20&url=https%3a%2f%2fen.as.com%2flatest_news%2fwalgreens-pharmacy-closures-updated-list-of-locations-closing-in-2026-f202608-n%2f&c=14706572603353450840&mkt=en-us,www.bing.com,bing_rss,2026-08-04T06:23:00+00:00,2026-08-11T11:03:57+00:00,0.90,Walgreens pharmacy closures: Updated list of locations closing in 2026 Walgreens has downsized its ambitious restructuring plan dropping the number of expected store closures to less than 100 in 2026.,Walgreens pharmacy closed location
0b659e76bbd84a27de,Walgreens,,,,,,Walgreens Is Closing Stores: Updated List of Shuttered Locations for 2026,http://www.bing.com/news/apiclick.aspx?ref=FexRss&aid=&tid=6a7b019d9c264f5499707a2551f39c20&url=https%3a%2f%2fwww.msn.com%2fen-us%2fmoney%2fgeneral%2fwalgreens-is-closing-stores-updated-list-of-shuttered-locations-for-2026%2far-AA29oi9V&c=13391483862513429637&mkt=en-us,www.bing.com,bing_rss,2026-08-03T05:00:00+00:00,2026-08-11T11:03:57+00:00,0.60,Walgreens Is Closing Stores: Updated List of Shuttered Locations for 2026 The cuts are part of a multiyear downsizing effort that has already reshaped the pharmacy chain’s footprint nationwide.,Walgreens pharmacy closed location
53dd95a81eb4c19ed7,Walgreens,,,,,,When Bergen Walgreens will close; what happens if it's your pharmacy,http://www.bing.com/news/apiclick.aspx?ref=FexRss&aid=&tid=6a7b019d9c264f5499707a2551f39c20&url=https%3a%2f%2fwww.msn.com%2fen-us%2fmoney%2fgeneral%2fwhen-bergen-walgreens-will-close-what-happens-if-it-s-your-pharmacy%2far-AA29sX2H&c=1720151783962762933&mkt=en-us,www.bing.com,bing_rss,2026-08-05T08:55:51+00:00,2026-08-11T11:03:57+00:00,0.37,When Bergen Walgreens will close; what happens if it's your pharmacy Two Walgreens locations in North Jersey will soon close.,Walgreens pharmacy closed location
49fdb617b636b70dab,Walgreens,,,,,,Walgreens continues store closures nationwide as part of its turnaround plan,http://www.bing.com/news/apiclick.aspx?ref=FexRss&aid=&tid=6a7b019d9c264f5499707a2551f39c20&url=https%3a%2f%2fwww.msn.com%2fen-us%2fmoney%2fcompanies%2fwalgreens-continues-store-closures-nationwide-as-part-of-its-turnaround-plan%2far-AA29tRgS&c=717242906321472140&mkt=en-us,www.bing.com,bing_rss,2026-08-05T16:29:47+00:00,2026-08-11T11:03:57+00:00,0.37,Walgreens continues store closures nationwide as part of its turnaround plan Walgreens is reportedly closing locations across the U.S.,Walgreens pharmacy closed location
a009fb703ee1449c5d,Walgreens,,,,,,Walgreens to close 100 US stores. Are any Arizona locations affected?,http://www.bing.com/news/apiclick.aspx?ref=FexRss&aid=&tid=6a7b019d9c264f5499707a2551f39c20&url=https%3a%2f%2fwww.msn.com%2fen-us%2fmoney%2fcompanies%2fwalgreens-to-close-100-us-stores-are-any-arizona-locations-affected%2far-AA29ob6S&c=11994384478904488859&mkt=en-us,www.bing.com,bing_rss,2026-08-06T08:51:26+00:00,2026-08-11T11:03:57+00:00,0.37,Walgreens to close 100 US stores.,Walgreens pharmacy closed location
fa0e40f842b9e5aef1,Walgreens,,,,,,Walgreens closes stores across a dozen states including NY and New Jersey,http://www.bing.com/news/apiclick.aspx?ref=FexRss&aid=&tid=6a7b019d9c264f5499707a2551f39c20&url=https%3a%2f%2fwww.msn.com%2fen-us%2fmoney%2fcompanies%2fwalgreens-closes-stores-across-a-dozen-states-including-ny-and-new-jersey%2far-AA29ntpB&c=8151832068443885191&mkt=en-us,www.bing.com,bing_rss,2026-08-04T07:59:00+00:00,2026-08-11T11:03:57+00:00,0.37,"Walgreens closes stores across a dozen states including NY and New Jersey Walgreens has shuttered stores across at least a dozen states, including New York and New Jersey, as part of a multiyear plan to cut costs and close underperforming locations.",Walgreens pharmacy closed location
5052956d3893be5133,Walgreens,,,,,,Walgreens is closing stores. How many in Illinois have closed?,http://www.bing.com/news/apiclick.aspx?ref=FexRss&aid=&tid=6a7b019d9c264f5499707a2551f39c20&url=https%3a%2f%2fwww.msn.com%2fen-us%2fmoney%2fgeneral%2fwalgreens-is-closing-stores-how-many-in-illinois-have-closed%2far-AA29sqz6&c=15914638940180657909&mkt=en-us,www.bing.com,bing_rss,2026-08-05T09:35:57+00:00,2026-08-11T11:03:57+00:00,0.49,How many in Illinois have closed?,Walgreens pharmacy closed location
5b076421e94190fafc,CVS,,,,,,CVS to Close 270 Stores in 2025: Is Your Branch Affected? What We Know So Far,http://www.bing.com/news/apiclick.aspx?ref=FexRss&aid=&tid=6a7c5446c3ca4992bfb29eb3cb26ced7&url=https%3a%2f%2fwww.ibtimes.co.uk%2fcvs-close-270-stores-2025-your-branch-affected-what-we-know-so-far-1734568&c=8488968892660235874&mkt=en-us,www.bing.com,bing_rss,2025-05-29T07:02:00+00:00,2026-08-12T11:10:01+00:00,0.61,CVS to Close 270 Stores in 2025: Is Your Branch Affected?,CVS store closure location
fbd47845ca8b18a81e,CVS,,,,,,CVS to Close 270 Stores in 2025: Is Your Branch Affected? What We Know So Far,http://www.bing.com/news/apiclick.aspx?ref=FexRss&aid=&tid=6a7c545417f64372afe7a1db86f878b1&url=https%3a%2f%2fwww.ibtimes.co.uk%2fcvs-close-270-stores-2025-your-branch-affected-what-we-know-so-far-1734568&c=8488968892660235874&mkt=en-us,www.bing.com,bing_rss,2025-05-29T07:02:00+00:00,2026-08-12T11:10:01+00:00,0.61,CVS to Close 270 Stores in 2025: Is Your Branch Affected?,CVS closing stores
eafeb85611108d81d9,CVS,,,,,,CVS to Close 270 Stores in 2025: Is Your Branch Affected? What We Know So Far,http://www.bing.com/news/apiclick.aspx?ref=FexRss&aid=&tid=6a7c545f7bf4418c93b4c379a0b00c0f&url=https%3a%2f%2fwww.ibtimes.co.uk%2fcvs-close-270-stores-2025-your-branch-affected-what-we-know-so-far-1734568&c=8488968892660235874&mkt=en-us,www.bing.com,bing_rss,2025-05-29T07:02:00+00:00,2026-08-12T11:10:01+00:00,0.61,CVS to Close 270 Stores in 2025: Is Your Branch Affected?,CVS pharmacy closed location
beef726c411226041d,Walgreens,,,,,,Why are More Walgreens Locations Closing? Full List of Locations to Close,http://www.bing.com/news/apiclick.aspx?ref=FexRss&aid=&tid=6a7c546f1034493d8dcf91140ce0a053&url=https%3a%2f%2fwww.msn.com%2fen-us%2fmoney%2fcompanies%2fwhy-are-more-walgreens-locations-closing-full-list-of-locations-to-close%2far-AA29oHF1&c=9710096064838310450&mkt=en-us,www.bing.com,bing_rss,2026-08-04T09:22:47+00:00,2026-08-12T11:10:01+00:00,0.37,Full List of Locations to Close The pharmacy giant has been working to streamline operations and focus on more profitable locations.,Walgreens store closure location
3e1e01f80de95d9ed8,Walgreens,,,,,,Walgreens Is Closing Stores: Updated List of Shuttered Locations for 2026,http://www.bing.com/news/apiclick.aspx?ref=FexRss&aid=&tid=6a7c546f1034493d8dcf91140ce0a053&url=https%3a%2f%2fwww.msn.com%2fen-us%2fmoney%2fgeneral%2fwalgreens-is-closing-stores-updated-list-of-shuttered-locations-for-2026%2far-AA29oi9V&c=13391483862513429637&mkt=en-us,www.bing.com,bing_rss,2026-08-03T05:00:00+00:00,2026-08-12T11:10:01+00:00,0.60,Walgreens Is Closing Stores: Updated List of Shuttered Locations for 2026 The cuts are part of a multiyear downsizing effort that has already reshaped the pharmacy chain’s footprint nationwide.,Walgreens store closure location
67951b2d58064e6cad,Walgreens,"Washington, DC",Washington,DC,,,"Walgreens closing stores: Which DC, MD and VA locations are affected?",http://www.bing.com/news/apiclick.aspx?ref=FexRss&aid=&tid=6a7c546f1034493d8dcf91140ce0a053&url=https%3a%2f%2fdolphinswire.usatoday.com%2fstory%2fnews%2f2026%2f08%2f04%2fwalgreens-2026-store-locations-closing-md-dc-va%2f91163752007%2f&c=11987399946503082834&mkt=en-us,www.bing.com,bing_rss,2026-08-04T09:44:00+00:00,2026-08-12T11:10:01+00:00,1.00,"While Walgreens has not released a complete list of store closings, reports indicate at least 15 stores have either already closed or are scheduled to close across at least a dozen states.",Walgreens store closure location
181649cb8a6282d3ff,Walgreens,,,,,,Walgreens closing more stores. See the new list,http://www.bing.com/news/apiclick.aspx?ref=FexRss&aid=&tid=6a7c546f1034493d8dcf91140ce0a053&url=https%3a%2f%2fwww.msn.com%2fen-us%2fmoney%2fcompanies%2fwalgreens-closing-more-stores-see-the-new-list%2far-AA29tl7X&c=2959101621441297819&mkt=en-us,www.bing.com,bing_rss,2026-08-05T11:19:00+00:00,2026-08-12T11:10:01+00:00,0.37,"See the new list Walgreens, which was acquired by private equity firm Sycamore Partners in August 2025, continues to close stores across the U.S.",Walgreens store closure location
38d3ac0cfcc5f0308c,Walgreens,,,,,,Walgreens Is Closing Stores: Updated List of Shuttered Locations for 2026 as Pharmacy Giant Scales Back Downsizing,http://www.bing.com/news/apiclick.aspx?ref=FexRss&aid=&tid=6a7c546f1034493d8dcf91140ce0a053&url=https%3a%2f%2fthesiliconreview.com%2f2026%2f08%2fwalgreens-closing-stores-2026-list-shuttered-locations&c=8951348738481696331&mkt=en-us,www.bing.com,bing_rss,2026-08-03T17:00:00+00:00,2026-08-12T11:10:01+00:00,0.90,Walgreens Is Closing Stores: Updated List of Shuttered Locations for 2026 as Pharmacy Giant Scales Back Downsizing Walgreens is closing fewer than 100 stores in 2026 as part of a multiyear downsizing effort after scaling back earlier plans.,Walgreens store closure location
fffbc6b42592bd4a3e,Walgreens,,,,,,Walgreens closing stores: Which NJ locations are affected?,http://www.bing.com/news/apiclick.aspx?ref=FexRss&aid=&tid=6a7c546f1034493d8dcf91140ce0a053&url=https%3a%2f%2fwww.dispatch.com%2fstory%2fnews%2f2026%2f08%2f04%2fwalgreens-2026-store-closures-nj-locations%2f91161889007%2f&c=16646270581499612550&mkt=en-us,www.bing.com,bing_rss,2026-08-04T05:50:00+00:00,2026-08-12T11:10:01+00:00,0.84,The pharmacy chain has confirmed additional New Jersey locations will permanently close in the coming weeks as Walgreens continues a broader restructuring plan that could ultimately eliminate thousands of stores nationwide.,Walgreens store closure location
72c0240d1b9287fb2d,Walgreens,,,,,,Walgreens continues store closures nationwide as part of its turnaround plan,http://www.bing.com/news/apiclick.aspx?ref=FexRss&aid=&tid=6a7c546f1034493d8dcf91140ce0a053&url=https%3a%2f%2fwww.msn.com%2fen-us%2fmoney%2fcompanies%2fwalgreens-continues-store-closures-nationwide-as-part-of-its-turnaround-plan%2far-AA29tRgS&c=717242906321472140&mkt=en-us,www.bing.com,bing_rss,2026-08-05T16:29:47+00:00,2026-08-12T11:10:01+00:00,0.37,Walgreens continues store closures nationwide as part of its turnaround plan Walgreens is reportedly closing locations across the U.S.,Walgreens store closure location
922d77d46f3aba027a,Walgreens,,,,,,Walgreens to close 100 US stores. Are any Arizona locations affected?,http://www.bing.com/news/apiclick.aspx?ref=FexRss&aid=&tid=6a7c546f1034493d8dcf91140ce0a053&url=https%3a%2f%2fwww.msn.com%2fen-us%2fmoney%2fcompanies%2fwalgreens-to-close-100-us-stores-are-any-arizona-locations-affected%2far-AA29ob6S&c=11994384478904488859&mkt=en-us,www.bing.com,bing_rss,2026-08-06T08:51:26+00:00,2026-08-12T11:10:01+00:00,0.37,Walgreens to close 100 US stores.,Walgreens store closure location
5b4cce2b051424700d,Walgreens,,,,,,Walgreens closes stores nationwide in 2026. How Ohio is affected,http://www.bing.com/news/apiclick.aspx?ref=FexRss&aid=&tid=6a7c546f1034493d8dcf91140ce0a053&url=https%3a%2f%2fwww.usatoday.com%2fstory%2fnews%2f2026%2f08%2f04%2fwalgreens-closures-2026-ohio-us-list%2f91164498007%2f&c=7139529062695757318&mkt=en-us,www.bing.com,bing_rss,2026-08-04T08:12:00+00:00,2026-08-12T11:10:01+00:00,0.73,Walgreens closes stores nationwide in 2026.,Walgreens store closure location
6c9440d1a54c41f804,Walgreens,,,,,,Walgreens is closing stores. How many in Missouri have closed?,http://www.bing.com/news/apiclick.aspx?ref=FexRss&aid=&tid=6a7c546f1034493d8dcf91140ce0a053&url=https%3a%2f%2fwww.usatoday.com%2fstory%2fnews%2fstate%2fmissouri%2fst-louis%2f2026%2f08%2f04%2fwalgreens-2026-store-locations-closing%2f91163090007%2f&c=17386051533054581905&mkt=en-us,www.bing.com,bing_rss,2026-08-04T10:09:00+00:00,2026-08-12T11:10:01+00:00,0.90,How many in Missouri have closed?,Walgreens store closure location
d0ba312a318e086e7c,Walgreens,,,,,,Walgreens Closing Additional Locations in Illinois and Wisconsin,https://kdat.com/ixp/679/p/walgreens-closing-illinois-wisconsin/,kdat.com,gdelt,20260806T190000Z,2026-08-12T11:10:01+00:00,0.61,"While not near that figure, Walgreens has closed additional stores in a number of states, with more in Illinois and Wisconsin disappearing as a result.",Walgreens closing stores
73a4afb12ac8bbf7f1,Walgreens,,,,,,Walgreens Closing Additional Locations in Illinois and Wisconsin,https://y105music.com/walgreens-closing-illinois-wisconsin/,y105music.com,gdelt,20260806T173000Z,2026-08-12T11:10:01+00:00,0.61,"While not near that figure, Walgreens has closed additional stores in a number of states, with more in Illinois and Wisconsin disappearing as a result.",Walgreens closing stores
9cd4f6de7492faf289,Walgreens,,,,,,Walgreens closing more stores. See the new list,http://www.bing.com/news/apiclick.aspx?ref=FexRss&aid=&tid=6a7c547dd2274fa6852f07e59ddd7814&url=https%3a%2f%2fwww.msn.com%2fen-us%2fmoney%2fcompanies%2fwalgreens-closing-more-stores-see-the-new-list%2far-AA29pD4A&c=15444204467418407121&mkt=en-us,www.bing.com,bing_rss,2026-08-05T05:21:07+00:00,2026-08-12T11:10:01+00:00,0.37,"See the new list Walgreens, which was acquired by private equity firm Sycamore Partners in August 2025, continues to close stores across the U.S.",Walgreens closing stores
5fc0c6baec1ec3ceea,Walgreens,,,,,,Walgreens 2026 store locations closing: List of shuttered stores,http://www.bing.com/news/apiclick.aspx?ref=FexRss&aid=&tid=6a7c547dd2274fa6852f07e59ddd7814&url=https%3a%2f%2fwww.msn.com%2fen-us%2fmoney%2fgeneral%2fwalgreens-2026-store-locations-closing-list-of-shuttered-stores%2far-AA29ngOZ&c=8743013196362473095&mkt=en-us,www.bing.com,bing_rss,2026-08-04T05:42:28+00:00,2026-08-12T11:10:01+00:00,0.25,Walgreens 2026 store locations closing: List of shuttered stores The pharmacy chain is still closing locations across the U.S.,Walgreens closing stores
e9caa87534973555f4,Walgreens,,,,,,Why are More Walgreens Locations Closing? Full List of Locations to Close,http://www.bing.com/news/apiclick.aspx?ref=FexRss&aid=&tid=6a7c547dd2274fa6852f07e59ddd7814&url=https%3a%2f%2fwww.msn.com%2fen-us%2fmoney%2fcompanies%2fwhy-are-more-walgreens-locations-closing-full-list-of-locations-to-close%2far-AA29oHF1&c=9710096064838310450&mkt=en-us,www.bing.com,bing_rss,2026-08-04T09:22:47+00:00,2026-08-12T11:10:01+00:00,0.37,Full List of Locations to Close The pharmacy giant has been working to streamline operations and focus on more profitable locations.,Walgreens closing stores
b38e76c8dd6087c66a,Walgreens,"Washington, DC",Washington,DC,,,"Walgreens closing stores: Which DC, MD and VA locations are affected?",http://www.bing.com/news/apiclick.aspx?ref=FexRss&aid=&tid=6a7c547dd2274fa6852f07e59ddd7814&url=https%3a%2f%2fdolphinswire.usatoday.com%2fstory%2fnews%2f2026%2f08%2f04%2fwalgreens-2026-store-locations-closing-md-dc-va%2f91163752007%2f&c=11987399946503082834&mkt=en-us,www.bing.com,bing_rss,2026-08-04T09:44:00+00:00,2026-08-12T11:10:01+00:00,1.00,"While Walgreens has not released a complete list of store closings, reports indicate at least 15 stores have either already closed or are scheduled to close across at least a dozen states.",Walgreens closing stores
9b5d83a4ea1db907fb,Walgreens,,,,,,Walgreens closes stores across a dozen states including NY and New Jersey,http://www.bing.com/news/apiclick.aspx?ref=FexRss&aid=&tid=6a7c547dd2274fa6852f07e59ddd7814&url=https%3a%2f%2fwww.msn.com%2fen-us%2fmoney%2fcompanies%2fwalgreens-closes-stores-across-a-dozen-states-including-ny-and-new-jersey%2far-AA29ntpB&c=8151832068443885191&mkt=en-us,www.bing.com,bing_rss,2026-08-04T07:59:00+00:00,2026-08-12T11:10:01+00:00,0.37,"Walgreens closes stores across a dozen states including NY and New Jersey Walgreens has shuttered stores across at least a dozen states, including New York and New Jersey, as part of a multiyear plan to cut costs and close underperforming locations.",Walgreens closing stores
8c38fe129c1173c827,Walgreens,,,,,,"Walgreens Closing Dozens Of Pharmacies In 2026: Here's Where, Why",http://www.bing.com/news/apiclick.aspx?ref=FexRss&aid=&tid=6a7c547dd2274fa6852f07e59ddd7814&url=https%3a%2f%2fdailyvoice.com%2farticle%2fwalgreens-closing-dozens-of-pharmacies-in-2026-heres-where-why%2f&c=12485156596782607488&mkt=en-us,www.bing.com,bing_rss,2026-08-05T03:50:00+00:00,2026-08-12T11:10:01+00:00,0.37,"Walgreens Closing Dozens Of Pharmacies In 2026: Here's Where, Why Walgreens is planning to close dozens of stores in 2026 as the pharmacy chain reshapes its nationwide footprint, according to reports.The company now expects to shutter fewer than 100 locations ",Walgreens closing stores
b39535329301a99e89,Walgreens,,,,,,Walgreens continues store closures nationwide as part of its turnaround plan,http://www.bing.com/news/apiclick.aspx?ref=FexRss&aid=&tid=6a7c547dd2274fa6852f07e59ddd7814&url=https%3a%2f%2fwww.msn.com%2fen-us%2fmoney%2fcompanies%2fwalgreens-continues-store-closures-nationwide-as-part-of-its-turnaround-plan%2far-AA29tRgS&c=717242906321472140&mkt=en-us,www.bing.com,bing_rss,2026-08-05T16:29:47+00:00,2026-08-12T11:10:01+00:00,0.37,Walgreens continues store closures nationwide as part of its turnaround plan Walgreens is reportedly closing locations across the U.S.,Walgreens closing stores
7f329b69f5a8f607d7,Walgreens,,,,,,Walgreens closing stores in the tri-state: see where,http://www.bing.com/news/apiclick.aspx?ref=FexRss&aid=&tid=6a7c547dd2274fa6852f07e59ddd7814&url=https%3a%2f%2fwww.yahoo.com%2fnews%2fus%2farticles%2fwalgreens-closing-stores-tri-state-134051944.html&c=17639863098692257854&mkt=en-us,www.bing.com,bing_rss,2026-08-04T06:40:00+00:00,2026-08-12T11:10:01+00:00,0.90,"Walgreens is expected to close two stores in New Jersey, the first in Bogota on ...",Walgreens closing stores
a86a94ca64ba1d0252,Walgreens,,,,,,When Bergen Walgreens will close; what happens if it's your pharmacy,http://www.bing.com/news/apiclick.aspx?ref=FexRss&aid=&tid=6a7c547dd2274fa6852f07e59ddd7814&url=https%3a%2f%2fwww.msn.com%2fen-us%2fmoney%2fgeneral%2fwhen-bergen-walgreens-will-close-what-happens-if-it-s-your-pharmacy%2far-AA29sX2H&c=1720151783962762933&mkt=en-us,www.bing.com,bing_rss,2026-08-05T08:55:51+00:00,2026-08-12T11:10:01+00:00,0.37,When Bergen Walgreens will close; what happens if it's your pharmacy Two Walgreens locations in North Jersey will soon close.,Walgreens closing stores
b95e2eb9523b66e5cf,Walgreens,,,,,,Walgreens Is Closing Stores: Updated List of Shuttered Locations for 2026,http://www.bing.com/news/apiclick.aspx?ref=FexRss&aid=&tid=6a7c547dd2274fa6852f07e59ddd7814&url=https%3a%2f%2fwww.msn.com%2fen-us%2fmoney%2fgeneral%2fwalgreens-is-closing-stores-updated-list-of-shuttered-locations-for-2026%2far-AA29oi9V&c=13391483862513429637&mkt=en-us,www.bing.com,bing_rss,2026-08-03T05:00:00+00:00,2026-08-12T11:10:01+00:00,0.60,Walgreens Is Closing Stores: Updated List of Shuttered Locations for 2026 The cuts are part of a multiyear downsizing effort that has already reshaped the pharmacy chain’s footprint nationwide.,Walgreens closing stores
30ab4585d3c48940fb,Walgreens,,,,,,Why are more Walgreens locations closing? Full list of locations to close,http://www.bing.com/news/apiclick.aspx?ref=FexRss&aid=&tid=6a7c5489e64549b7872e23eb5fbcff4f&url=https%3a%2f%2fwww.msn.com%2fen-us%2fmoney%2fgeneral%2fwhy-are-more-walgreens-locations-closing-full-list-of-locations-to-close%2far-AA29oHF1&c=13453232907973909422&mkt=en-us,www.bing.com,bing_rss,2026-08-04T09:22:47+00:00,2026-08-12T11:10:01+00:00,0.37,Full list of locations to close The pharmacy giant has been working to streamline operations and focus on more profitable locations.,Walgreens pharmacy closed location
a2c1cf061098e79699,Walgreens,,,,,,Walgreens Is Closing Stores: Updated List of Shuttered Locations for 2026 as Pharmacy Giant Scales Back Downsizing,http://www.bing.com/news/apiclick.aspx?ref=FexRss&aid=&tid=6a7c5489e64549b7872e23eb5fbcff4f&url=https%3a%2f%2fthesiliconreview.com%2f2026%2f08%2fwalgreens-closing-stores-2026-list-shuttered-locations&c=8951348738481696331&mkt=en-us,www.bing.com,bing_rss,2026-08-03T17:00:00+00:00,2026-08-12T11:10:01+00:00,0.90,Walgreens Is Closing Stores: Updated List of Shuttered Locations for 2026 as Pharmacy Giant Scales Back Downsizing Walgreens is closing fewer than 100 stores in 2026 as part of a multiyear downsizing effort after scaling back earlier plans.,Walgreens pharmacy closed location
9160fe0fac876ac0a3,Walgreens,,,,,,Walgreens pharmacy closures: Updated list of locations closing in 2026,http://www.bing.com/news/apiclick.aspx?ref=FexRss&aid=&tid=6a7c5489e64549b7872e23eb5fbcff4f&url=https%3a%2f%2fen.as.com%2flatest_news%2fwalgreens-pharmacy-closures-updated-list-of-locations-closing-in-2026-f202608-n%2f&c=14706572603353450840&mkt=en-us,www.bing.com,bing_rss,2026-08-04T06:23:00+00:00,2026-08-12T11:10:01+00:00,0.90,Walgreens pharmacy closures: Updated list of locations closing in 2026 Walgreens has downsized its ambitious restructuring plan dropping the number of expected store closures to less than 100 in 2026.,Walgreens pharmacy closed location
8de3b9322e9a18e27e,Walgreens,,,,,,Walgreens 2026 store locations closing: List of shuttered stores,http://www.bing.com/news/apiclick.aspx?ref=FexRss&aid=&tid=6a7c5489e64549b7872e23eb5fbcff4f&url=https%3a%2f%2fwww.msn.com%2fen-us%2fmoney%2fgeneral%2fwalgreens-2026-store-locations-closing-list-of-shuttered-stores%2far-AA29ngOZ&c=8743013196362473095&mkt=en-us,www.bing.com,bing_rss,2026-08-04T05:42:28+00:00,2026-08-12T11:10:01+00:00,0.25,Walgreens 2026 store locations closing: List of shuttered stores The pharmacy chain is still closing locations across the U.S.,Walgreens pharmacy closed location
f230ed45b271b6af0c,Walgreens,,,,,,Walgreens closes stores across a dozen states including NY and New Jersey,http://www.bing.com/news/apiclick.aspx?ref=FexRss&aid=&tid=6a7c5489e64549b7872e23eb5fbcff4f&url=https%3a%2f%2fwww.msn.com%2fen-us%2fmoney%2fcompanies%2fwalgreens-closes-stores-across-a-dozen-states-including-ny-and-new-jersey%2far-AA29ntpB&c=8151832068443885191&mkt=en-us,www.bing.com,bing_rss,2026-08-04T07:59:00+00:00,2026-08-12T11:10:01+00:00,0.37,"Walgreens closes stores across a dozen states including NY and New Jersey Walgreens has shuttered stores across at least a dozen states, including New York and New Jersey, as part of a multiyear plan to cut costs and close underperforming locations.",Walgreens pharmacy closed location
209e3a2dba4c0cee95,Walgreens,,,,,,When Bergen Walgreens will close; what happens if it's your pharmacy,http://www.bing.com/news/apiclick.aspx?ref=FexRss&aid=&tid=6a7c5489e64549b7872e23eb5fbcff4f&url=https%3a%2f%2fwww.msn.com%2fen-us%2fmoney%2fgeneral%2fwhen-bergen-walgreens-will-close-what-happens-if-it-s-your-pharmacy%2far-AA29sX2H&c=1720151783962762933&mkt=en-us,www.bing.com,bing_rss,2026-08-05T08:55:51+00:00,2026-08-12T11:10:01+00:00,0.37,When Bergen Walgreens will close; what happens if it's your pharmacy Two Walgreens locations in North Jersey will soon close.,Walgreens pharmacy closed location
00ab21cb9169c31dc4,Walgreens,,,,,,Walgreens closes more stores across the U.S. in 2026,http://www.bing.com/news/apiclick.aspx?ref=FexRss&aid=&tid=6a7c5489e64549b7872e23eb5fbcff4f&url=https%3a%2f%2fwww.msn.com%2fen-us%2fmoney%2feconomy%2fwalgreens-closes-more-stores-across-the-us-in-2026%2far-AA29Qr69&c=7037009681074754980&mkt=en-us,www.bing.com,bing_rss,2026-08-11T04:17:00+00:00,2026-08-12T11:10:01+00:00,0.72,Walgreens closes more stores across the U.S.,Walgreens pharmacy closed location
e304412d8dbc882806,Walgreens,,,,,,Walgreens is shuttering several locations. Any in Massachusetts?,http://www.bing.com/news/apiclick.aspx?ref=FexRss&aid=&tid=6a7c5489e64549b7872e23eb5fbcff4f&url=https%3a%2f%2fwww.cincinnati.com%2fstory%2fbusiness%2f2026%2f08%2f04%2fany-walgreens-closures-in-massachusetts-this-year-where-stores-are-shuttering-in-2026-pharmacy%2f91162176007%2f&c=15394913639605804978&mkt=en-us,www.bing.com,bing_rss,2026-08-04T13:35:00+00:00,2026-08-12T11:10:01+00:00,0.90,Walgreens is shuttering several locations.,Walgreens pharmacy closed location
ec05500531265e05cf,Walgreens,,,,,,Walgreens Is Closing Stores: Updated List of Shuttered Locations for 2026,http://www.bing.com/news/apiclick.aspx?ref=FexRss&aid=&tid=6a7c5489e64549b7872e23eb5fbcff4f&url=https%3a%2f%2fwww.msn.com%2fen-us%2fmoney%2fgeneral%2fwalgreens-is-closing-stores-updated-list-of-shuttered-locations-for-2026%2far-AA29oi9V&c=13391483862513429637&mkt=en-us,www.bing.com,bing_rss,2026-08-03T05:00:00+00:00,2026-08-12T11:10:01+00:00,0.60,Walgreens Is Closing Stores: Updated List of Shuttered Locations for 2026 The cuts are part of a multiyear downsizing effort that has already reshaped the pharmacy chain’s footprint nationwide.,Walgreens pharmacy closed location
82b2486bcb1e1ffa03,Walgreens,,,,,,Supermarket giants across US to close dozens of underperforming stores,https://nypost.com/2026/08/12/lifestyle/supermarket-giants-across-us-to-close-dozens-of-underperforming-stores/,nypost.com,gdelt,20260812T161500Z,2026-08-13T11:10:33+00:00,0.90,Supermarket giants across US to close dozens of underperforming stores https://nypost.com/wp-content/uploads/sites/2/2026/08/137176877.jpg?quality=75&strip=all Switch between CA and NY editions here.,Walgreens store closure location
58a040ef05c1893d30,Walgreens,,,,,,Walgreens 2026 store locations closing: List of shuttered stores,http://www.bing.com/news/apiclick.aspx?ref=FexRss&aid=&tid=6a7da60fdba2403b864b6b57d5dd949d&url=https%3a%2f%2fwww.msn.com%2fen-us%2fmoney%2fgeneral%2fwalgreens-2026-store-locations-closing-list-of-shuttered-stores%2far-AA29ngOZ&c=8743013196362473095&mkt=en-us,www.bing.com,bing_rss,2026-08-04T05:42:28+00:00,2026-08-13T11:10:33+00:00,0.25,Walgreens 2026 store locations closing: List of shuttered stores The pharmacy chain is still closing locations across the U.S.,Walgreens store closure location
ec2f9c987adb0647d6,Walgreens,,,,,,Why are More Walgreens Locations Closing? Full List of Locations to Close,http://www.bing.com/news/apiclick.aspx?ref=FexRss&aid=&tid=6a7da60fdba2403b864b6b57d5dd949d&url=https%3a%2f%2fwww.msn.com%2fen-us%2fmoney%2fcompanies%2fwhy-are-more-walgreens-locations-closing-full-list-of-locations-to-close%2far-AA29oHF1&c=9710096064838310450&mkt=en-us,www.bing.com,bing_rss,2026-08-04T09:22:47+00:00,2026-08-13T11:10:33+00:00,0.37,Full List of Locations to Close The pharmacy giant has been working to streamline operations and focus on more profitable locations.,Walgreens store closure location
8b6ceb9e6485f18893,Walgreens,,,,,,Walgreens continues store closures nationwide as part of its turnaround plan,http://www.bing.com/news/apiclick.aspx?ref=FexRss&aid=&tid=6a7da60fdba2403b864b6b57d5dd949d&url=https%3a%2f%2fwww.msn.com%2fen-us%2fmoney%2fcompanies%2fwalgreens-continues-store-closures-nationwide-as-part-of-its-turnaround-plan%2far-AA29tRgS&c=717242906321472140&mkt=en-us,www.bing.com,bing_rss,2026-08-05T16:29:47+00:00,2026-08-13T11:10:33+00:00,0.37,Walgreens continues store closures nationwide as part of its turnaround plan Walgreens is reportedly closing locations across the U.S.,Walgreens store closure location
f2ea12cd67aa0f0b9a,Walgreens,,,,,,Walgreens closing more stores. See the new list,http://www.bing.com/news/apiclick.aspx?ref=FexRss&aid=&tid=6a7da60fdba2403b864b6b57d5dd949d&url=https%3a%2f%2fwww.msn.com%2fen-us%2fmoney%2fother%2fwalgreens-closing-more-stores-see-the-new-list%2far-AA29pD4A&c=12447178516328929985&mkt=en-us,www.bing.com,bing_rss,2026-08-04T16:49:12+00:00,2026-08-13T11:10:33+00:00,0.37,"See the new list Walgreens, which was acquired by private equity firm Sycamore Partners in August 2025, continues to close stores across the U.S.",Walgreens store closure location
22d81655622768425a,Walgreens,,,,,,Walgreens Is Closing Stores: Updated List of Shuttered Locations for 2026 as Pharmacy Giant Scales Back Downsizing,http://www.bing.com/news/apiclick.aspx?ref=FexRss&aid=&tid=6a7da60fdba2403b864b6b57d5dd949d&url=https%3a%2f%2fthesiliconreview.com%2f2026%2f08%2fwalgreens-closing-stores-2026-list-shuttered-locations&c=8951348738481696331&mkt=en-us,www.bing.com,bing_rss,2026-08-03T17:00:00+00:00,2026-08-13T11:10:33+00:00,0.90,Walgreens Is Closing Stores: Updated List of Shuttered Locations for 2026 as Pharmacy Giant Scales Back Downsizing Walgreens is closing fewer than 100 stores in 2026 as part of a multiyear downsizing effort after scaling back earlier plans.,Walgreens store closure location
e58bd7bdff692ce935,Walgreens,,,,,,Walgreens is closing stores. How many in Illinois have closed?,http://www.bing.com/news/apiclick.aspx?ref=FexRss&aid=&tid=6a7da60fdba2403b864b6b57d5dd949d&url=https%3a%2f%2fwww.msn.com%2fen-us%2fmoney%2fcompanies%2fwalgreens-is-closing-stores-how-many-in-illinois-have-closed%2far-AA29sqz6&c=2999197334319635947&mkt=en-us,www.bing.com,bing_rss,2026-08-05T10:35:00+00:00,2026-08-13T11:10:33+00:00,0.49,How many in Illinois have closed?,Walgreens store closure location
dbc1c968a9d39ba190,Walgreens,,,,,,Walgreens to close 100 US stores. Are any Arizona locations affected?,http://www.bing.com/news/apiclick.aspx?ref=FexRss&aid=&tid=6a7da60fdba2403b864b6b57d5dd949d&url=https%3a%2f%2fwww.msn.com%2fen-us%2fmoney%2fcompanies%2fwalgreens-to-close-100-us-stores-are-any-arizona-locations-affected%2far-AA29ob6S&c=11994384478904488859&mkt=en-us,www.bing.com,bing_rss,2026-08-06T08:51:26+00:00,2026-08-13T11:10:33+00:00,0.37,Walgreens to close 100 US stores.,Walgreens store closure location
b7bba3d56383d37efb,Walgreens,,,,,,Walgreens closing stores: Which NJ locations are affected?,http://www.bing.com/news/apiclick.aspx?ref=FexRss&aid=&tid=6a7da60fdba2403b864b6b57d5dd949d&url=https%3a%2f%2fwww.dispatch.com%2fstory%2fnews%2f2026%2f08%2f04%2fwalgreens-2026-store-closures-nj-locations%2f91161889007%2f&c=16646270581499612550&mkt=en-us,www.bing.com,bing_rss,2026-08-04T05:50:00+00:00,2026-08-13T11:10:33+00:00,0.84,The pharmacy chain has confirmed additional New Jersey locations will permanently close in the coming weeks as Walgreens continues a broader restructuring plan that could ultimately eliminate thousands of stores nationwide.,Walgreens store closure location
96143848b780a69c70,Walgreens,,,,,,Walgreens Is Closing Stores: Updated List of Shuttered Locations for 2026,http://www.bing.com/news/apiclick.aspx?ref=FexRss&aid=&tid=6a7da60fdba2403b864b6b57d5dd949d&url=https%3a%2f%2fwww.msn.com%2fen-us%2fmoney%2fgeneral%2fwalgreens-is-closing-stores-updated-list-of-shuttered-locations-for-2026%2far-AA29oi9V&c=13391483862513429637&mkt=en-us,www.bing.com,bing_rss,2026-08-03T05:00:00+00:00,2026-08-13T11:10:33+00:00,0.60,Walgreens Is Closing Stores: Updated List of Shuttered Locations for 2026 The cuts are part of a multiyear downsizing effort that has already reshaped the pharmacy chain’s footprint nationwide.,Walgreens store closure location
b19d5dbe8b7ec4f4de,Walgreens,,,,,,Walgreens is closing stores. How many in Missouri have closed?,http://www.bing.com/news/apiclick.aspx?ref=FexRss&aid=&tid=6a7da60fdba2403b864b6b57d5dd949d&url=https%3a%2f%2fwww.usatoday.com%2fstory%2fnews%2fstate%2fmissouri%2fst-louis%2f2026%2f08%2f04%2fwalgreens-2026-store-locations-closing%2f91163090007%2f&c=17386051533054581905&mkt=en-us,www.bing.com,bing_rss,2026-08-04T10:09:00+00:00,2026-08-13T11:10:33+00:00,0.90,How many in Missouri have closed?,Walgreens store closure location
a9161edf1ea500b8b6,Walgreens,,,,,,Walgreens closing more stores. See the new list,http://www.bing.com/news/apiclick.aspx?ref=FexRss&aid=&tid=6a7da61cea6445a999a194a1eb7d7307&url=https%3a%2f%2fwww.msn.com%2fen-us%2fmoney%2fcompanies%2fwalgreens-closing-more-stores-see-the-new-list%2far-AA29pD4A&c=15444204467418407121&mkt=en-us,www.bing.com,bing_rss,2026-08-05T05:21:07+00:00,2026-08-13T11:10:33+00:00,0.37,"See the new list Walgreens, which was acquired by private equity firm Sycamore Partners in August 2025, continues to close stores across the U.S.",Walgreens closing stores
e8a09cdda3741b029d,Walgreens,,,,,,Walgreens 2026 store locations closing: List of shuttered stores,http://www.bing.com/news/apiclick.aspx?ref=FexRss&aid=&tid=6a7da61cea6445a999a194a1eb7d7307&url=https%3a%2f%2fwww.msn.com%2fen-us%2fmoney%2fgeneral%2fwalgreens-2026-store-locations-closing-list-of-shuttered-stores%2far-AA29ngOZ&c=8743013196362473095&mkt=en-us,www.bing.com,bing_rss,2026-08-04T05:42:28+00:00,2026-08-13T11:10:33+00:00,0.25,Walgreens 2026 store locations closing: List of shuttered stores The pharmacy chain is still closing locations across the U.S.,Walgreens closing stores
5460fcb41ffc8509ff,Walgreens,,,,,,Why are More Walgreens Locations Closing? Full List of Locations to Close,http://www.bing.com/news/apiclick.aspx?ref=FexRss&aid=&tid=6a7da61cea6445a999a194a1eb7d7307&url=https%3a%2f%2fwww.msn.com%2fen-us%2fmoney%2fcompanies%2fwhy-are-more-walgreens-locations-closing-full-list-of-locations-to-close%2far-AA29oHF1&c=9710096064838310450&mkt=en-us,www.bing.com,bing_rss,2026-08-04T09:22:47+00:00,2026-08-13T11:10:33+00:00,0.37,Full List of Locations to Close The pharmacy giant has been working to streamline operations and focus on more profitable locations.,Walgreens closing stores
72232767aa9b7dbd2e,Walgreens,,,,,,Walgreens continues store closures nationwide as part of its turnaround plan,http://www.bing.com/news/apiclick.aspx?ref=FexRss&aid=&tid=6a7da61cea6445a999a194a1eb7d7307&url=https%3a%2f%2fwww.msn.com%2fen-us%2fmoney%2fcompanies%2fwalgreens-continues-store-closures-nationwide-as-part-of-its-turnaround-plan%2far-AA29tRgS&c=717242906321472140&mkt=en-us,www.bing.com,bing_rss,2026-08-05T16:29:47+00:00,2026-08-13T11:10:33+00:00,0.37,Walgreens continues store closures nationwide as part of its turnaround plan Walgreens is reportedly closing locations across the U.S.,Walgreens closing stores
2395246b0ef10b72b4,Walgreens,,,,,,Walgreens closing stores: Which NJ locations are affected?,http://www.bing.com/news/apiclick.aspx?ref=FexRss&aid=&tid=6a7da61cea6445a999a194a1eb7d7307&url=https%3a%2f%2fwww.dispatch.com%2fstory%2fnews%2f2026%2f08%2f04%2fwalgreens-2026-store-closures-nj-locations%2f91161889007%2f&c=16646270581499612550&mkt=en-us,www.bing.com,bing_rss,2026-08-04T05:50:00+00:00,2026-08-13T11:10:33+00:00,0.84,The pharmacy chain has confirmed additional New Jersey locations will permanently close in the coming weeks as Walgreens continues a broader restructuring plan that could ultimately eliminate thousands of stores nationwide.,Walgreens closing stores
6182593bd8c000144d,Walgreens,,,,,,Walgreens is closing stores. How many in Illinois have closed?,http://www.bing.com/news/apiclick.aspx?ref=FexRss&aid=&tid=6a7da61cea6445a999a194a1eb7d7307&url=https%3a%2f%2fwww.msn.com%2fen-us%2fmoney%2fcompanies%2fwalgreens-is-closing-stores-how-many-in-illinois-have-closed%2far-AA29sqz6&c=2999197334319635947&mkt=en-us,www.bing.com,bing_rss,2026-08-05T10:35:00+00:00,2026-08-13T11:10:33+00:00,0.49,How many in Illinois have closed?,Walgreens closing stores
f765c79da21d655d29,Walgreens,,,,,,Walgreens closes stores across a dozen states including NY and New Jersey,http://www.bing.com/news/apiclick.aspx?ref=FexRss&aid=&tid=6a7da61cea6445a999a194a1eb7d7307&url=https%3a%2f%2fwww.msn.com%2fen-us%2fmoney%2fcompanies%2fwalgreens-closes-stores-across-a-dozen-states-including-ny-and-new-jersey%2far-AA29ntpB&c=8151832068443885191&mkt=en-us,www.bing.com,bing_rss,2026-08-04T07:59:00+00:00,2026-08-13T11:10:33+00:00,0.37,"Walgreens closes stores across a dozen states including NY and New Jersey Walgreens has shuttered stores across at least a dozen states, including New York and New Jersey, as part of a multiyear plan to cut costs and close underperforming locations.",Walgreens closing stores
a540323947ea9602b4,Walgreens,,,,,,"Walgreens closing stores: Which DC, MD and VA locations are affected?",http://www.bing.com/news/apiclick.aspx?ref=FexRss&aid=&tid=6a7da61cea6445a999a194a1eb7d7307&url=https%3a%2f%2fwww.msn.com%2fen-us%2fmoney%2fcompanies%2fwalgreens-closing-stores-which-dc-md-and-va-locations-are-affected%2far-AA29o8x1&c=4879526525111101888&mkt=en-us,www.bing.com,bing_rss,2026-08-04T09:44:00+00:00,2026-08-13T11:10:33+00:00,0.25,"Walgreens closing stores: Which DC, MD and VA locations are affected? Walgreens is closing stores in 2026. Here's which Washington DC, Maryland and Virginia locations are affected and what customers need to know.",Walgreens closing stores
67cf319029c51424e5,Walgreens,,,,,,Walgreens closing stores in the tri-state: see where,http://www.bing.com/news/apiclick.aspx?ref=FexRss&aid=&tid=6a7da61cea6445a999a194a1eb7d7307&url=https%3a%2f%2fwww.yahoo.com%2fnews%2fus%2farticles%2fwalgreens-closing-stores-tri-state-134051944.html&c=17639863098692257854&mkt=en-us,www.bing.com,bing_rss,2026-08-04T06:40:00+00:00,2026-08-13T11:10:33+00:00,0.90,"Walgreens is expected to close two stores in New Jersey, the first in Bogota on ...",Walgreens closing stores
2af5fc8e70aad4125c,Walgreens,,,,,,When Bergen Walgreens will close; what happens if it's your pharmacy,http://www.bing.com/news/apiclick.aspx?ref=FexRss&aid=&tid=6a7da61cea6445a999a194a1eb7d7307&url=https%3a%2f%2fwww.msn.com%2fen-us%2fmoney%2fgeneral%2fwhen-bergen-walgreens-will-close-what-happens-if-it-s-your-pharmacy%2far-AA29sX2H&c=1720151783962762933&mkt=en-us,www.bing.com,bing_rss,2026-08-05T08:55:51+00:00,2026-08-13T11:10:33+00:00,0.37,When Bergen Walgreens will close; what happens if it's your pharmacy Two Walgreens locations in North Jersey will soon close.,Walgreens closing stores
683bceb9cbfc48c3fc,Walgreens,,,,,,Walgreens closing 2 more NJ stores,http://www.bing.com/news/apiclick.aspx?ref=FexRss&aid=&tid=6a7da61cea6445a999a194a1eb7d7307&url=https%3a%2f%2fnjbiz.com%2fwalgreens-closing-2-more-nj-stores%2f&c=17393995025677590765&mkt=en-us,www.bing.com,bing_rss,2026-08-03T10:49:00+00:00,2026-08-13T11:10:33+00:00,0.90,Walgreens closing 2 more NJ stores Two more Walgreens stores in New Jersey will permanently close as part of the retail pharmacy chain’s ongoing efforts to reset its business.,Walgreens closing stores
9d7d45147d81439774,Walgreens,,,,,,Walgreens Is Closing Stores: Updated List of Shuttered Locations for 2026,http://www.bing.com/news/apiclick.aspx?ref=FexRss&aid=&tid=6a7da61cea6445a999a194a1eb7d7307&url=https%3a%2f%2fwww.msn.com%2fen-us%2fmoney%2fgeneral%2fwalgreens-is-closing-stores-updated-list-of-shuttered-locations-for-2026%2far-AA29oi9V&c=13391483862513429637&mkt=en-us,www.bing.com,bing_rss,2026-08-03T05:00:00+00:00,2026-08-13T11:10:33+00:00,0.60,Walgreens Is Closing Stores: Updated List of Shuttered Locations for 2026 The cuts are part of a multiyear downsizing effort that has already reshaped the pharmacy chain’s footprint nationwide.,Walgreens closing stores
abea870aa4c7553d5c,Walgreens,,,,,,Walgreens 2026 store locations closing: List of shuttered stores,http://www.bing.com/news/apiclick.aspx?ref=FexRss&aid=&tid=6a7ef7028fa148e29493066feb4bf6b7&url=https%3a%2f%2fwww.msn.com%2fen-us%2fmoney%2fgeneral%2fwalgreens-2026-store-locations-closing-list-of-shuttered-stores%2far-AA29ngOZ&c=8743013196362473095&mkt=en-us,www.bing.com,bing_rss,2026-08-04T05:42:28+00:00,2026-08-14T11:08:10+00:00,0.25,Walgreens 2026 store locations closing: List of shuttered stores The pharmacy chain is still closing locations across the U.S.,Walgreens store closure location
a2d8b3f787633d1161,Walgreens,,,,,,Why are More Walgreens Locations Closing? Full List of Locations to Close,http://www.bing.com/news/apiclick.aspx?ref=FexRss&aid=&tid=6a7ef7028fa148e29493066feb4bf6b7&url=https%3a%2f%2fwww.msn.com%2fen-us%2fmoney%2fcompanies%2fwhy-are-more-walgreens-locations-closing-full-list-of-locations-to-close%2far-AA29oHF1&c=9710096064838310450&mkt=en-us,www.bing.com,bing_rss,2026-08-04T09:22:47+00:00,2026-08-14T11:08:10+00:00,0.37,Full List of Locations to Close The pharmacy giant has been working to streamline operations and focus on more profitable locations.,Walgreens store closure location
dbf1ca808181b4bf3c,Walgreens,"Washington, DC",Washington,DC,,,"Walgreens closing stores: Which DC, MD and VA locations are affected?",http://www.bing.com/news/apiclick.aspx?ref=FexRss&aid=&tid=6a7ef7028fa148e29493066feb4bf6b7&url=https%3a%2f%2fninerswire.usatoday.com%2fstory%2fnews%2f2026%2f08%2f04%2fwalgreens-2026-store-locations-closing-md-dc-va%2f91163752007%2f&c=10569259814024053049&mkt=en-us,www.bing.com,bing_rss,2026-08-04T09:44:00+00:00,2026-08-14T11:08:10+00:00,1.00,"While Walgreens has not released a complete list of store closings, reports indicate at least 15 stores have either already closed or are scheduled to close across at least a dozen states.",Walgreens store closure location
91c140c8841a0fbd20,Walgreens,,,,,,Walgreens closing more stores. See the new list,http://www.bing.com/news/apiclick.aspx?ref=FexRss&aid=&tid=6a7ef7028fa148e29493066feb4bf6b7&url=https%3a%2f%2fwww.msn.com%2fen-us%2fmoney%2fother%2fwalgreens-closing-more-stores-see-the-new-list%2far-AA29pD4A&c=12447178516328929985&mkt=en-us,www.bing.com,bing_rss,2026-08-04T16:49:12+00:00,2026-08-14T11:08:10+00:00,0.37,"See the new list Walgreens, which was acquired by private equity firm Sycamore Partners in August 2025, continues to close stores across the U.S.",Walgreens store closure location
45da9953747d86dd37,Walgreens,,,,,,Walgreens continues store closures nationwide as part of its turnaround plan,http://www.bing.com/news/apiclick.aspx?ref=FexRss&aid=&tid=6a7ef7028fa148e29493066feb4bf6b7&url=https%3a%2f%2fwww.msn.com%2fen-us%2fmoney%2fcompanies%2fwalgreens-continues-store-closures-nationwide-as-part-of-its-turnaround-plan%2far-AA29tRgS&c=717242906321472140&mkt=en-us,www.bing.com,bing_rss,2026-08-05T16:29:47+00:00,2026-08-14T11:08:10+00:00,0.37,Walgreens continues store closures nationwide as part of its turnaround plan Walgreens is reportedly closing locations across the U.S.,Walgreens store closure location
44abad72eb54558e77,Walgreens,,,,,,Walgreens closing stores: Which NJ locations are affected?,http://www.bing.com/news/apiclick.aspx?ref=FexRss&aid=&tid=6a7ef7028fa148e29493066feb4bf6b7&url=https%3a%2f%2fwww.dispatch.com%2fstory%2fnews%2f2026%2f08%2f04%2fwalgreens-2026-store-closures-nj-locations%2f91161889007%2f&c=16646270581499612550&mkt=en-us,www.bing.com,bing_rss,2026-08-04T05:50:00+00:00,2026-08-14T11:08:10+00:00,0.84,The pharmacy chain has confirmed additional New Jersey locations will permanently close in the coming weeks as Walgreens continues a broader restructuring plan that could ultimately eliminate thousands of stores nationwide.,Walgreens store closure location
d7f1cef0632c2eacd7,Walgreens,,,,,,Major drug store chain continues to close stores: See which locations are on the list,http://www.bing.com/news/apiclick.aspx?ref=FexRss&aid=&tid=6a7ef7028fa148e29493066feb4bf6b7&url=https%3a%2f%2fwww.masslive.com%2fbusiness%2f2026%2f08%2fmajor-drug-store-chain-continues-to-close-stores-see-which-locations-are-on-the-list.html&c=3583383886386767873&mkt=en-us,www.bing.com,bing_rss,2026-08-05T05:28:00+00:00,2026-08-14T11:08:10+00:00,0.84,"Major drug store chain continues to close stores: See which locations are on the list The company, which owns 8,500 locations nationwide, began closures in 2025, according to an article by Inc.",Walgreens store closure location
ac285210a9584fb0f6,Walgreens,,,,,,Walgreens is closing stores. How many in Missouri have closed?,http://www.bing.com/news/apiclick.aspx?ref=FexRss&aid=&tid=6a7ef7028fa148e29493066feb4bf6b7&url=https%3a%2f%2fwww.usatoday.com%2fstory%2fnews%2fstate%2fmissouri%2fst-louis%2f2026%2f08%2f04%2fwalgreens-2026-store-locations-closing%2f91163090007%2f&c=17386051533054581905&mkt=en-us,www.bing.com,bing_rss,2026-08-04T10:09:00+00:00,2026-08-14T11:08:10+00:00,0.90,How many in Missouri have closed?,Walgreens store closure location
7a88195543cdde43e3,Walgreens,,,,,,Walgreens Is Closing Stores: Updated List of Shuttered Locations for 2026,http://www.bing.com/news/apiclick.aspx?ref=FexRss&aid=&tid=6a7ef7028fa148e29493066feb4bf6b7&url=https%3a%2f%2fwww.msn.com%2fen-us%2fmoney%2fgeneral%2fwalgreens-is-closing-stores-updated-list-of-shuttered-locations-for-2026%2far-AA29oi9V&c=13391483862513429637&mkt=en-us,www.bing.com,bing_rss,2026-08-03T05:00:00+00:00,2026-08-14T11:08:10+00:00,0.60,Walgreens Is Closing Stores: Updated List of Shuttered Locations for 2026 The cuts are part of a multiyear downsizing effort that has already reshaped the pharmacy chain’s footprint nationwide.,Walgreens store closure location
368c8d84ab9a06bba8,Walgreens,,,,,,Walgreens closing more stores. See the new list,http://www.bing.com/news/apiclick.aspx?ref=FexRss&aid=&tid=6a7ef70dc4fd49d48f7ea40ea9059ea6&url=https%3a%2f%2fwww.msn.com%2fen-us%2fmoney%2fcompanies%2fwalgreens-closing-more-stores-see-the-new-list%2far-AA29pD4A&c=15444204467418407121&mkt=en-us,www.bing.com,bing_rss,2026-08-05T05:21:07+00:00,2026-08-14T11:08:10+00:00,0.37,"See the new list Walgreens, which was acquired by private equity firm Sycamore Partners in August 2025, continues to close stores across the U.S.",Walgreens closing stores
28ca637e34898a2580,Walgreens,,,,,,Walgreens 2026 store locations closing: List of shuttered stores,http://www.bing.com/news/apiclick.aspx?ref=FexRss&aid=&tid=6a7ef70dc4fd49d48f7ea40ea9059ea6&url=https%3a%2f%2fwww.msn.com%2fen-us%2fmoney%2fgeneral%2fwalgreens-2026-store-locations-closing-list-of-shuttered-stores%2far-AA29ngOZ&c=8743013196362473095&mkt=en-us,www.bing.com,bing_rss,2026-08-04T05:42:28+00:00,2026-08-14T11:08:10+00:00,0.25,Walgreens 2026 store locations closing: List of shuttered stores The pharmacy chain is still closing locations across the U.S.,Walgreens closing stores
3ec0c1fa8a30a92a10,Walgreens,,,,,,Why are More Walgreens Locations Closing? Full List of Locations to Close,http://www.bing.com/news/apiclick.aspx?ref=FexRss&aid=&tid=6a7ef70dc4fd49d48f7ea40ea9059ea6&url=https%3a%2f%2fwww.msn.com%2fen-us%2fmoney%2fcompanies%2fwhy-are-more-walgreens-locations-closing-full-list-of-locations-to-close%2far-AA29oHF1&c=9710096064838310450&mkt=en-us,www.bing.com,bing_rss,2026-08-04T09:22:47+00:00,2026-08-14T11:08:10+00:00,0.37,Full List of Locations to Close The pharmacy giant has been working to streamline operations and focus on more profitable locations.,Walgreens closing stores
c426d7b9d662783d82,Walgreens,,,,,,Walgreens closes stores across a dozen states including NY and New Jersey,http://www.bing.com/news/apiclick.aspx?ref=FexRss&aid=&tid=6a7ef70dc4fd49d48f7ea40ea9059ea6&url=https%3a%2f%2fwww.msn.com%2fen-us%2fmoney%2fcompanies%2fwalgreens-closes-stores-across-a-dozen-states-including-ny-and-new-jersey%2far-AA29ntpB&c=8151832068443885191&mkt=en-us,www.bing.com,bing_rss,2026-08-04T07:59:00+00:00,2026-08-14T11:08:10+00:00,0.37,"Walgreens closes stores across a dozen states including NY and New Jersey Walgreens has shuttered stores across at least a dozen states, including New York and New Jersey, as part of a multiyear plan to cut costs and close underperforming locations.",Walgreens closing stores
c7117b48784b1f19c6,Walgreens,,,,,,Walgreens closing stores: Which NJ locations are affected?,http://www.bing.com/news/apiclick.aspx?ref=FexRss&aid=&tid=6a7ef70dc4fd49d48f7ea40ea9059ea6&url=https%3a%2f%2fwww.dispatch.com%2fstory%2fnews%2f2026%2f08%2f04%2fwalgreens-2026-store-closures-nj-locations%2f91161889007%2f&c=16646270581499612550&mkt=en-us,www.bing.com,bing_rss,2026-08-04T05:50:00+00:00,2026-08-14T11:08:10+00:00,0.84,The pharmacy chain has confirmed additional New Jersey locations will permanently close in the coming weeks as Walgreens continues a broader restructuring plan that could ultimately eliminate thousands of stores nationwide.,Walgreens closing stores
d6bfa69ced80221485,Walgreens,,,,,,"Walgreens Closing Dozens Of Pharmacies In 2026: Here's Where, Why",http://www.bing.com/news/apiclick.aspx?ref=FexRss&aid=&tid=6a7ef70dc4fd49d48f7ea40ea9059ea6&url=https%3a%2f%2fdailyvoice.com%2farticle%2fwalgreens-closing-dozens-of-pharmacies-in-2026-heres-where-why%2f&c=12485156596782607488&mkt=en-us,www.bing.com,bing_rss,2026-08-05T03:50:00+00:00,2026-08-14T11:08:10+00:00,0.37,"Walgreens Closing Dozens Of Pharmacies In 2026: Here's Where, Why Walgreens is planning to close dozens of stores in 2026 as the pharmacy chain reshapes its nationwide footprint, according to reports.The company now expects to shutter fewer than 100 locations ",Walgreens closing stores
2b1e8eb7cc99df1859,Walgreens,,,,,,Walgreens to close more US stores. Are any Arizona locations affected?,http://www.bing.com/news/apiclick.aspx?ref=FexRss&aid=&tid=6a7ef70dc4fd49d48f7ea40ea9059ea6&url=https%3a%2f%2fwww.msn.com%2fen-us%2fhealth%2fnutrition%2fwalgreens-to-close-more-us-stores-are-any-arizona-locations-affected%2far-AA29ob6S&c=996016866725129309&mkt=en-us,www.bing.com,bing_rss,2026-08-04T09:13:14+00:00,2026-08-14T11:08:10+00:00,0.37,Walgreens to close more US stores.,Walgreens closing stores
069f5e7d67f23c44fc,Walgreens,,,,,,When Bergen Walgreens will close; what happens if it's your pharmacy,http://www.bing.com/news/apiclick.aspx?ref=FexRss&aid=&tid=6a7ef70dc4fd49d48f7ea40ea9059ea6&url=https%3a%2f%2fwww.msn.com%2fen-us%2fmoney%2fgeneral%2fwhen-bergen-walgreens-will-close-what-happens-if-it-s-your-pharmacy%2far-AA29sX2H&c=1720151783962762933&mkt=en-us,www.bing.com,bing_rss,2026-08-05T08:55:51+00:00,2026-08-14T11:08:10+00:00,0.37,When Bergen Walgreens will close; what happens if it's your pharmacy Two Walgreens locations in North Jersey will soon close.,Walgreens closing stores
da9d1e97aad1ec9cd1,Walgreens,,,,,,Walgreens closing stores in the tri-state: see where,http://www.bing.com/news/apiclick.aspx?ref=FexRss&aid=&tid=6a7ef70dc4fd49d48f7ea40ea9059ea6&url=https%3a%2f%2fwww.aol.com%2farticles%2fwalgreens-closing-stores-tri-state-134051000.html&c=1334621725318729096&mkt=en-us,www.bing.com,bing_rss,2026-08-04T06:40:00+00:00,2026-08-14T11:08:10+00:00,0.90,"Walgreens is expected to close two stores in New Jersey, the first in Bogota on Aug.",Walgreens closing stores
978f7af83c0b5514fe,Walgreens,,,,,,Walgreens Is Closing Stores: Updated List of Shuttered Locations for 2026,http://www.bing.com/news/apiclick.aspx?ref=FexRss&aid=&tid=6a7ef70dc4fd49d48f7ea40ea9059ea6&url=https%3a%2f%2fwww.msn.com%2fen-us%2fmoney%2fgeneral%2fwalgreens-is-closing-stores-updated-list-of-shuttered-locations-for-2026%2far-AA29oi9V&c=13391483862513429637&mkt=en-us,www.bing.com,bing_rss,2026-08-03T05:00:00+00:00,2026-08-14T11:08:10+00:00,0.60,Walgreens Is Closing Stores: Updated List of Shuttered Locations for 2026 The cuts are part of a multiyear downsizing effort that has already reshaped the pharmacy chain’s footprint nationwide.,Walgreens closing stores
047703654f6d169cd5,Walgreens,,,,,,Why are more Walgreens locations closing? Full list of locations to close,http://www.bing.com/news/apiclick.aspx?ref=FexRss&aid=&tid=6a7ef71aa650427f8529fc7a5546bf01&url=https%3a%2f%2fwww.msn.com%2fen-us%2fmoney%2fgeneral%2fwhy-are-more-walgreens-locations-closing-full-list-of-locations-to-close%2far-AA29oHF1&c=13453232907973909422&mkt=en-us,www.bing.com,bing_rss,2026-08-04T09:22:47+00:00,2026-08-14T11:08:10+00:00,0.37,Full list of locations to close The pharmacy giant has been working to streamline operations and focus on more profitable locations.,Walgreens pharmacy closed location
2787d366858fb71c9e,Walgreens,,,,,,Walgreens 2026 store locations closing: List of shuttered stores,http://www.bing.com/news/apiclick.aspx?ref=FexRss&aid=&tid=6a7ef71aa650427f8529fc7a5546bf01&url=https%3a%2f%2fwww.msn.com%2fen-us%2fmoney%2fgeneral%2fwalgreens-2026-store-locations-closing-list-of-shuttered-stores%2far-AA29ngOZ&c=8743013196362473095&mkt=en-us,www.bing.com,bing_rss,2026-08-04T05:42:28+00:00,2026-08-14T11:08:10+00:00,0.25,Walgreens 2026 store locations closing: List of shuttered stores The pharmacy chain is still closing locations across the U.S.,Walgreens pharmacy closed location
7832ce076ca2bc2c99,Walgreens,,,,,,Walgreens 2026 Store Locations Closing: Full List Of Location Shutting Down Across The US,http://www.bing.com/news/apiclick.aspx?ref=FexRss&aid=&tid=6a7ef71aa650427f8529fc7a5546bf01&url=https%3a%2f%2fwww.timesnownews.com%2fworld%2fus%2fus-buzz%2fwalgreens-2026-store-locations-closing-full-list-of-location-shutting-down-across-the-us-article-155242798&c=1555851639942428928&mkt=en-us,www.bing.com,bing_rss,2026-08-03T15:34:00+00:00,2026-08-14T11:08:10+00:00,0.90,"Walgreens 2026 Store Locations Closing: Full List Of Location Shutting Down Across The US Walgreens is closing fewer than 100 stores in 2026 as part of its ongoing multiyear store optimization strategy, following a reduction in planned closures after the compa",Walgreens pharmacy closed location
fae65f75472938875a,Walgreens,,,,,,Walgreens Is Closing Stores: Updated List of Shuttered Locations for 2026 as Pharmacy Giant Scales Back Downsizing,http://www.bing.com/news/apiclick.aspx?ref=FexRss&aid=&tid=6a7ef71aa650427f8529fc7a5546bf01&url=https%3a%2f%2fthesiliconreview.com%2f2026%2f08%2fwalgreens-closing-stores-2026-list-shuttered-locations&c=8951348738481696331&mkt=en-us,www.bing.com,bing_rss,2026-08-03T17:00:00+00:00,2026-08-14T11:08:10+00:00,0.60,Walgreens Is Closing Stores: Updated List of Shuttered Locations for 2026 as Pharmacy Giant Scales Back Downsizing Walgreens is closing fewer than 100 stores in 2026 as part of a multiyear downsizing effort after scaling back earlier plans.,Walgreens pharmacy closed location
bcb2841558d0d460eb,Walgreens,,,,,,Walgreens to close more stores in 2026 - Check list of pharmacy giant's locations shutting down across the US,http://www.bing.com/news/apiclick.aspx?ref=FexRss&aid=&tid=6a7ef71aa650427f8529fc7a5546bf01&url=https%3a%2f%2fwww.msn.com%2fen-in%2fnews%2fworld%2fwalgreens-to-close-more-stores-in-2026-check-list-of-pharmacy-giants-locations-shutting-down-across-the-us%2far-AA29mq6w&c=4334357505029277442&mkt=en-us,www.bing.com,bing_rss,2026-08-04T02:03:03+00:00,2026-08-14T11:08:10+00:00,0.72,Walgreens to close more stores in 2026 - Check list of pharmacy giant's locations shutting down across the US Walgreens is closing stores across many states as part of its 2026 operational streamlining plan.,Walgreens pharmacy closed location
9d73506ef7b0f2fb98,Walgreens,,,,,,When Bergen Walgreens will close; what happens if it's your pharmacy,http://www.bing.com/news/apiclick.aspx?ref=FexRss&aid=&tid=6a7ef71aa650427f8529fc7a5546bf01&url=https%3a%2f%2fwww.msn.com%2fen-us%2fmoney%2fgeneral%2fwhen-bergen-walgreens-will-close-what-happens-if-it-s-your-pharmacy%2far-AA29sX2H&c=1720151783962762933&mkt=en-us,www.bing.com,bing_rss,2026-08-05T08:55:51+00:00,2026-08-14T11:08:10+00:00,0.37,When Bergen Walgreens will close; what happens if it's your pharmacy Two Walgreens locations in North Jersey will soon close.,Walgreens pharmacy closed location
cdcd38b08e1791b0aa,Walgreens,,,,,,Walgreens is shuttering several locations. Any in Massachusetts?,http://www.bing.com/news/apiclick.aspx?ref=FexRss&aid=&tid=6a7ef71aa650427f8529fc7a5546bf01&url=https%3a%2f%2fwww.cincinnati.com%2fstory%2fbusiness%2f2026%2f08%2f04%2fany-walgreens-closures-in-massachusetts-this-year-where-stores-are-shuttering-in-2026-pharmacy%2f91162176007%2f&c=15394913639605804978&mkt=en-us,www.bing.com,bing_rss,2026-08-04T13:35:00+00:00,2026-08-14T11:08:10+00:00,0.90,Walgreens is shuttering several locations.,Walgreens pharmacy closed location
6f619b2756566ef737,Walgreens,,,,,,Walgreens Is Closing Stores: Updated List of Shuttered Locations for 2026,http://www.bing.com/news/apiclick.aspx?ref=FexRss&aid=&tid=6a7ef71aa650427f8529fc7a5546bf01&url=https%3a%2f%2fwww.msn.com%2fen-us%2fmoney%2fgeneral%2fwalgreens-is-closing-stores-updated-list-of-shuttered-locations-for-2026%2far-AA29oi9V&c=13391483862513429637&mkt=en-us,www.bing.com,bing_rss,2026-08-03T05:00:00+00:00,2026-08-14T11:08:10+00:00,0.60,Walgreens Is Closing Stores: Updated List of Shuttered Locations for 2026 The cuts are part of a multiyear downsizing effort that has already reshaped the pharmacy chain’s footprint nationwide.,Walgreens pharmacy closed location
acde3c6180eb572b27,CVS,,,,,,Hot Takes : DSA Lawmaker Gets Lit Up After Suggesting Criminals Shouldnt Get Arrested for Theft,https://redstate.com/sister-toldjah/2026/08/14/ny-democratic-socialist-lawmaker-n2205617,redstate.com,gdelt,20260814T233000Z,2026-08-15T10:37:03+00:00,0.49,Our nearest pharmacy closed due to unchecked shoplifting.,CVS closing stores
bd8676938936e331d1,CVS,"Burlington, NJ",Burlington,NJ,,,Host of new businesses filling abandoned buildings - Ceres Courier,https://www.cerescourier.com/news/local/host-of-new-businesses-filling-abandoned-buildings/,www.cerescourier.com,gdelt,20260812T183000Z,2026-08-15T10:37:03+00:00,1.00,"Data trackers note over 312 KFC locations have shuttered across the country over a recent 12-month stretch, marking roughly a 7.64 percent reduction in stores.",CVS closing stores
4680df9c7c8ae6230c,Walgreens,,,,,,Why are more Walgreens locations closing? Full list of locations to close,http://www.bing.com/news/apiclick.aspx?ref=FexRss&aid=&tid=6a804135ea9f427480942d24a976a68e&url=https%3a%2f%2fwww.msn.com%2fen-us%2fmoney%2fcompanies%2fwhy-are-more-walgreens-locations-closing-full-list-of-locations-to-close%2far-AA29oHF1&c=9710096064838310450&mkt=en-us,www.bing.com,bing_rss,2026-08-04T09:22:47+00:00,2026-08-15T10:37:03+00:00,0.37,Full list of locations to close The pharmacy giant has been working to streamline operations and focus on more profitable locations.,Walgreens store closure location
be27885fca56bc7e62,Walgreens,,,,,,Walgreens Is Closing Stores: Updated List of Shuttered Locations for 2026,http://www.bing.com/news/apiclick.aspx?ref=FexRss&aid=&tid=6a804135ea9f427480942d24a976a68e&url=https%3a%2f%2fwww.msn.com%2fen-us%2fmoney%2fgeneral%2fwalgreens-is-closing-stores-updated-list-of-shuttered-locations-for-2026%2far-AA29oi9V&c=13391483862513429637&mkt=en-us,www.bing.com,bing_rss,2026-08-03T05:00:00+00:00,2026-08-15T10:37:03+00:00,0.60,Walgreens Is Closing Stores: Updated List of Shuttered Locations for 2026 The cuts are part of a multiyear downsizing effort that has already reshaped the pharmacy chain’s footprint nationwide.,Walgreens store closure location
9a2dcd5c72a326c514,Walgreens,,,,,,Walgreens continues store closures nationwide as part of its turnaround plan,http://www.bing.com/news/apiclick.aspx?ref=FexRss&aid=&tid=6a804135ea9f427480942d24a976a68e&url=https%3a%2f%2fwww.msn.com%2fen-us%2fmoney%2fcompanies%2fwalgreens-continues-store-closures-nationwide-as-part-of-its-turnaround-plan%2far-AA29tRgS&c=717242906321472140&mkt=en-us,www.bing.com,bing_rss,2026-08-05T16:29:47+00:00,2026-08-15T10:37:03+00:00,0.37,Walgreens continues store closures nationwide as part of its turnaround plan Walgreens is reportedly closing locations across the U.S.,Walgreens store closure location
09223137aa50a83fa2,Walgreens,,,,,,Walgreens closing stores: Which NJ locations are affected?,http://www.bing.com/news/apiclick.aspx?ref=FexRss&aid=&tid=6a804135ea9f427480942d24a976a68e&url=https%3a%2f%2fwww.msn.com%2fen-us%2fmoney%2fgeneral%2fwalgreens-closing-stores-which-nj-locations-are-affected%2far-AA29n1pD&c=7744497689652980451&mkt=en-us,www.bing.com,bing_rss,2026-08-04T04:50:05+00:00,2026-08-15T10:37:03+00:00,0.25,Walgreens closing stores: Which NJ locations are affected? Walgreens is closing stores nationwide. Here's which New Jersey locations are closing and what customers should know.,Walgreens store closure location
7487574e35802d1932,Walgreens,,,,,,Major drug store chain continues to close stores: See which locations are on the list,http://www.bing.com/news/apiclick.aspx?ref=FexRss&aid=&tid=6a804135ea9f427480942d24a976a68e&url=https%3a%2f%2fwww.cleveland.com%2fbusiness%2f2026%2f08%2fmajor-drug-store-chain-continues-to-close-stores-see-which-locations-are-on-the-list.html&c=10328433298989401720&mkt=en-us,www.bing.com,bing_rss,2026-08-05T05:28:00+00:00,2026-08-15T10:37:03+00:00,0.84,"Major drug store chain continues to close stores: See which locations are on the list The company, which owns 8,500 locations nationwide, began closures in 2025, according to an article by Inc.",Walgreens store closure location
cb00da8bb09a7d5c76,Walgreens,,,,,,"Walgreens is closing locations in 2026, but not as many as planned, reports say",http://www.bing.com/news/apiclick.aspx?ref=FexRss&aid=&tid=6a804135ea9f427480942d24a976a68e&url=https%3a%2f%2fwww.wabi.tv%2f2026%2f08%2f04%2fwalgreens-is-closing-locations-2026-not-many-planned-reports-say%2f&c=10624401770909461818&mkt=en-us,www.bing.com,bing_rss,2026-08-04T07:25:00+00:00,2026-08-15T10:37:03+00:00,0.90,"According to reports , the company is expected to close fewer than 100 stores across at least a dozen states in 2026 as it continues its multiyear downsizing effort.",Walgreens store closure location
cd68d50bfa5fc7a6de,Walgreens,"Washington, DC",Washington,DC,,,"Walgreens closing stores: Which DC, MD and VA locations are affected?",http://www.bing.com/news/apiclick.aspx?ref=FexRss&aid=&tid=6a804135ea9f427480942d24a976a68e&url=https%3a%2f%2ftheeagleswire.usatoday.com%2fstory%2fnews%2f2026%2f08%2f04%2fwalgreens-2026-store-locations-closing-md-dc-va%2f91163752007%2f&c=11996229857441770680&mkt=en-us,www.bing.com,bing_rss,2026-08-04T09:44:00+00:00,2026-08-15T10:37:03+00:00,1.00,"While Walgreens has not released a complete list of store closings, reports indicate at least 15 stores have either already closed or are scheduled to close across at least a dozen states.",Walgreens store closure location
102d9930a1ba7a307a,Walgreens,,,,,,Walgreens to close 100 US stores. Are any Arizona locations affected?,http://www.bing.com/news/apiclick.aspx?ref=FexRss&aid=&tid=6a804135ea9f427480942d24a976a68e&url=https%3a%2f%2fwww.msn.com%2fen-us%2fmoney%2fgeneral%2fwalgreens-to-close-more-us-stores-are-any-arizona-locations-affected%2far-AA29ob6S&c=13317684199682272220&mkt=en-us,www.bing.com,bing_rss,2026-08-06T08:51:26+00:00,2026-08-15T10:37:03+00:00,0.37,Walgreens to close 100 US stores.,Walgreens store closure location
cb3a1702ed634fc0db,Walgreens,,,,,,Walgreens is closing stores. How many in Missouri have closed?,http://www.bing.com/news/apiclick.aspx?ref=FexRss&aid=&tid=6a804135ea9f427480942d24a976a68e&url=https%3a%2f%2fwww.usatoday.com%2fstory%2fnews%2fstate%2fmissouri%2fst-louis%2f2026%2f08%2f04%2fwalgreens-2026-store-locations-closing%2f91163090007%2f&c=17386051533054581905&mkt=en-us,www.bing.com,bing_rss,2026-08-04T10:09:00+00:00,2026-08-15T10:37:03+00:00,0.90,How many in Missouri have closed?,Walgreens store closure location
6217afd833a9865908,Walgreens,"Chicago, IL",Chicago,IL,,,"Walgreens closes Midtown location, the eighth shuttered in three years",http://www.bing.com/news/apiclick.aspx?ref=FexRss&aid=&tid=6a804135ea9f427480942d24a976a68e&url=https%3a%2f%2fwww.yahoo.com%2fnews%2fus%2farticles%2fwalgreens-closes-midtown-location-eighth-185356270.html&c=4970829250727021006&mkt=en-us,www.bing.com,bing_rss,2026-06-23T11:53:00+00:00,2026-08-15T10:37:03+00:00,1.00,"Walgreens closes Midtown location, the eighth shuttered in three years Add Yahoo as a preferred source to see more of our stories on Google.",Walgreens store closure location
a90f77ba8efc2648e1,Walgreens,,,,,,Why are More Walgreens Locations Closing? Full List of Locations to Close,http://www.bing.com/news/apiclick.aspx?ref=FexRss&aid=&tid=6a804141e67f470b88ab9f4ca17e8df2&url=https%3a%2f%2fwww.msn.com%2fen-us%2fmoney%2fcompanies%2fwhy-are-more-walgreens-locations-closing-full-list-of-locations-to-close%2far-AA29oHF1&c=9710096064838310450&mkt=en-us,www.bing.com,bing_rss,2026-08-04T09:22:47+00:00,2026-08-15T10:37:03+00:00,0.37,Full List of Locations to Close The pharmacy giant has been working to streamline operations and focus on more profitable locations.,Walgreens closing stores
d94aeee1d1b7cf427c,Walgreens,,,,,,Walgreens closing more stores. See the new list,http://www.bing.com/news/apiclick.aspx?ref=FexRss&aid=&tid=6a804141e67f470b88ab9f4ca17e8df2&url=https%3a%2f%2fwww.msn.com%2fen-us%2fmoney%2fgeneral%2fwalgreens-closing-more-stores-see-the-new-list%2far-AA29pD4A&c=2799093491948070223&mkt=en-us,www.bing.com,bing_rss,2026-08-04T16:49:12+00:00,2026-08-15T10:37:03+00:00,0.37,"See the new list Walgreens, which was acquired by private equity firm Sycamore Partners in August 2025, continues to close stores across the U.S.",Walgreens closing stores
e5d16d350b2c02a617,Walgreens,,,,,,Walgreens Is Closing Stores: Updated List of Shuttered Locations for 2026,http://www.bing.com/news/apiclick.aspx?ref=FexRss&aid=&tid=6a804141e67f470b88ab9f4ca17e8df2&url=https%3a%2f%2fwww.msn.com%2fen-us%2fmoney%2fgeneral%2fwalgreens-is-closing-stores-updated-list-of-shuttered-locations-for-2026%2far-AA29oi9V&c=13391483862513429637&mkt=en-us,www.bing.com,bing_rss,2026-08-03T05:00:00+00:00,2026-08-15T10:37:03+00:00,0.60,Walgreens Is Closing Stores: Updated List of Shuttered Locations for 2026 The cuts are part of a multiyear downsizing effort that has already reshaped the pharmacy chain’s footprint nationwide.,Walgreens closing stores
cbce18f9379d704440,Walgreens,,,,,,Walgreens continues store closures nationwide as part of its turnaround plan,http://www.bing.com/news/apiclick.aspx?ref=FexRss&aid=&tid=6a804141e67f470b88ab9f4ca17e8df2&url=https%3a%2f%2fwww.msn.com%2fen-us%2fmoney%2fcompanies%2fwalgreens-continues-store-closures-nationwide-as-part-of-its-turnaround-plan%2far-AA29tRgS&c=717242906321472140&mkt=en-us,www.bing.com,bing_rss,2026-08-05T16:29:47+00:00,2026-08-15T10:37:03+00:00,0.37,Walgreens continues store closures nationwide as part of its turnaround plan Walgreens is reportedly closing locations across the U.S.,Walgreens closing stores
f5f22d78c6830a662e,Walgreens,,,,,,"Walgreens says it's closing 1,200 'underperforming' stores amid soft sales",http://www.bing.com/news/apiclick.aspx?ref=FexRss&aid=&tid=6a804141e67f470b88ab9f4ca17e8df2&url=https%3a%2f%2fwww.lex18.com%2fbusiness%2fcompany-news%2fwalgreens-says-its-closing-1-200-underperforming-stores-amid-soft-sales&c=5131509968189342500&mkt=en-us,www.bing.com,bing_rss,2024-10-15T06:43:00+00:00,2026-08-15T10:37:03+00:00,0.49,"Walgreens says it's closing 1,200 'underperforming' stores amid soft sales Walgreens announced on Tuesday plans to close 1,200 ""underperforming"" locations by 2027, including about 500 in 2025.",Walgreens closing stores
d85acbdf22ad97f681,Walgreens,,,,,,Walgreens is closing stores. How many in Missouri have closed?,http://www.bing.com/news/apiclick.aspx?ref=FexRss&aid=&tid=6a804141e67f470b88ab9f4ca17e8df2&url=https%3a%2f%2fwww.usatoday.com%2fstory%2fnews%2fstate%2fmissouri%2fst-louis%2f2026%2f08%2f04%2fwalgreens-2026-store-locations-closing%2f91163090007%2f&c=17386051533054581905&mkt=en-us,www.bing.com,bing_rss,2026-08-04T10:09:00+00:00,2026-08-15T10:37:03+00:00,0.90,How many in Missouri have closed?,Walgreens closing stores
e022c0e68c77a52818,Walgreens,,,,,,Walgreens closing 200 stores in U.S.,http://www.bing.com/news/apiclick.aspx?ref=FexRss&aid=&tid=6a804141e67f470b88ab9f4ca17e8df2&url=https%3a%2f%2fwww.digitaljournal.com%2farticle%2fwalgreens-closing-200-stores-in-america%2f&c=17353310561091693125&mkt=en-us,www.bing.com,bing_rss,2015-04-09T20:41:00+00:00,2026-08-15T10:37:03+00:00,0.90,"In addition to the closures, Walgreens Boots alliance Inc.",Walgreens closing stores
74a0d8f1d32f120bdf,Walgreens,,,,,,Walgreens closing stores in the tri-state: see where,http://www.bing.com/news/apiclick.aspx?ref=FexRss&aid=&tid=6a804141e67f470b88ab9f4ca17e8df2&url=https%3a%2f%2fwww.aol.com%2farticles%2fwalgreens-closing-stores-tri-state-134051000.html&c=1334621725318729096&mkt=en-us,www.bing.com,bing_rss,2026-08-04T06:40:00+00:00,2026-08-15T10:37:03+00:00,0.90,"Walgreens is expected to close two stores in New Jersey, the first in Bogota on Aug.",Walgreens closing stores
0f432d24f7860e51d4,Walgreens,,,,,,Walgreens closing Chatham store as officials warn of pharmacy deserts,http://www.bing.com/news/apiclick.aspx?ref=FexRss&aid=&tid=6a804141e67f470b88ab9f4ca17e8df2&url=https%3a%2f%2fwww.cbsnews.com%2fchicago%2fnews%2fwalgreens-closing-chatham-thursday%2f&c=3904880234451535368&mkt=en-us,www.bing.com,bing_rss,2026-06-04T15:28:00+00:00,2026-08-15T10:37:03+00:00,0.49,"has experienced ""significantly higher levels of theft and violent incidents than our other locations."" The spokesperson said the drug store giant has made adjustments to the operations at the store and taken other steps to mitigate the issue, but ""ongoing safe",Walgreens closing stores
f03434c57ff4a16068,Walgreens,,,,,,When Bergen Walgreens will close; what happens if it's your pharmacy,http://www.bing.com/news/apiclick.aspx?ref=FexRss&aid=&tid=6a804141e67f470b88ab9f4ca17e8df2&url=https%3a%2f%2fwww.msn.com%2fen-us%2fmoney%2fcompanies%2fwhen-bergen-walgreens-will-close-what-happens-if-its-your-pharmacy%2far-AA29sX2H&c=7971362460469016249&mkt=en-us,www.bing.com,bing_rss,2026-08-05T09:55:00+00:00,2026-08-15T10:37:03+00:00,0.37,When Bergen Walgreens will close; what happens if it's your pharmacy Two Walgreens locations in North Jersey will soon close.,Walgreens closing stores
13938a0e4804385eb3,Walgreens,,,,,,Walgreens is closing stores. How many in Illinois have closed?,http://www.bing.com/news/apiclick.aspx?ref=FexRss&aid=&tid=6a804141e67f470b88ab9f4ca17e8df2&url=https%3a%2f%2fwww.msn.com%2fen-us%2fmoney%2fcompanies%2fwalgreens-is-closing-stores-how-many-in-illinois-have-closed%2far-AA29sqz6&c=2999197334319635947&mkt=en-us,www.bing.com,bing_rss,2026-08-05T10:35:00+00:00,2026-08-15T10:37:03+00:00,0.49,How many in Illinois have closed?,Walgreens closing stores
3777612b3ac0b2a78e,Walgreens,,,,,,Map Shows Dollar Tree Store Opening Spree as Rivals Shut Locations,https://www.newsweek.com/map-shows-dollar-tree-store-opening-spree-rivals-shut-locations-12317176,www.newsweek.com,gdelt,20260813T114500Z,2026-08-15T10:37:03+00:00,0.90,"A map tracking store openings and closures in July shows Dollar Tree opened 11 new locations, following nine openings in June, according to retail location data compiled by ScrapeHero and published by Supermarket News.",Walgreens pharmacy closed location
5a11f491bab7235cdb,Walgreens,,,,,,Walgreens 2026 store locations closing: List of shuttered stores,http://www.bing.com/news/apiclick.aspx?ref=FexRss&aid=&tid=6a80414f5c95444e8d2fa1af20c15ffa&url=https%3a%2f%2fwww.msn.com%2fen-us%2fmoney%2fgeneral%2fwalgreens-2026-store-locations-closing-list-of-shuttered-stores%2far-AA29ngOZ&c=8743013196362473095&mkt=en-us,www.bing.com,bing_rss,2026-08-04T05:42:28+00:00,2026-08-15T10:37:03+00:00,0.25,Walgreens 2026 store locations closing: List of shuttered stores The pharmacy chain is still closing locations across the U.S.,Walgreens pharmacy closed location
c59d2e4ab19ef0ca70,Walgreens,,,,,,Why are More Walgreens Locations Closing? Full List of Locations to Close,http://www.bing.com/news/apiclick.aspx?ref=FexRss&aid=&tid=6a80414f5c95444e8d2fa1af20c15ffa&url=https%3a%2f%2fwww.msn.com%2fen-us%2fmoney%2fcompanies%2fwhy-are-more-walgreens-locations-closing-full-list-of-locations-to-close%2far-AA29oHF1&c=9710096064838310450&mkt=en-us,www.bing.com,bing_rss,2026-08-04T09:22:47+00:00,2026-08-15T10:37:03+00:00,0.37,Full List of Locations to Close The pharmacy giant has been working to streamline operations and focus on more profitable locations.,Walgreens pharmacy closed location
b250e69141411f5941,Walgreens,,,,,,When Bergen Walgreens will close; what happens if it's your pharmacy,http://www.bing.com/news/apiclick.aspx?ref=FexRss&aid=&tid=6a80414f5c95444e8d2fa1af20c15ffa&url=https%3a%2f%2fwww.msn.com%2fen-us%2fmoney%2fcompanies%2fwhen-bergen-walgreens-will-close-what-happens-if-it-s-your-pharmacy%2far-AA29sX2H&c=5650733939655658363&mkt=en-us,www.bing.com,bing_rss,2026-08-05T08:55:51+00:00,2026-08-15T10:37:03+00:00,0.37,When Bergen Walgreens will close; what happens if it's your pharmacy Two Walgreens locations in North Jersey will soon close.,Walgreens pharmacy closed location
dd4b4ee89826ca2a37,Walgreens,,,,,,Walgreens closes stores across a dozen states including NY and New Jersey,http://www.bing.com/news/apiclick.aspx?ref=FexRss&aid=&tid=6a80414f5c95444e8d2fa1af20c15ffa&url=https%3a%2f%2fwww.msn.com%2fen-us%2fmoney%2fcompanies%2fwalgreens-closes-stores-across-a-dozen-states-including-ny-and-new-jersey%2far-AA29ntpB&c=8151832068443885191&mkt=en-us,www.bing.com,bing_rss,2026-08-04T07:59:00+00:00,2026-08-15T10:37:03+00:00,0.37,"Walgreens closes stores across a dozen states including NY and New Jersey Walgreens has shuttered stores across at least a dozen states, including New York and New Jersey, as part of a multiyear plan to cut costs and close underperforming locations.",Walgreens pharmacy closed location
aca08eb6d43dafe592,Walgreens,,,,,,Walgreens continues store closures nationwide as part of its turnaround plan,http://www.bing.com/news/apiclick.aspx?ref=FexRss&aid=&tid=6a80414f5c95444e8d2fa1af20c15ffa&url=https%3a%2f%2fwww.msn.com%2fen-us%2fmoney%2fcompanies%2fwalgreens-continues-store-closures-nationwide-as-part-of-its-turnaround-plan%2far-AA29tRgS&c=717242906321472140&mkt=en-us,www.bing.com,bing_rss,2026-08-05T16:29:47+00:00,2026-08-15T10:37:03+00:00,0.37,Walgreens continues store closures nationwide as part of its turnaround plan Walgreens is reportedly closing locations across the U.S.,Walgreens pharmacy closed location
7cf487b83a2a0d9966,Walgreens,,,,,,Major drug store chain continues to close stores: See which locations are on the list,http://www.bing.com/news/apiclick.aspx?ref=FexRss&aid=&tid=6a80414f5c95444e8d2fa1af20c15ffa&url=https%3a%2f%2fwww.cleveland.com%2fbusiness%2f2026%2f08%2fmajor-drug-store-chain-continues-to-close-stores-see-which-locations-are-on-the-list.html&c=10328433298989401720&mkt=en-us,www.bing.com,bing_rss,2026-08-05T05:28:00+00:00,2026-08-15T10:37:03+00:00,0.84,"Major drug store chain continues to close stores: See which locations are on the list The company, which owns 8,500 locations nationwide, began closures in 2025, according to an article by Inc.",Walgreens pharmacy closed location
dba946b7f7dc569b63,Walgreens,,,,,,Walgreens Is Closing Stores: Updated List of Shuttered Locations for 2026,http://www.bing.com/news/apiclick.aspx?ref=FexRss&aid=&tid=6a80414f5c95444e8d2fa1af20c15ffa&url=https%3a%2f%2fwww.msn.com%2fen-us%2fmoney%2fgeneral%2fwalgreens-is-closing-stores-updated-list-of-shuttered-locations-for-2026%2far-AA29oi9V&c=13391483862513429637&mkt=en-us,www.bing.com,bing_rss,2026-08-03T05:00:00+00:00,2026-08-15T10:37:03+00:00,0.60,Walgreens Is Closing Stores: Updated List of Shuttered Locations for 2026 The cuts are part of a multiyear downsizing effort that has already reshaped the pharmacy chain’s footprint nationwide.,Walgreens pharmacy closed location
33af501394dc955b61,Walgreens,,,,,,Walgreens closing more stores. See the new list,http://www.bing.com/news/apiclick.aspx?ref=FexRss&aid=&tid=6a8192e592f742d791ea22e0c30c532a&url=https%3a%2f%2fwww.msn.com%2fen-us%2fmoney%2fcompanies%2fwalgreens-closing-more-stores-see-the-new-list%2far-AA29pD4A&c=15444204467418407121&mkt=en-us,www.bing.com,bing_rss,2026-08-05T05:21:07+00:00,2026-08-16T10:37:37+00:00,0.37,"See the new list Walgreens, which was acquired by private equity firm Sycamore Partners in August 2025, continues to close stores across the U.S.",Walgreens closing stores
8acacb1287f5668d25,Walgreens,,,,,,Walgreens 2026 store locations closing: List of shuttered stores,http://www.bing.com/news/apiclick.aspx?ref=FexRss&aid=&tid=6a8192e592f742d791ea22e0c30c532a&url=https%3a%2f%2fwww.msn.com%2fen-us%2fmoney%2fgeneral%2fwalgreens-2026-store-locations-closing-list-of-shuttered-stores%2far-AA29ngOZ&c=8743013196362473095&mkt=en-us,www.bing.com,bing_rss,2026-08-04T05:42:28+00:00,2026-08-16T10:37:37+00:00,0.25,Walgreens 2026 store locations closing: List of shuttered stores The pharmacy chain is still closing locations across the U.S.,Walgreens closing stores
896f020027c48675a6,Walgreens,,,,,,Why are More Walgreens Locations Closing? Full List of Locations to Close,http://www.bing.com/news/apiclick.aspx?ref=FexRss&aid=&tid=6a8192e592f742d791ea22e0c30c532a&url=https%3a%2f%2fwww.msn.com%2fen-us%2fmoney%2fcompanies%2fwhy-are-more-walgreens-locations-closing-full-list-of-locations-to-close%2far-AA29oHF1&c=9710096064838310450&mkt=en-us,www.bing.com,bing_rss,2026-08-04T09:22:47+00:00,2026-08-16T10:37:37+00:00,0.37,Full List of Locations to Close The pharmacy giant has been working to streamline operations and focus on more profitable locations.,Walgreens closing stores
cf714116f2c48fb603,Walgreens,,,,,,Walgreens continues store closures nationwide as part of its turnaround plan,http://www.bing.com/news/apiclick.aspx?ref=FexRss&aid=&tid=6a8192e592f742d791ea22e0c30c532a&url=https%3a%2f%2fwww.msn.com%2fen-us%2fmoney%2fcompanies%2fwalgreens-continues-store-closures-nationwide-as-part-of-its-turnaround-plan%2far-AA29tRgS&c=717242906321472140&mkt=en-us,www.bing.com,bing_rss,2026-08-05T16:29:47+00:00,2026-08-16T10:37:37+00:00,0.37,Walgreens continues store closures nationwide as part of its turnaround plan Walgreens is reportedly closing locations across the U.S.,Walgreens closing stores
de60349e224fb39116,Walgreens,,,,,,Walgreens closes stores across a dozen states including NY and New Jersey,http://www.bing.com/news/apiclick.aspx?ref=FexRss&aid=&tid=6a8192e592f742d791ea22e0c30c532a&url=https%3a%2f%2fwww.msn.com%2fen-us%2fmoney%2fcompanies%2fwalgreens-closes-stores-across-a-dozen-states-including-ny-and-new-jersey%2far-AA29ntpB&c=8151832068443885191&mkt=en-us,www.bing.com,bing_rss,2026-08-04T07:59:00+00:00,2026-08-16T10:37:37+00:00,0.37,"Walgreens closes stores across a dozen states including NY and New Jersey Walgreens has shuttered stores across at least a dozen states, including New York and New Jersey, as part of a multiyear plan to cut costs and close underperforming locations.",Walgreens closing stores
4ba2ab6c6b0e0e10f6,Walgreens,,,,,,"Walgreens Closing Dozens Of Pharmacies In 2026: Here's Where, Why",http://www.bing.com/news/apiclick.aspx?ref=FexRss&aid=&tid=6a8192e592f742d791ea22e0c30c532a&url=https%3a%2f%2fdailyvoice.com%2farticle%2fwalgreens-closing-dozens-of-pharmacies-in-2026-heres-where-why%2f&c=12485156596782607488&mkt=en-us,www.bing.com,bing_rss,2026-08-05T03:50:00+00:00,2026-08-16T10:37:37+00:00,0.37,"Walgreens Closing Dozens Of Pharmacies In 2026: Here's Where, Why Walgreens is planning to close dozens of stores in 2026 as the pharmacy chain reshapes its nationwide footprint, according to reports.The company now expects to shutter fewer than 100 locations ",Walgreens closing stores
ef358e98f0ee4493f4,Walgreens,,,,,,Walgreens to close more US stores. Are any Arizona locations affected?,http://www.bing.com/news/apiclick.aspx?ref=FexRss&aid=&tid=6a8192e592f742d791ea22e0c30c532a&url=https%3a%2f%2fwww.msn.com%2fen-us%2fhealth%2fnutrition%2fwalgreens-to-close-more-us-stores-are-any-arizona-locations-affected%2far-AA29ob6S&c=996016866725129309&mkt=en-us,www.bing.com,bing_rss,2026-08-04T09:13:14+00:00,2026-08-16T10:37:37+00:00,0.37,Walgreens to close more US stores.,Walgreens closing stores
365ee9639fc354f8aa,Walgreens,,,,,,Walgreens closing Chatham store as officials warn of pharmacy deserts,http://www.bing.com/news/apiclick.aspx?ref=FexRss&aid=&tid=6a8192e592f742d791ea22e0c30c532a&url=https%3a%2f%2fwww.cbsnews.com%2fchicago%2fnews%2fwalgreens-closing-chatham-thursday%2f&c=3904880234451535368&mkt=en-us,www.bing.com,bing_rss,2026-06-04T15:28:00+00:00,2026-08-16T10:37:37+00:00,0.49,"has experienced ""significantly higher levels of theft and violent incidents than our other locations."" The spokesperson said the drug store giant has made adjustments to the operations at the store and taken other steps to mitigate the issue, but ""ongoing safe",Walgreens closing stores
15b72880bf80f9750c,Walgreens,,,,,,Walgreens closing 2 more NJ stores,http://www.bing.com/news/apiclick.aspx?ref=FexRss&aid=&tid=6a8192e592f742d791ea22e0c30c532a&url=https%3a%2f%2fnjbiz.com%2fwalgreens-closing-2-more-nj-stores%2f&c=17393995025677590765&mkt=en-us,www.bing.com,bing_rss,2026-08-03T10:49:00+00:00,2026-08-16T10:37:37+00:00,0.84,Walgreens closing 2 more NJ stores Two more Walgreens stores in New Jersey will permanently close as part of the retail pharmacy chain’s ongoing efforts to reset its business.,Walgreens closing stores
879fef8ce2469d1ad8,Walgreens,,,,,,Walgreens closing stores in the tri-state: see where,http://www.bing.com/news/apiclick.aspx?ref=FexRss&aid=&tid=6a8192e592f742d791ea22e0c30c532a&url=https%3a%2f%2fwww.aol.com%2farticles%2fwalgreens-closing-stores-tri-state-134051000.html&c=1334621725318729096&mkt=en-us,www.bing.com,bing_rss,2026-08-04T06:40:00+00:00,2026-08-16T10:37:37+00:00,0.90,"Walgreens is expected to close two stores in New Jersey, the first in Bogota on Aug.",Walgreens closing stores
19f573b06a2a579ad5,Walgreens,,,,,,Walgreens Is Closing Stores: Updated List of Shuttered Locations for 2026,http://www.bing.com/news/apiclick.aspx?ref=FexRss&aid=&tid=6a8192e592f742d791ea22e0c30c532a&url=https%3a%2f%2fwww.msn.com%2fen-us%2fmoney%2fgeneral%2fwalgreens-is-closing-stores-updated-list-of-shuttered-locations-for-2026%2far-AA29oi9V&c=13391483862513429637&mkt=en-us,www.bing.com,bing_rss,2026-08-03T05:00:00+00:00,2026-08-16T10:37:37+00:00,0.60,Walgreens Is Closing Stores: Updated List of Shuttered Locations for 2026 The cuts are part of a multiyear downsizing effort that has already reshaped the pharmacy chain’s footprint nationwide.,Walgreens closing stores
3ae4a3532dc17c2181,Walgreens,,,,,,Walgreens 2026 store locations closing: List of shuttered stores,http://www.bing.com/news/apiclick.aspx?ref=FexRss&aid=&tid=6a82e69c6b344c8895766beb328ae469&url=https%3a%2f%2fwww.msn.com%2fen-us%2fmoney%2fgeneral%2fwalgreens-2026-store-locations-closing-list-of-shuttered-stores%2far-AA29ngOZ&c=8743013196362473095&mkt=en-us,www.bing.com,bing_rss,2026-08-04T05:42:28+00:00,2026-08-17T10:47:18+00:00,0.25,Walgreens 2026 store locations closing: List of shuttered stores The pharmacy chain is still closing locations across the U.S.,Walgreens store closure location
1676c70795b6023a9b,Walgreens,,,,,,Why are More Walgreens Locations Closing? Full List of Locations to Close,http://www.bing.com/news/apiclick.aspx?ref=FexRss&aid=&tid=6a82e69c6b344c8895766beb328ae469&url=https%3a%2f%2fwww.msn.com%2fen-us%2fmoney%2fcompanies%2fwhy-are-more-walgreens-locations-closing-full-list-of-locations-to-close%2far-AA29oHF1&c=9710096064838310450&mkt=en-us,www.bing.com,bing_rss,2026-08-04T09:22:47+00:00,2026-08-17T10:47:18+00:00,0.37,Full List of Locations to Close The pharmacy giant has been working to streamline operations and focus on more profitable locations.,Walgreens store closure location
0a00a6be91cfe29e34,Walgreens,,,,,,Walgreens continues store closures nationwide as part of its turnaround plan,http://www.bing.com/news/apiclick.aspx?ref=FexRss&aid=&tid=6a82e69c6b344c8895766beb328ae469&url=https%3a%2f%2fwww.msn.com%2fen-us%2fmoney%2fcompanies%2fwalgreens-continues-store-closures-nationwide-as-part-of-its-turnaround-plan%2far-AA29tRgS&c=717242906321472140&mkt=en-us,www.bing.com,bing_rss,2026-08-05T16:29:47+00:00,2026-08-17T10:47:18+00:00,0.37,Walgreens continues store closures nationwide as part of its turnaround plan Walgreens is reportedly closing locations across the U.S.,Walgreens store closure location
2532019132f929690e,Walgreens,,,,,,Walgreens closing more stores. See the new list,http://www.bing.com/news/apiclick.aspx?ref=FexRss&aid=&tid=6a82e69c6b344c8895766beb328ae469&url=https%3a%2f%2fwww.msn.com%2fen-us%2fmoney%2fother%2fwalgreens-closing-more-stores-see-the-new-list%2far-AA29pD4A&c=12447178516328929985&mkt=en-us,www.bing.com,bing_rss,2026-08-04T16:49:12+00:00,2026-08-17T10:47:18+00:00,0.37,"See the new list Walgreens, which was acquired by private equity firm Sycamore Partners in August 2025, continues to close stores across the U.S.",Walgreens store closure location
7b13d6a53b48118912,Walgreens,,,,,,"Walgreens closing stores: Which DC, MD and VA locations are affected?",http://www.bing.com/news/apiclick.aspx?ref=FexRss&aid=&tid=6a82e69c6b344c8895766beb328ae469&url=https%3a%2f%2fwww.msn.com%2fen-us%2fmoney%2fcompanies%2fwalgreens-closing-stores-which-dc-md-and-va-locations-are-affected%2far-AA29o8x1&c=4879526525111101888&mkt=en-us,www.bing.com,bing_rss,2026-08-04T09:44:00+00:00,2026-08-17T10:47:18+00:00,0.25,"Walgreens closing stores: Which DC, MD and VA locations are affected? Walgreens is closing stores in 2026. Here's which Washington DC, Maryland and Virginia locations are affected and what customers need to know.",Walgreens store closure location
cdddcb7c9ffaddfd30,Walgreens,,,,,,Walgreens closes stores across a dozen states including NY and New Jersey,http://www.bing.com/news/apiclick.aspx?ref=FexRss&aid=&tid=6a82e69c6b344c8895766beb328ae469&url=https%3a%2f%2fwww.msn.com%2fen-us%2fmoney%2fcompanies%2fwalgreens-closes-stores-across-a-dozen-states-including-ny-and-new-jersey%2far-AA29ntpB&c=8151832068443885191&mkt=en-us,www.bing.com,bing_rss,2026-08-04T07:59:00+00:00,2026-08-17T10:47:18+00:00,0.37,"Walgreens closes stores across a dozen states including NY and New Jersey Walgreens has shuttered stores across at least a dozen states, including New York and New Jersey, as part of a multiyear plan to cut costs and close underperforming locations.",Walgreens store closure location
7128cc84699b47cd3d,Walgreens,,,,,,Walgreens is closing stores. How many in Missouri have closed?,http://www.bing.com/news/apiclick.aspx?ref=FexRss&aid=&tid=6a82e69c6b344c8895766beb328ae469&url=https%3a%2f%2fwww.usatoday.com%2fstory%2fnews%2fstate%2fmissouri%2fst-louis%2f2026%2f08%2f04%2fwalgreens-2026-store-locations-closing%2f91163090007%2f&c=17386051533054581905&mkt=en-us,www.bing.com,bing_rss,2026-08-04T10:09:00+00:00,2026-08-17T10:47:18+00:00,0.90,How many in Missouri have closed?,Walgreens store closure location
976b4cb123ed5da0f9,Walgreens,,,,,,Walgreens Is Closing Stores: Updated List of Shuttered Locations for 2026,http://www.bing.com/news/apiclick.aspx?ref=FexRss&aid=&tid=6a82e69c6b344c8895766beb328ae469&url=https%3a%2f%2fwww.msn.com%2fen-us%2fmoney%2fgeneral%2fwalgreens-is-closing-stores-updated-list-of-shuttered-locations-for-2026%2far-AA29oi9V&c=13391483862513429637&mkt=en-us,www.bing.com,bing_rss,2026-08-03T05:00:00+00:00,2026-08-17T10:47:18+00:00,0.60,Walgreens Is Closing Stores: Updated List of Shuttered Locations for 2026 The cuts are part of a multiyear downsizing effort that has already reshaped the pharmacy chain’s footprint nationwide.,Walgreens store closure location
c41448a79aa53b2f88,Walgreens,,,,,,Walgreens closing more stores. See the new list,http://www.bing.com/news/apiclick.aspx?ref=FexRss&aid=&tid=6a82e6a931d34203b2c24b930faa8830&url=https%3a%2f%2fwww.msn.com%2fen-us%2fmoney%2fcompanies%2fwalgreens-closing-more-stores-see-the-new-list%2far-AA29pD4A&c=15444204467418407121&mkt=en-us,www.bing.com,bing_rss,2026-08-05T05:21:07+00:00,2026-08-17T10:47:18+00:00,0.37,"See the new list Walgreens, which was acquired by private equity firm Sycamore Partners in August 2025, continues to close stores across the U.S.",Walgreens closing stores
62ebc64ce0e1d38aa6,Walgreens,,,,,,Walgreens 2026 store locations closing: List of shuttered stores,http://www.bing.com/news/apiclick.aspx?ref=FexRss&aid=&tid=6a82e6a931d34203b2c24b930faa8830&url=https%3a%2f%2fwww.msn.com%2fen-us%2fmoney%2fgeneral%2fwalgreens-2026-store-locations-closing-list-of-shuttered-stores%2far-AA29ngOZ&c=8743013196362473095&mkt=en-us,www.bing.com,bing_rss,2026-08-04T05:42:28+00:00,2026-08-17T10:47:18+00:00,0.25,Walgreens 2026 store locations closing: List of shuttered stores The pharmacy chain is still closing locations across the U.S.,Walgreens closing stores
889791040b815e41a0,Walgreens,,,,,,Why are More Walgreens Locations Closing? Full List of Locations to Close,http://www.bing.com/news/apiclick.aspx?ref=FexRss&aid=&tid=6a82e6a931d34203b2c24b930faa8830&url=https%3a%2f%2fwww.msn.com%2fen-us%2fmoney%2fcompanies%2fwhy-are-more-walgreens-locations-closing-full-list-of-locations-to-close%2far-AA29oHF1&c=9710096064838310450&mkt=en-us,www.bing.com,bing_rss,2026-08-04T09:22:47+00:00,2026-08-17T10:47:18+00:00,0.37,Full List of Locations to Close The pharmacy giant has been working to streamline operations and focus on more profitable locations.,Walgreens closing stores
ff57268a275ad81c33,Walgreens,,,,,,Walgreens continues store closures nationwide as part of its turnaround plan,http://www.bing.com/news/apiclick.aspx?ref=FexRss&aid=&tid=6a82e6a931d34203b2c24b930faa8830&url=https%3a%2f%2fwww.msn.com%2fen-us%2fmoney%2fcompanies%2fwalgreens-continues-store-closures-nationwide-as-part-of-its-turnaround-plan%2far-AA29tRgS&c=717242906321472140&mkt=en-us,www.bing.com,bing_rss,2026-08-05T16:29:47+00:00,2026-08-17T10:47:18+00:00,0.37,Walgreens continues store closures nationwide as part of its turnaround plan Walgreens is reportedly closing locations across the U.S.,Walgreens closing stores
0028311e08fa12dc40,Walgreens,,,,,,"Walgreens Closing Dozens Of Pharmacies In 2026: Here's Where, Why",http://www.bing.com/news/apiclick.aspx?ref=FexRss&aid=&tid=6a82e6a931d34203b2c24b930faa8830&url=https%3a%2f%2fdailyvoice.com%2farticle%2fwalgreens-closing-dozens-of-pharmacies-in-2026-heres-where-why%2f&c=12485156596782607488&mkt=en-us,www.bing.com,bing_rss,2026-08-05T03:50:00+00:00,2026-08-17T10:47:18+00:00,0.37,"Walgreens Closing Dozens Of Pharmacies In 2026: Here's Where, Why Walgreens is planning to close dozens of stores in 2026 as the pharmacy chain reshapes its nationwide footprint, according to reports.The company now expects to shutter fewer than 100 locations ",Walgreens closing stores
7613a8c0e508515ace,Walgreens,,,,,,Walgreens closes stores across a dozen states including NY and New Jersey,http://www.bing.com/news/apiclick.aspx?ref=FexRss&aid=&tid=6a82e6a931d34203b2c24b930faa8830&url=https%3a%2f%2fwww.msn.com%2fen-us%2fmoney%2fcompanies%2fwalgreens-closes-stores-across-a-dozen-states-including-ny-and-new-jersey%2far-AA29ntpB&c=8151832068443885191&mkt=en-us,www.bing.com,bing_rss,2026-08-04T07:59:00+00:00,2026-08-17T10:47:18+00:00,0.37,"Walgreens closes stores across a dozen states including NY and New Jersey Walgreens has shuttered stores across at least a dozen states, including New York and New Jersey, as part of a multiyear plan to cut costs and close underperforming locations.",Walgreens closing stores
ec0804d89d5cd7622d,Walgreens,,,,,,"Walgreens closing stores: Which DC, MD and VA locations are affected?",http://www.bing.com/news/apiclick.aspx?ref=FexRss&aid=&tid=6a82e6a931d34203b2c24b930faa8830&url=https%3a%2f%2fwww.msn.com%2fen-us%2fmoney%2fcompanies%2fwalgreens-closing-stores-which-dc-md-and-va-locations-are-affected%2far-AA29o8x1&c=4879526525111101888&mkt=en-us,www.bing.com,bing_rss,2026-08-04T09:44:00+00:00,2026-08-17T10:47:18+00:00,0.25,"Walgreens closing stores: Which DC, MD and VA locations are affected? Walgreens is closing stores in 2026. Here's which Washington DC, Maryland and Virginia locations are affected and what customers need to know.",Walgreens closing stores
af4212b7567b994e41,Walgreens,,,,,,Walgreens is closing stores. How many in Missouri have closed?,http://www.bing.com/news/apiclick.aspx?ref=FexRss&aid=&tid=6a82e6a931d34203b2c24b930faa8830&url=https%3a%2f%2fwww.usatoday.com%2fstory%2fnews%2fstate%2fmissouri%2fst-louis%2f2026%2f08%2f04%2fwalgreens-2026-store-locations-closing%2f91163090007%2f&c=17386051533054581905&mkt=en-us,www.bing.com,bing_rss,2026-08-04T10:09:00+00:00,2026-08-17T10:47:18+00:00,0.90,How many in Missouri have closed?,Walgreens closing stores
07cb3c3328d9f3e404,Walgreens,,,,,,Walgreens closing 2 more NJ stores,http://www.bing.com/news/apiclick.aspx?ref=FexRss&aid=&tid=6a82e6a931d34203b2c24b930faa8830&url=https%3a%2f%2fnjbiz.com%2fwalgreens-closing-2-more-nj-stores%2f&c=17393995025677590765&mkt=en-us,www.bing.com,bing_rss,2026-08-03T10:49:00+00:00,2026-08-17T10:47:18+00:00,0.84,Walgreens closing 2 more NJ stores Two more Walgreens stores in New Jersey will permanently close as part of the retail pharmacy chain’s ongoing efforts to reset its business.,Walgreens closing stores
a716a0f61d67d28614,Walgreens,,,,,,Walgreens closing stores in the tri-state: see where,http://www.bing.com/news/apiclick.aspx?ref=FexRss&aid=&tid=6a82e6a931d34203b2c24b930faa8830&url=https%3a%2f%2fwww.aol.com%2farticles%2fwalgreens-closing-stores-tri-state-134051000.html&c=1334621725318729096&mkt=en-us,www.bing.com,bing_rss,2026-08-04T06:40:00+00:00,2026-08-17T10:47:18+00:00,0.90,"Walgreens is expected to close two stores in New Jersey, the first in Bogota on Aug.",Walgreens closing stores
58e66d984f7445c515,CVS,,,,,,Fluent ( FLNT ) Q2 2026 Earnings Call Transcript,https://www.fool.com/earnings/call-transcripts/2026/08/17/fluent-flnt-q2-2026-earnings-call-transcript/?source=iedfolrf0000001,www.fool.com,gdelt,20260817T214500Z,2026-08-18T10:45:35+00:00,0.37,"In an estimated $140 billion commerce media industry, in-store remains the hardest segment to measure, and this partnership is built to close that gap.",CVS closing stores
d2e91a079fcc540c2f,Walgreens,,,,,,Walgreens 2026 store locations closing: List of shuttered stores,http://www.bing.com/news/apiclick.aspx?ref=FexRss&aid=&tid=6a8437b0c70d4796811fd0dc78c22caf&url=https%3a%2f%2fwww.msn.com%2fen-us%2fmoney%2fgeneral%2fwalgreens-2026-store-locations-closing-list-of-shuttered-stores%2far-AA29ngOZ&c=8743013196362473095&mkt=en-us,www.bing.com,bing_rss,2026-08-04T05:42:28+00:00,2026-08-18T10:45:35+00:00,0.25,Walgreens 2026 store locations closing: List of shuttered stores The pharmacy chain is still closing locations across the U.S.,Walgreens store closure location
6efaa567412cb6e4aa,Walgreens,,,,,,Walgreens continues store closures nationwide as part of its turnaround plan,http://www.bing.com/news/apiclick.aspx?ref=FexRss&aid=&tid=6a8437b0c70d4796811fd0dc78c22caf&url=https%3a%2f%2fwww.msn.com%2fen-us%2fmoney%2fcompanies%2fwalgreens-continues-store-closures-nationwide-as-part-of-its-turnaround-plan%2far-AA29tRgS&c=717242906321472140&mkt=en-us,www.bing.com,bing_rss,2026-08-05T16:29:47+00:00,2026-08-18T10:45:35+00:00,0.37,Walgreens continues store closures nationwide as part of its turnaround plan Walgreens is reportedly closing locations across the U.S.,Walgreens store closure location
5a3fd3fd81c96986c6,Walgreens,,,,,,Why are More Walgreens Locations Closing? Full List of Locations to Close,http://www.bing.com/news/apiclick.aspx?ref=FexRss&aid=&tid=6a8437b0c70d4796811fd0dc78c22caf&url=https%3a%2f%2fwww.msn.com%2fen-us%2fmoney%2fcompanies%2fwhy-are-more-walgreens-locations-closing-full-list-of-locations-to-close%2far-AA29oHF1&c=9710096064838310450&mkt=en-us,www.bing.com,bing_rss,2026-08-04T09:22:47+00:00,2026-08-18T10:45:35+00:00,0.37,Full List of Locations to Close The pharmacy giant has been working to streamline operations and focus on more profitable locations.,Walgreens store closure location
af1c31081d2e86b207,Walgreens,,,,,,Walgreens to close more stores in 2026 - Check list of pharmacy giant's locations shutting down across the US,http://www.bing.com/news/apiclick.aspx?ref=FexRss&aid=&tid=6a8437b0c70d4796811fd0dc78c22caf&url=https%3a%2f%2fwww.msn.com%2fen-in%2fnews%2fworld%2fwalgreens-to-close-more-stores-in-2026-check-list-of-pharmacy-giants-locations-shutting-down-across-the-us%2far-AA29mq6w&c=4334357505029277442&mkt=en-us,www.bing.com,bing_rss,2026-08-04T02:03:03+00:00,2026-08-18T10:45:35+00:00,0.72,Walgreens to close more stores in 2026 - Check list of pharmacy giant's locations shutting down across the US Walgreens is closing stores across many states as part of its 2026 operational streamlining plan.,Walgreens store closure location
c78c8a332d4aba2685,Walgreens,,,,,,Walgreens is closing stores. How many in Illinois have closed?,http://www.bing.com/news/apiclick.aspx?ref=FexRss&aid=&tid=6a8437b0c70d4796811fd0dc78c22caf&url=https%3a%2f%2fwww.msn.com%2fen-us%2fmoney%2fcompanies%2fwalgreens-is-closing-stores-how-many-in-illinois-have-closed%2far-AA29sqz6&c=2999197334319635947&mkt=en-us,www.bing.com,bing_rss,2026-08-05T10:35:00+00:00,2026-08-18T10:45:35+00:00,0.49,How many in Illinois have closed?,Walgreens store closure location
19f87d12c5393437d1,Walgreens,,,,,,Walgreens gets partial win over ex-manager it claimed closed stores too early,http://www.bing.com/news/apiclick.aspx?ref=FexRss&aid=&tid=6a8437b0c70d4796811fd0dc78c22caf&url=https%3a%2f%2fwww.yahoo.com%2fnews%2fus%2farticles%2fwalgreens-gets-partial-win-over-163000473.html&c=12221587330330837138&mkt=en-us,www.bing.com,bing_rss,2026-08-17T09:30:00+00:00,2026-08-18T10:45:35+00:00,0.61,"Walgreens gets partial win over ex-manager it claimed closed stores too early Neither of the two racial comparators put forth by the plaintiff to show disparate treatment were sufficiently similar, a New Mexico federal judge determined.",Walgreens store closure location
b7418a4502226eac1a,Walgreens,,,,,,Walgreens closing stores: Which NJ locations are affected?,http://www.bing.com/news/apiclick.aspx?ref=FexRss&aid=&tid=6a8437b0c70d4796811fd0dc78c22caf&url=https%3a%2f%2fwww.msn.com%2fen-us%2fmoney%2fgeneral%2fwalgreens-closing-stores-which-nj-locations-are-affected%2far-AA29n1pD&c=7744497689652980451&mkt=en-us,www.bing.com,bing_rss,2026-08-04T04:50:05+00:00,2026-08-18T10:45:35+00:00,0.25,Walgreens closing stores: Which NJ locations are affected? Walgreens is closing stores nationwide. Here's which New Jersey locations are closing and what customers should know.,Walgreens store closure location
235239638bdc3856cf,Walgreens,,,,,,Walgreens closes stores nationwide in 2026. How Ohio is affected,http://www.bing.com/news/apiclick.aspx?ref=FexRss&aid=&tid=6a8437b0c70d4796811fd0dc78c22caf&url=https%3a%2f%2fwww.usatoday.com%2fstory%2fnews%2f2026%2f08%2f04%2fwalgreens-closures-2026-ohio-us-list%2f91164498007%2f&c=7139529062695757318&mkt=en-us,www.bing.com,bing_rss,2026-08-04T08:12:00+00:00,2026-08-18T10:45:35+00:00,0.73,Walgreens closes stores nationwide in 2026.,Walgreens store closure location
2eea2ecffbb9df41cf,Walgreens,,,,,,Walgreens is shuttering several locations. Any in Massachusetts?,http://www.bing.com/news/apiclick.aspx?ref=FexRss&aid=&tid=6a8437b0c70d4796811fd0dc78c22caf&url=https%3a%2f%2fwww.cincinnati.com%2fstory%2fbusiness%2f2026%2f08%2f04%2fany-walgreens-closures-in-massachusetts-this-year-where-stores-are-shuttering-in-2026-pharmacy%2f91162176007%2f&c=15394913639605804978&mkt=en-us,www.bing.com,bing_rss,2026-08-04T13:35:00+00:00,2026-08-18T10:45:35+00:00,0.90,Walgreens is shuttering several locations.,Walgreens store closure location
54837bb427110d96c0,Walgreens,,,,,,Walgreens Is Closing Stores: Updated List of Shuttered Locations for 2026,http://www.bing.com/news/apiclick.aspx?ref=FexRss&aid=&tid=6a8437b0c70d4796811fd0dc78c22caf&url=https%3a%2f%2fwww.msn.com%2fen-us%2fmoney%2fgeneral%2fwalgreens-is-closing-stores-updated-list-of-shuttered-locations-for-2026%2far-AA29oi9V&c=13391483862513429637&mkt=en-us,www.bing.com,bing_rss,2026-08-03T05:00:00+00:00,2026-08-18T10:45:35+00:00,0.60,Walgreens Is Closing Stores: Updated List of Shuttered Locations for 2026 The cuts are part of a multiyear downsizing effort that has already reshaped the pharmacy chain’s footprint nationwide.,Walgreens store closure location
429b8de499acb25342,Walgreens,,,,,,Walgreens is closing stores. How many in Missouri have closed?,http://www.bing.com/news/apiclick.aspx?ref=FexRss&aid=&tid=6a8437b0c70d4796811fd0dc78c22caf&url=https%3a%2f%2fwww.usatoday.com%2fstory%2fnews%2fstate%2fmissouri%2fst-louis%2f2026%2f08%2f04%2fwalgreens-2026-store-locations-closing%2f91163090007%2f&c=17386051533054581905&mkt=en-us,www.bing.com,bing_rss,2026-08-04T05:09:00+00:00,2026-08-18T10:45:35+00:00,0.90,How many in Missouri have closed?,Walgreens store closure location
392a2b4c094e3cb7e7,Walgreens,,,,,,Walgreens closing more stores. See the new list,http://www.bing.com/news/apiclick.aspx?ref=FexRss&aid=&tid=6a8437c20b5549d8bc6ccb2cfd903b9a&url=https%3a%2f%2fwww.msn.com%2fen-us%2fmoney%2fcompanies%2fwalgreens-closing-more-stores-see-the-new-list%2far-AA29pD4A&c=15444204467418407121&mkt=en-us,www.bing.com,bing_rss,2026-08-05T05:21:07+00:00,2026-08-18T10:45:35+00:00,0.37,"See the new list Walgreens, which was acquired by private equity firm Sycamore Partners in August 2025, continues to close stores across the U.S.",Walgreens closing stores
08ce4518c9aa7bd7dd,Walgreens,,,,,,Walgreens 2026 store locations closing: List of shuttered stores,http://www.bing.com/news/apiclick.aspx?ref=FexRss&aid=&tid=6a8437c20b5549d8bc6ccb2cfd903b9a&url=https%3a%2f%2fwww.msn.com%2fen-us%2fmoney%2fgeneral%2fwalgreens-2026-store-locations-closing-list-of-shuttered-stores%2far-AA29ngOZ&c=8743013196362473095&mkt=en-us,www.bing.com,bing_rss,2026-08-04T05:42:28+00:00,2026-08-18T10:45:35+00:00,0.25,Walgreens 2026 store locations closing: List of shuttered stores The pharmacy chain is still closing locations across the U.S.,Walgreens closing stores
66aada96c420f08e6a,Walgreens,,,,,,Why are More Walgreens Locations Closing? Full List of Locations to Close,http://www.bing.com/news/apiclick.aspx?ref=FexRss&aid=&tid=6a8437c20b5549d8bc6ccb2cfd903b9a&url=https%3a%2f%2fwww.msn.com%2fen-us%2fmoney%2fcompanies%2fwhy-are-more-walgreens-locations-closing-full-list-of-locations-to-close%2far-AA29oHF1&c=9710096064838310450&mkt=en-us,www.bing.com,bing_rss,2026-08-04T09:22:47+00:00,2026-08-18T10:45:35+00:00,0.37,Full List of Locations to Close The pharmacy giant has been working to streamline operations and focus on more profitable locations.,Walgreens closing stores
cfe1be15e7edc496c2,Walgreens,,,,,,Walgreens continues store closures nationwide as part of its turnaround plan,http://www.bing.com/news/apiclick.aspx?ref=FexRss&aid=&tid=6a8437c20b5549d8bc6ccb2cfd903b9a&url=https%3a%2f%2fwww.msn.com%2fen-us%2fmoney%2fcompanies%2fwalgreens-continues-store-closures-nationwide-as-part-of-its-turnaround-plan%2far-AA29tRgS&c=717242906321472140&mkt=en-us,www.bing.com,bing_rss,2026-08-05T16:29:47+00:00,2026-08-18T10:45:35+00:00,0.37,Walgreens continues store closures nationwide as part of its turnaround plan Walgreens is reportedly closing locations across the U.S.,Walgreens closing stores
4cf982795b1cfe685b,Walgreens,,,,,,"Walgreens Closing Dozens Of Pharmacies In 2026: Here's Where, Why",http://www.bing.com/news/apiclick.aspx?ref=FexRss&aid=&tid=6a8437c20b5549d8bc6ccb2cfd903b9a&url=https%3a%2f%2fdailyvoice.com%2farticle%2fwalgreens-closing-dozens-of-pharmacies-in-2026-heres-where-why%2f&c=12485156596782607488&mkt=en-us,www.bing.com,bing_rss,2026-08-05T03:50:00+00:00,2026-08-18T10:45:35+00:00,0.37,"Walgreens Closing Dozens Of Pharmacies In 2026: Here's Where, Why Walgreens is planning to close dozens of stores in 2026 as the pharmacy chain reshapes its nationwide footprint, according to reports.The company now expects to shutter fewer than 100 locations ",Walgreens closing stores
100d44d1cf83b5c3ae,Walgreens,,,,,,"Walgreens says it's closing 1,200 'underperforming' stores amid soft sales",http://www.bing.com/news/apiclick.aspx?ref=FexRss&aid=&tid=6a8437c20b5549d8bc6ccb2cfd903b9a&url=https%3a%2f%2fwww.lex18.com%2fbusiness%2fcompany-news%2fwalgreens-says-its-closing-1-200-underperforming-stores-amid-soft-sales&c=5131509968189342500&mkt=en-us,www.bing.com,bing_rss,2024-10-15T06:43:00+00:00,2026-08-18T10:45:35+00:00,0.49,"Walgreens says it's closing 1,200 'underperforming' stores amid soft sales Walgreens announced on Tuesday plans to close 1,200 ""underperforming"" locations by 2027, including about 500 in 2025.",Walgreens closing stores
0c3014ffa40d476d84,Walgreens,,,,,,Walgreens closing Chatham store as officials warn of pharmacy deserts,http://www.bing.com/news/apiclick.aspx?ref=FexRss&aid=&tid=6a8437c20b5549d8bc6ccb2cfd903b9a&url=https%3a%2f%2fwww.cbsnews.com%2fchicago%2fnews%2fwalgreens-closing-chatham-thursday%2f&c=3904880234451535368&mkt=en-us,www.bing.com,bing_rss,2026-06-04T15:28:00+00:00,2026-08-18T10:45:35+00:00,0.49,"has experienced ""significantly higher levels of theft and violent incidents than our other locations."" The spokesperson said the drug store giant has made adjustments to the operations at the store and taken other steps to mitigate the issue, but ""ongoing safe",Walgreens closing stores
0ed6df0bebc2758c8c,Walgreens,,,,,,Walgreens closing stores in the tri-state: see where,http://www.bing.com/news/apiclick.aspx?ref=FexRss&aid=&tid=6a8437c20b5549d8bc6ccb2cfd903b9a&url=https%3a%2f%2fwww.aol.com%2farticles%2fwalgreens-closing-stores-tri-state-134051000.html&c=1334621725318729096&mkt=en-us,www.bing.com,bing_rss,2026-08-04T06:40:00+00:00,2026-08-18T10:45:35+00:00,0.90,"Walgreens is expected to close two stores in New Jersey, the first in Bogota on Aug.",Walgreens closing stores
92287982c74ab2f573,Walgreens,,,,,,Walgreens Is Closing Stores: Updated List of Shuttered Locations for 2026,http://www.bing.com/news/apiclick.aspx?ref=FexRss&aid=&tid=6a8437c20b5549d8bc6ccb2cfd903b9a&url=https%3a%2f%2fwww.msn.com%2fen-us%2fmoney%2fgeneral%2fwalgreens-is-closing-stores-updated-list-of-shuttered-locations-for-2026%2far-AA29oi9V&c=13391483862513429637&mkt=en-us,www.bing.com,bing_rss,2026-08-03T05:00:00+00:00,2026-08-18T10:45:35+00:00,0.60,Walgreens Is Closing Stores: Updated List of Shuttered Locations for 2026 The cuts are part of a multiyear downsizing effort that has already reshaped the pharmacy chain’s footprint nationwide.,Walgreens closing stores
74761fa3c3a1d47be3,Walgreens,,,,,,Walgreens 2026 store locations closing: List of shuttered stores,http://www.bing.com/news/apiclick.aspx?ref=FexRss&aid=&tid=6a8437cf956e4a53bd6aca2cc9db3090&url=https%3a%2f%2fwww.msn.com%2fen-us%2fmoney%2fgeneral%2fwalgreens-2026-store-locations-closing-list-of-shuttered-stores%2far-AA29ngOZ&c=8743013196362473095&mkt=en-us,www.bing.com,bing_rss,2026-08-04T05:42:28+00:00,2026-08-18T10:45:35+00:00,0.25,Walgreens 2026 store locations closing: List of shuttered stores The pharmacy chain is still closing locations across the U.S.,Walgreens pharmacy closed location
19b7a8ec27d5afc28d,Walgreens,,,,,,Why are more Walgreens locations closing? Full list of locations to close,http://www.bing.com/news/apiclick.aspx?ref=FexRss&aid=&tid=6a8437cf956e4a53bd6aca2cc9db3090&url=https%3a%2f%2fwww.msn.com%2fen-us%2fmoney%2fcompanies%2fwhy-are-more-walgreens-locations-closing-full-list-of-locations-to-close%2far-AA29oHF1&c=9710096064838310450&mkt=en-us,www.bing.com,bing_rss,2026-08-04T09:22:47+00:00,2026-08-18T10:45:35+00:00,0.37,Full list of locations to close The pharmacy giant has been working to streamline operations and focus on more profitable locations.,Walgreens pharmacy closed location
0ceadf2c3e46ad0788,Walgreens,,,,,,Walgreens is closing stores. How many in Illinois have closed?,http://www.bing.com/news/apiclick.aspx?ref=FexRss&aid=&tid=6a8437cf956e4a53bd6aca2cc9db3090&url=https%3a%2f%2fwww.msn.com%2fen-us%2fmoney%2fgeneral%2fwalgreens-is-closing-stores-how-many-in-illinois-have-closed%2far-AA29sqz6&c=15914638940180657909&mkt=en-us,www.bing.com,bing_rss,2026-08-05T09:35:57+00:00,2026-08-18T10:45:35+00:00,0.49,How many in Illinois have closed?,Walgreens pharmacy closed location
3678a8af7b77b23de2,Walgreens,,,,,,Walgreens to close more stores in 2026 - Check list of pharmacy giant's locations shutting down across the US,http://www.bing.com/news/apiclick.aspx?ref=FexRss&aid=&tid=6a8437cf956e4a53bd6aca2cc9db3090&url=https%3a%2f%2fwww.msn.com%2fen-in%2fnews%2fworld%2fwalgreens-to-close-more-stores-in-2026-check-list-of-pharmacy-giants-locations-shutting-down-across-the-us%2far-AA29mq6w&c=4334357505029277442&mkt=en-us,www.bing.com,bing_rss,2026-08-04T02:03:03+00:00,2026-08-18T10:45:35+00:00,0.72,Walgreens to close more stores in 2026 - Check list of pharmacy giant's locations shutting down across the US Walgreens is closing stores across many states as part of its 2026 operational streamlining plan.,Walgreens pharmacy closed location
26ec9bdd68b681c54b,Walgreens,,,,,,Walgreens continues store closures nationwide as part of its turnaround plan,http://www.bing.com/news/apiclick.aspx?ref=FexRss&aid=&tid=6a8437cf956e4a53bd6aca2cc9db3090&url=https%3a%2f%2fwww.msn.com%2fen-us%2fmoney%2fcompanies%2fwalgreens-continues-store-closures-nationwide-as-part-of-its-turnaround-plan%2far-AA29tRgS&c=717242906321472140&mkt=en-us,www.bing.com,bing_rss,2026-08-05T16:29:47+00:00,2026-08-18T10:45:35+00:00,0.37,Walgreens continues store closures nationwide as part of its turnaround plan Walgreens is reportedly closing locations across the U.S.,Walgreens pharmacy closed location
867b4d5371d39fc147,Walgreens,,,,,,"Walgreens is closing locations in 2026, but not as many as planned, reports say",http://www.bing.com/news/apiclick.aspx?ref=FexRss&aid=&tid=6a8437cf956e4a53bd6aca2cc9db3090&url=https%3a%2f%2fwww.wabi.tv%2f2026%2f08%2f04%2fwalgreens-is-closing-locations-2026-not-many-planned-reports-say%2f&c=10624401770909461818&mkt=en-us,www.bing.com,bing_rss,2026-08-04T07:25:00+00:00,2026-08-18T10:45:35+00:00,0.90,"According to reports , the company is expected to close fewer than 100 stores across at least a dozen states in 2026 as it continues its multiyear downsizing effort.",Walgreens pharmacy closed location
ccee9d8eb784f008c3,Walgreens,,,,,,Walgreens gets partial win over ex-manager it claimed closed stores too early,http://www.bing.com/news/apiclick.aspx?ref=FexRss&aid=&tid=6a8437cf956e4a53bd6aca2cc9db3090&url=https%3a%2f%2fwww.yahoo.com%2fnews%2fus%2farticles%2fwalgreens-gets-partial-win-over-163000473.html&c=12221587330330837138&mkt=en-us,www.bing.com,bing_rss,2026-08-17T09:30:00+00:00,2026-08-18T10:45:35+00:00,0.61,"Walgreens gets partial win over ex-manager it claimed closed stores too early Neither of the two racial comparators put forth by the plaintiff to show disparate treatment were sufficiently similar, a New Mexico federal judge determined.",Walgreens pharmacy closed location
505826619699bbea13,Walgreens,,,,,,Walgreens is shuttering several locations. Any in Massachusetts?,http://www.bing.com/news/apiclick.aspx?ref=FexRss&aid=&tid=6a8437cf956e4a53bd6aca2cc9db3090&url=https%3a%2f%2fwww.cincinnati.com%2fstory%2fbusiness%2f2026%2f08%2f04%2fany-walgreens-closures-in-massachusetts-this-year-where-stores-are-shuttering-in-2026-pharmacy%2f91162176007%2f&c=15394913639605804978&mkt=en-us,www.bing.com,bing_rss,2026-08-04T13:35:00+00:00,2026-08-18T10:45:35+00:00,0.90,Walgreens is shuttering several locations.,Walgreens pharmacy closed location
f07f71f71429cc4404,Walgreens,,,,,,Walgreens Is Closing Stores: Updated List of Shuttered Locations for 2026,http://www.bing.com/news/apiclick.aspx?ref=FexRss&aid=&tid=6a8437cf956e4a53bd6aca2cc9db3090&url=https%3a%2f%2fwww.msn.com%2fen-us%2fmoney%2fgeneral%2fwalgreens-is-closing-stores-updated-list-of-shuttered-locations-for-2026%2far-AA29oi9V&c=13391483862513429637&mkt=en-us,www.bing.com,bing_rss,2026-08-03T05:00:00+00:00,2026-08-18T10:45:35+00:00,0.60,Walgreens Is Closing Stores: Updated List of Shuttered Locations for 2026 The cuts are part of a multiyear downsizing effort that has already reshaped the pharmacy chain’s footprint nationwide.,Walgreens pharmacy closed location
dc66bd840acbf34cdb,Walgreens,,,,,,Walgreens 2026 store locations closing: List of shuttered stores,http://www.bing.com/news/apiclick.aspx?ref=FexRss&aid=&tid=6a8588f0e94a418eb5f05471081aede2&url=https%3a%2f%2fwww.msn.com%2fen-us%2fmoney%2fgeneral%2fwalgreens-2026-store-locations-closing-list-of-shuttered-stores%2far-AA29ngOZ&c=8743013196362473095&mkt=en-us,www.bing.com,bing_rss,2026-08-04T05:42:28+00:00,2026-08-19T10:44:23+00:00,0.25,Walgreens 2026 store locations closing: List of shuttered stores The pharmacy chain is still closing locations across the U.S.,Walgreens store closure location
d638ebbffff23caaa2,Walgreens,,,,,,Why are more Walgreens locations closing? Full list of locations to close,http://www.bing.com/news/apiclick.aspx?ref=FexRss&aid=&tid=6a8588f0e94a418eb5f05471081aede2&url=https%3a%2f%2fwww.msn.com%2fen-us%2fmoney%2fcompanies%2fwhy-are-more-walgreens-locations-closing-full-list-of-locations-to-close%2far-AA29oHF1&c=9710096064838310450&mkt=en-us,www.bing.com,bing_rss,2026-08-04T09:22:47+00:00,2026-08-19T10:44:23+00:00,0.37,Full list of locations to close The pharmacy giant has been working to streamline operations and focus on more profitable locations.,Walgreens store closure location
f6ba793e12bb43c1ff,Walgreens,,,,,,Walgreens continues store closures nationwide as part of its turnaround plan,http://www.bing.com/news/apiclick.aspx?ref=FexRss&aid=&tid=6a8588f0e94a418eb5f05471081aede2&url=https%3a%2f%2fwww.msn.com%2fen-us%2fmoney%2fcompanies%2fwalgreens-continues-store-closures-nationwide-as-part-of-its-turnaround-plan%2far-AA29tRgS&c=717242906321472140&mkt=en-us,www.bing.com,bing_rss,2026-08-05T16:29:47+00:00,2026-08-19T10:44:23+00:00,0.37,Walgreens continues store closures nationwide as part of its turnaround plan Walgreens is reportedly closing locations across the U.S.,Walgreens store closure location
a6c6fc5b7afc175728,Walgreens,,,,,,"Walgreens closing more stores: These DC, NJ, NY, and Virginia locations are on the list",http://www.bing.com/news/apiclick.aspx?ref=FexRss&aid=&tid=6a8588f0e94a418eb5f05471081aede2&url=https%3a%2f%2fwww.msn.com%2fen-us%2fmoney%2fgeneral%2fwalgreens-closing-more-stores-these-dc-nj-ny-and-virginia-locations-are-on-the-list%2far-AA29t5bq&c=8446050621929627389&mkt=en-us,www.bing.com,bing_rss,2026-08-05T08:36:31+00:00,2026-08-19T10:44:23+00:00,0.37,"Walgreens closing more stores: These DC, NJ, NY, and Virginia locations are on the list Walgreens is continuing to close its doors at locations across the country, forcing thousands of customers to find a new place to fill their prescriptions and buy everyday ",Walgreens store closure location
fb2b847d050169e5f7,Walgreens,,,,,,Walgreens gets partial win over ex-manager it claimed closed stores too early,http://www.bing.com/news/apiclick.aspx?ref=FexRss&aid=&tid=6a8588f0e94a418eb5f05471081aede2&url=https%3a%2f%2fwww.yahoo.com%2fnews%2fus%2farticles%2fwalgreens-gets-partial-win-over-163000473.html&c=12221587330330837138&mkt=en-us,www.bing.com,bing_rss,2026-08-17T09:30:00+00:00,2026-08-19T10:44:23+00:00,0.61,"Walgreens gets partial win over ex-manager it claimed closed stores too early Neither of the two racial comparators put forth by the plaintiff to show disparate treatment were sufficiently similar, a New Mexico federal judge determined.",Walgreens store closure location
93dfbbe11853a8e4d9,Walgreens,,,,,,Walgreens is closing stores. How many in Missouri have closed?,http://www.bing.com/news/apiclick.aspx?ref=FexRss&aid=&tid=6a8588f0e94a418eb5f05471081aede2&url=https%3a%2f%2fwww.usatoday.com%2fstory%2fnews%2fstate%2fmissouri%2fst-louis%2f2026%2f08%2f04%2fwalgreens-2026-store-locations-closing%2f91163090007%2f&c=17386051533054581905&mkt=en-us,www.bing.com,bing_rss,2026-08-04T05:09:00+00:00,2026-08-19T10:44:23+00:00,0.90,How many in Missouri have closed?,Walgreens store closure location
180f914712b1e953f7,Walgreens,,,,,,Walgreens closes stores in 10 states. Is Michigan affected?,http://www.bing.com/news/apiclick.aspx?ref=FexRss&aid=&tid=6a8588f0e94a418eb5f05471081aede2&url=https%3a%2f%2fwww.usatoday.com%2fstory%2fmoney%2fbusiness%2f2026%2f08%2f04%2fwalgreens-store-closures-reported-michigan-downsizing%2f91161995007%2f&c=13390645950253999047&mkt=en-us,www.bing.com,bing_rss,2026-08-04T04:29:00+00:00,2026-08-19T10:44:23+00:00,0.61,Walgreens closes stores in 10 states.,Walgreens store closure location
92fa905c15ce86a0ff,Walgreens,,,,,,Walgreens is shuttering several locations. Any in Massachusetts?,http://www.bing.com/news/apiclick.aspx?ref=FexRss&aid=&tid=6a8588f0e94a418eb5f05471081aede2&url=https%3a%2f%2fwww.cincinnati.com%2fstory%2fbusiness%2f2026%2f08%2f04%2fany-walgreens-closures-in-massachusetts-this-year-where-stores-are-shuttering-in-2026-pharmacy%2f91162176007%2f&c=15394913639605804978&mkt=en-us,www.bing.com,bing_rss,2026-08-04T13:35:00+00:00,2026-08-19T10:44:23+00:00,0.90,Walgreens is shuttering several locations.,Walgreens store closure location
1102243d8a1b0a3363,Walgreens,,,,,,Walgreens Is Closing Stores: Updated List of Shuttered Locations for 2026,http://www.bing.com/news/apiclick.aspx?ref=FexRss&aid=&tid=6a8588f0e94a418eb5f05471081aede2&url=https%3a%2f%2fwww.msn.com%2fen-us%2fmoney%2fgeneral%2fwalgreens-is-closing-stores-updated-list-of-shuttered-locations-for-2026%2far-AA29oi9V&c=13391483862513429637&mkt=en-us,www.bing.com,bing_rss,2026-08-03T05:00:00+00:00,2026-08-19T10:44:23+00:00,0.60,Walgreens Is Closing Stores: Updated List of Shuttered Locations for 2026 The cuts are part of a multiyear downsizing effort that has already reshaped the pharmacy chain’s footprint nationwide.,Walgreens store closure location
1f7e5f9e73d95fa0b1,Walgreens,,,,,,Walgreens closing more stores. See the new list,http://www.bing.com/news/apiclick.aspx?ref=FexRss&aid=&tid=6a8588fb239f4a1ea9e5d6d601cad2d1&url=https%3a%2f%2fwww.msn.com%2fen-us%2fmoney%2fcompanies%2fwalgreens-closing-more-stores-see-the-new-list%2far-AA29pD4A&c=15444204467418407121&mkt=en-us,www.bing.com,bing_rss,2026-08-05T05:21:07+00:00,2026-08-19T10:44:23+00:00,0.37,"See the new list Walgreens, which was acquired by private equity firm Sycamore Partners in August 2025, continues to close stores across the U.S.",Walgreens closing stores
9b8ce90ddc46d4e290,Walgreens,,,,,,Why are more Walgreens locations closing? Full list of locations to close,http://www.bing.com/news/apiclick.aspx?ref=FexRss&aid=&tid=6a8588fb239f4a1ea9e5d6d601cad2d1&url=https%3a%2f%2fwww.msn.com%2fen-us%2fmoney%2fcompanies%2fwhy-are-more-walgreens-locations-closing-full-list-of-locations-to-close%2far-AA29oHF1&c=9710096064838310450&mkt=en-us,www.bing.com,bing_rss,2026-08-04T09:22:47+00:00,2026-08-19T10:44:23+00:00,0.37,Full list of locations to close The pharmacy giant has been working to streamline operations and focus on more profitable locations.,Walgreens closing stores
bee299c9d26f43d455,Walgreens,,,,,,"Walgreens closing more stores: These DC, NJ, NY, and Virginia locations are on the list",http://www.bing.com/news/apiclick.aspx?ref=FexRss&aid=&tid=6a8588fb239f4a1ea9e5d6d601cad2d1&url=https%3a%2f%2fwww.msn.com%2fen-us%2fmoney%2fgeneral%2fwalgreens-closing-more-stores-these-dc-nj-ny-and-virginia-locations-are-on-the-list%2far-AA29t5bq&c=8446050621929627389&mkt=en-us,www.bing.com,bing_rss,2026-08-05T08:36:31+00:00,2026-08-19T10:44:23+00:00,0.37,"Walgreens closing more stores: These DC, NJ, NY, and Virginia locations are on the list Walgreens is continuing to close its doors at locations across the country, forcing thousands of customers to find a new place to fill their prescriptions and buy everyday ",Walgreens closing stores
f2e73a01339955c2f3,Walgreens,,,,,,Walgreens continues store closures nationwide as part of its turnaround plan,http://www.bing.com/news/apiclick.aspx?ref=FexRss&aid=&tid=6a8588fb239f4a1ea9e5d6d601cad2d1&url=https%3a%2f%2fwww.msn.com%2fen-us%2fmoney%2fcompanies%2fwalgreens-continues-store-closures-nationwide-as-part-of-its-turnaround-plan%2far-AA29tRgS&c=717242906321472140&mkt=en-us,www.bing.com,bing_rss,2026-08-05T16:29:47+00:00,2026-08-19T10:44:23+00:00,0.37,Walgreens continues store closures nationwide as part of its turnaround plan Walgreens is reportedly closing locations across the U.S.,Walgreens closing stores
aad435e0523e9501d4,Walgreens,,,,,,Walgreens Is Closing Stores: Updated List of Shuttered Locations for 2026,http://www.bing.com/news/apiclick.aspx?ref=FexRss&aid=&tid=6a8588fb239f4a1ea9e5d6d601cad2d1&url=https%3a%2f%2fwww.msn.com%2fen-us%2fmoney%2fgeneral%2fwalgreens-is-closing-stores-updated-list-of-shuttered-locations-for-2026%2far-AA29oi9V&c=13391483862513429637&mkt=en-us,www.bing.com,bing_rss,2026-08-03T05:00:00+00:00,2026-08-19T10:44:23+00:00,0.60,Walgreens Is Closing Stores: Updated List of Shuttered Locations for 2026 The cuts are part of a multiyear downsizing effort that has already reshaped the pharmacy chain’s footprint nationwide.,Walgreens closing stores
51c4efcca7b0253cfb,Walgreens,,,,,,"Walgreens Closing Dozens Of Pharmacies In 2026: Here's Where, Why",http://www.bing.com/news/apiclick.aspx?ref=FexRss&aid=&tid=6a8588fb239f4a1ea9e5d6d601cad2d1&url=https%3a%2f%2fdailyvoice.com%2farticle%2fwalgreens-closing-dozens-of-pharmacies-in-2026-heres-where-why%2f&c=12485156596782607488&mkt=en-us,www.bing.com,bing_rss,2026-08-05T03:50:00+00:00,2026-08-19T10:44:23+00:00,0.37,"Walgreens Closing Dozens Of Pharmacies In 2026: Here's Where, Why Walgreens is planning to close dozens of stores in 2026 as the pharmacy chain reshapes its nationwide footprint, according to reports.The company now expects to shutter fewer than 100 locations ",Walgreens closing stores
d6d838a1ed6ecca5c7,Walgreens,,,,,,Walgreens is closing stores. How many in Missouri have closed?,http://www.bing.com/news/apiclick.aspx?ref=FexRss&aid=&tid=6a8588fb239f4a1ea9e5d6d601cad2d1&url=https%3a%2f%2fwww.usatoday.com%2fstory%2fnews%2fstate%2fmissouri%2fst-louis%2f2026%2f08%2f04%2fwalgreens-2026-store-locations-closing%2f91163090007%2f&c=17386051533054581905&mkt=en-us,www.bing.com,bing_rss,2026-08-04T05:09:00+00:00,2026-08-19T10:44:23+00:00,0.90,How many in Missouri have closed?,Walgreens closing stores
cb0666cae2944b2a94,Walgreens,,,,,,Walgreens closing stores in the tri-state: see where,http://www.bing.com/news/apiclick.aspx?ref=FexRss&aid=&tid=6a8588fb239f4a1ea9e5d6d601cad2d1&url=https%3a%2f%2fwww.yahoo.com%2fnews%2fus%2farticles%2fwalgreens-closing-stores-tri-state-134051944.html&c=17639863098692257854&mkt=en-us,www.bing.com,bing_rss,2026-08-04T06:40:00+00:00,2026-08-19T10:44:23+00:00,0.90,"Walgreens is expected to close two stores in New Jersey, the first in Bogota on ...",Walgreens closing stores
2a74b2f95f560e1bcc,Walgreens,,,,,,Walgreens closing 2 more NJ stores,http://www.bing.com/news/apiclick.aspx?ref=FexRss&aid=&tid=6a8588fb239f4a1ea9e5d6d601cad2d1&url=https%3a%2f%2fnjbiz.com%2fwalgreens-closing-2-more-nj-stores%2f&c=17393995025677590765&mkt=en-us,www.bing.com,bing_rss,2026-08-03T10:49:00+00:00,2026-08-19T10:44:23+00:00,0.84,Walgreens closing 2 more NJ stores Two more Walgreens stores in New Jersey will permanently close as part of the retail pharmacy chain’s ongoing efforts to reset its business.,Walgreens closing stores
752aac19d5a7d1c3cf,Walgreens,,,,,,Walgreens closing more stores. See the new list,http://www.bing.com/news/apiclick.aspx?ref=FexRss&aid=&tid=6a8588fb239f4a1ea9e5d6d601cad2d1&url=https%3a%2f%2fwww.freep.com%2fstory%2fmoney%2f2026%2f08%2f04%2fwalgreens-closing-stores-full-list-locations%2f91172946007%2f&c=7873625809607599963&mkt=en-us,www.bing.com,bing_rss,2026-08-04T06:21:00+00:00,2026-08-19T10:44:23+00:00,0.90,See the new list Walgreens is continuing to close some locations amid its multiyear turnaround program – however the closures may be fewer than expected.,Walgreens closing stores
cedde14032194566a2,Walgreens,,,,,,Walgreens 2026 store locations closing: List of shuttered stores,http://www.bing.com/news/apiclick.aspx?ref=FexRss&aid=&tid=6a858907fe8744e0b3c1f585692a944f&url=https%3a%2f%2fwww.msn.com%2fen-us%2fmoney%2fgeneral%2fwalgreens-2026-store-locations-closing-list-of-shuttered-stores%2far-AA29ngOZ&c=8743013196362473095&mkt=en-us,www.bing.com,bing_rss,2026-08-04T05:42:28+00:00,2026-08-19T10:44:23+00:00,0.25,Walgreens 2026 store locations closing: List of shuttered stores The pharmacy chain is still closing locations across the U.S.,Walgreens pharmacy closed location
2a8b8c2b0866d727d6,Walgreens,,,,,,Why are more Walgreens locations closing? Full list of locations to close,http://www.bing.com/news/apiclick.aspx?ref=FexRss&aid=&tid=6a858907fe8744e0b3c1f585692a944f&url=https%3a%2f%2fwww.msn.com%2fen-us%2fmoney%2fcompanies%2fwhy-are-more-walgreens-locations-closing-full-list-of-locations-to-close%2far-AA29oHF1&c=9710096064838310450&mkt=en-us,www.bing.com,bing_rss,2026-08-04T09:22:47+00:00,2026-08-19T10:44:23+00:00,0.37,Full list of locations to close The pharmacy giant has been working to streamline operations and focus on more profitable locations.,Walgreens pharmacy closed location
3a65b8ec815ef6dc18,Walgreens,,,,,,Walgreens pharmacy closures: Updated list of locations closing in 2026,http://www.bing.com/news/apiclick.aspx?ref=FexRss&aid=&tid=6a858907fe8744e0b3c1f585692a944f&url=https%3a%2f%2fen.as.com%2flatest_news%2fwalgreens-pharmacy-closures-updated-list-of-locations-closing-in-2026-f202608-n%2f&c=14706572603353450840&mkt=en-us,www.bing.com,bing_rss,2026-08-04T06:23:00+00:00,2026-08-19T10:44:23+00:00,0.90,Walgreens pharmacy closures: Updated list of locations closing in 2026 Walgreens has downsized its ambitious restructuring plan dropping the number of expected store closures to less than 100 in 2026.,Walgreens pharmacy closed location
0c3cf7612ed46839b4,Walgreens,,,,,,Walgreens to close more stores in 2026 - Check list of pharmacy giant's locations shutting down across the US,http://www.bing.com/news/apiclick.aspx?ref=FexRss&aid=&tid=6a858907fe8744e0b3c1f585692a944f&url=https%3a%2f%2fwww.msn.com%2fen-in%2fnews%2fworld%2fwalgreens-to-close-more-stores-in-2026-check-list-of-pharmacy-giants-locations-shutting-down-across-the-us%2far-AA29mq6w&c=4334357505029277442&mkt=en-us,www.bing.com,bing_rss,2026-08-04T02:03:03+00:00,2026-08-19T10:44:23+00:00,0.72,Walgreens to close more stores in 2026 - Check list of pharmacy giant's locations shutting down across the US Walgreens is closing stores across many states as part of its 2026 operational streamlining plan.,Walgreens pharmacy closed location
94eb9972999b2f690a,Walgreens,,,,,,Walgreens gets partial win over ex-manager it claimed closed stores too early,http://www.bing.com/news/apiclick.aspx?ref=FexRss&aid=&tid=6a858907fe8744e0b3c1f585692a944f&url=https%3a%2f%2fwww.yahoo.com%2fnews%2fus%2farticles%2fwalgreens-gets-partial-win-over-163000473.html&c=12221587330330837138&mkt=en-us,www.bing.com,bing_rss,2026-08-17T09:30:00+00:00,2026-08-19T10:44:23+00:00,0.61,"Walgreens gets partial win over ex-manager it claimed closed stores too early Neither of the two racial comparators put forth by the plaintiff to show disparate treatment were sufficiently similar, a New Mexico federal judge determined.",Walgreens pharmacy closed location
b5063f4cece47dac40,Walgreens,,,,,,When Bergen Walgreens will close; what happens if it's your pharmacy,http://www.bing.com/news/apiclick.aspx?ref=FexRss&aid=&tid=6a858907fe8744e0b3c1f585692a944f&url=https%3a%2f%2fwww.msn.com%2fen-us%2fmoney%2fgeneral%2fwhen-bergen-walgreens-will-close-what-happens-if-it-s-your-pharmacy%2far-AA29sX2H&c=1720151783962762933&mkt=en-us,www.bing.com,bing_rss,2026-08-05T08:55:51+00:00,2026-08-19T10:44:23+00:00,0.37,When Bergen Walgreens will close; what happens if it's your pharmacy Two Walgreens locations in North Jersey will soon close.,Walgreens pharmacy closed location
1cd28ba28eb9052fdd,Walgreens,,,,,,Walgreens is shuttering several locations. Any in Massachusetts?,http://www.bing.com/news/apiclick.aspx?ref=FexRss&aid=&tid=6a858907fe8744e0b3c1f585692a944f&url=https%3a%2f%2fwww.cincinnati.com%2fstory%2fbusiness%2f2026%2f08%2f04%2fany-walgreens-closures-in-massachusetts-this-year-where-stores-are-shuttering-in-2026-pharmacy%2f91162176007%2f&c=15394913639605804978&mkt=en-us,www.bing.com,bing_rss,2026-08-04T13:35:00+00:00,2026-08-19T10:44:23+00:00,0.90,Walgreens is shuttering several locations.,Walgreens pharmacy closed location
cc8d22c259beae1214,Walgreens,,,,,,Why are more Walgreens locations closing? Full list of locations to close,http://www.bing.com/news/apiclick.aspx?ref=FexRss&aid=&tid=6a86dac29da7442684e77642a5e3bf91&url=https%3a%2f%2fwww.msn.com%2fen-us%2fmoney%2fcompanies%2fwhy-are-more-walgreens-locations-closing-full-list-of-locations-to-close%2far-AA29oHF1&c=9710096064838310450&mkt=en-us,www.bing.com,bing_rss,2026-08-04T09:22:47+00:00,2026-08-20T10:45:53+00:00,0.37,Full list of locations to close The pharmacy giant has been working to streamline operations and focus on more profitable locations.,Walgreens store closure location
acf67d2f67421f96de,Walgreens,,,,,,Walgreens continues store closures nationwide as part of its turnaround plan,http://www.bing.com/news/apiclick.aspx?ref=FexRss&aid=&tid=6a86dac29da7442684e77642a5e3bf91&url=https%3a%2f%2fwww.msn.com%2fen-us%2fmoney%2fcompanies%2fwalgreens-continues-store-closures-nationwide-as-part-of-its-turnaround-plan%2far-AA29tRgS&c=717242906321472140&mkt=en-us,www.bing.com,bing_rss,2026-08-05T16:29:47+00:00,2026-08-20T10:45:53+00:00,0.37,Walgreens continues store closures nationwide as part of its turnaround plan Walgreens is reportedly closing locations across the U.S.,Walgreens store closure location
b85a7f744dc1775b2b,Walgreens,"Washington, DC",Washington,DC,,,"Walgreens closing stores: Which DC, MD and VA locations are affected?",http://www.bing.com/news/apiclick.aspx?ref=FexRss&aid=&tid=6a86dac29da7442684e77642a5e3bf91&url=https%3a%2f%2fdolphinswire.usatoday.com%2fstory%2fnews%2f2026%2f08%2f04%2fwalgreens-2026-store-locations-closing-md-dc-va%2f91163752007%2f&c=11987399946503082834&mkt=en-us,www.bing.com,bing_rss,2026-08-04T09:44:00+00:00,2026-08-20T10:45:53+00:00,1.00,"While Walgreens has not released a complete list of store closings, reports indicate at least 15 stores have either already closed or are scheduled to close across at least a dozen states.",Walgreens store closure location
1681851a1cb454fa4a,Walgreens,,,,,,"Walgreens closing more stores: These DC, NJ, NY, and Virginia locations are on the list",http://www.bing.com/news/apiclick.aspx?ref=FexRss&aid=&tid=6a86dac29da7442684e77642a5e3bf91&url=https%3a%2f%2fwww.msn.com%2fen-us%2fmoney%2fgeneral%2fwalgreens-closing-more-stores-these-dc-nj-ny-and-virginia-locations-are-on-the-list%2far-AA29t5bq&c=8446050621929627389&mkt=en-us,www.bing.com,bing_rss,2026-08-05T08:36:31+00:00,2026-08-20T10:45:53+00:00,0.37,"Walgreens closing more stores: These DC, NJ, NY, and Virginia locations are on the list Walgreens is continuing to close its doors at locations across the country, forcing thousands of customers to find a new place to fill their prescriptions and buy everyday ",Walgreens store closure location
0575505e61776817a6,Walgreens,,,,,,Walgreens Is Closing Stores: Updated List of Shuttered Locations for 2026,http://www.bing.com/news/apiclick.aspx?ref=FexRss&aid=&tid=6a86dac29da7442684e77642a5e3bf91&url=https%3a%2f%2fwww.msn.com%2fen-us%2fmoney%2fgeneral%2fwalgreens-is-closing-stores-updated-list-of-shuttered-locations-for-2026%2far-AA29oi9V&c=13391483862513429637&mkt=en-us,www.bing.com,bing_rss,2026-08-03T05:00:00+00:00,2026-08-20T10:45:53+00:00,0.60,Walgreens Is Closing Stores: Updated List of Shuttered Locations for 2026 The cuts are part of a multiyear downsizing effort that has already reshaped the pharmacy chain’s footprint nationwide.,Walgreens store closure location
ca617429b336163b87,Walgreens,,,,,,Walgreens gets partial win over ex-manager it claimed closed stores too early,http://www.bing.com/news/apiclick.aspx?ref=FexRss&aid=&tid=6a86dac29da7442684e77642a5e3bf91&url=https%3a%2f%2fwww.yahoo.com%2fnews%2fus%2farticles%2fwalgreens-gets-partial-win-over-163000473.html&c=12221587330330837138&mkt=en-us,www.bing.com,bing_rss,2026-08-17T09:30:00+00:00,2026-08-20T10:45:53+00:00,0.61,"Walgreens gets partial win over ex-manager it claimed closed stores too early Neither of the two racial comparators put forth by the plaintiff to show disparate treatment were sufficiently similar, a New Mexico federal judge determined.",Walgreens store closure location
6e0645b5cc9eb97195,Walgreens,,,,,,Walgreens closing stores: Which NJ locations are affected?,http://www.bing.com/news/apiclick.aspx?ref=FexRss&aid=&tid=6a86dac29da7442684e77642a5e3bf91&url=https%3a%2f%2fwww.msn.com%2fen-us%2fmoney%2fgeneral%2fwalgreens-closing-stores-which-nj-locations-are-affected%2far-AA29n1pD&c=7744497689652980451&mkt=en-us,www.bing.com,bing_rss,2026-08-04T04:50:05+00:00,2026-08-20T10:45:53+00:00,0.25,Walgreens closing stores: Which NJ locations are affected? Walgreens is closing stores nationwide. Here's which New Jersey locations are closing and what customers should know.,Walgreens store closure location
7dd2947616f265eed7,Walgreens,,,,,,Walgreens is closing stores. How many in Missouri have closed?,http://www.bing.com/news/apiclick.aspx?ref=FexRss&aid=&tid=6a86dac29da7442684e77642a5e3bf91&url=https%3a%2f%2fwww.usatoday.com%2fstory%2fnews%2fstate%2fmissouri%2fst-louis%2f2026%2f08%2f04%2fwalgreens-2026-store-locations-closing%2f91163090007%2f&c=17386051533054581905&mkt=en-us,www.bing.com,bing_rss,2026-08-04T05:09:00+00:00,2026-08-20T10:45:53+00:00,0.90,How many in Missouri have closed?,Walgreens store closure location
6c9f2dcd08e8750f0c,Walgreens,,,,,,Walgreens to close 100 US stores. Are any Arizona locations affected?,http://www.bing.com/news/apiclick.aspx?ref=FexRss&aid=&tid=6a86dac29da7442684e77642a5e3bf91&url=https%3a%2f%2fwww.msn.com%2fen-us%2fmoney%2fgeneral%2fwalgreens-to-close-more-us-stores-are-any-arizona-locations-affected%2far-AA29ob6S&c=13317684199682272220&mkt=en-us,www.bing.com,bing_rss,2026-08-06T08:51:26+00:00,2026-08-20T10:45:53+00:00,0.37,Walgreens to close 100 US stores.,Walgreens store closure location
a39f84e7aa1ad4114e,Walgreens,,,,,,Walgreens closes stores in 10 states. Is Michigan affected?,http://www.bing.com/news/apiclick.aspx?ref=FexRss&aid=&tid=6a86dac29da7442684e77642a5e3bf91&url=https%3a%2f%2fwww.usatoday.com%2fstory%2fmoney%2fbusiness%2f2026%2f08%2f04%2fwalgreens-store-closures-reported-michigan-downsizing%2f91161995007%2f&c=13390645950253999047&mkt=en-us,www.bing.com,bing_rss,2026-08-04T04:29:00+00:00,2026-08-20T10:45:53+00:00,0.61,Walgreens closes stores in 10 states.,Walgreens store closure location
c75998cf9483d10971,Walgreens,,,,,,Walgreens closing more stores. See the new list,http://www.bing.com/news/apiclick.aspx?ref=FexRss&aid=&tid=6a86dad24ec840b38356f07d3e9ac8b5&url=https%3a%2f%2fwww.msn.com%2fen-us%2fmoney%2fcompanies%2fwalgreens-closing-more-stores-see-the-new-list%2far-AA29pD4A&c=15444204467418407121&mkt=en-us,www.bing.com,bing_rss,2026-08-05T05:21:07+00:00,2026-08-20T10:45:53+00:00,0.37,"See the new list Walgreens, which was acquired by private equity firm Sycamore Partners in August 2025, continues to close stores across the U.S.",Walgreens closing stores
425cf9e8fb8094264d,Walgreens,,,,,,Why are More Walgreens Locations Closing? Full List of Locations to Close,http://www.bing.com/news/apiclick.aspx?ref=FexRss&aid=&tid=6a86dad24ec840b38356f07d3e9ac8b5&url=https%3a%2f%2fwww.msn.com%2fen-us%2fmoney%2fcompanies%2fwhy-are-more-walgreens-locations-closing-full-list-of-locations-to-close%2far-AA29oHF1&c=9710096064838310450&mkt=en-us,www.bing.com,bing_rss,2026-08-04T09:22:47+00:00,2026-08-20T10:45:53+00:00,0.37,Full List of Locations to Close The pharmacy giant has been working to streamline operations and focus on more profitable locations.,Walgreens closing stores
682b5766eebf00d98e,Walgreens,,,,,,Walgreens to close 100 US stores. Are any Arizona locations affected?,http://www.bing.com/news/apiclick.aspx?ref=FexRss&aid=&tid=6a86dad24ec840b38356f07d3e9ac8b5&url=https%3a%2f%2fwww.msn.com%2fen-us%2fhealth%2fnutrition%2fwalgreens-to-close-more-us-stores-are-any-arizona-locations-affected%2far-AA29ob6S&c=996016866725129309&mkt=en-us,www.bing.com,bing_rss,2026-08-06T08:51:26+00:00,2026-08-20T10:45:53+00:00,0.37,Walgreens to close 100 US stores.,Walgreens closing stores
843166a6b879ec50c0,Walgreens,,,,,,"Walgreens closing more stores: These DC, NJ, NY, and Virginia locations are on the list",http://www.bing.com/news/apiclick.aspx?ref=FexRss&aid=&tid=6a86dad24ec840b38356f07d3e9ac8b5&url=https%3a%2f%2fwww.msn.com%2fen-us%2fmoney%2fgeneral%2fwalgreens-closing-more-stores-these-dc-nj-ny-and-virginia-locations-are-on-the-list%2far-AA29t5bq&c=8446050621929627389&mkt=en-us,www.bing.com,bing_rss,2026-08-05T08:36:31+00:00,2026-08-20T10:45:53+00:00,0.37,"Walgreens closing more stores: These DC, NJ, NY, and Virginia locations are on the list Walgreens is continuing to close its doors at locations across the country, forcing thousands of customers to find a new place to fill their prescriptions and buy everyday ",Walgreens closing stores
a27c07ec3b40d80073,Walgreens,,,,,,Walgreens continues store closures nationwide as part of its turnaround plan,http://www.bing.com/news/apiclick.aspx?ref=FexRss&aid=&tid=6a86dad24ec840b38356f07d3e9ac8b5&url=https%3a%2f%2fwww.msn.com%2fen-us%2fmoney%2fcompanies%2fwalgreens-continues-store-closures-nationwide-as-part-of-its-turnaround-plan%2far-AA29tRgS&c=717242906321472140&mkt=en-us,www.bing.com,bing_rss,2026-08-05T16:29:47+00:00,2026-08-20T10:45:53+00:00,0.37,Walgreens continues store closures nationwide as part of its turnaround plan Walgreens is reportedly closing locations across the U.S.,Walgreens closing stores
c6d0e3f34a996d87c3,Walgreens,,,,,,Walgreens Is Closing Stores: Updated List of Shuttered Locations for 2026,http://www.bing.com/news/apiclick.aspx?ref=FexRss&aid=&tid=6a86dad24ec840b38356f07d3e9ac8b5&url=https%3a%2f%2fwww.msn.com%2fen-us%2fmoney%2fgeneral%2fwalgreens-is-closing-stores-updated-list-of-shuttered-locations-for-2026%2far-AA29oi9V&c=13391483862513429637&mkt=en-us,www.bing.com,bing_rss,2026-08-03T05:00:00+00:00,2026-08-20T10:45:53+00:00,0.60,Walgreens Is Closing Stores: Updated List of Shuttered Locations for 2026 The cuts are part of a multiyear downsizing effort that has already reshaped the pharmacy chain’s footprint nationwide.,Walgreens closing stores
ba324d66f9f95ee658,Walgreens,,,,,,Walgreens is closing stores. How many in Missouri have closed?,http://www.bing.com/news/apiclick.aspx?ref=FexRss&aid=&tid=6a86dad24ec840b38356f07d3e9ac8b5&url=https%3a%2f%2fwww.usatoday.com%2fstory%2fnews%2fstate%2fmissouri%2fst-louis%2f2026%2f08%2f04%2fwalgreens-2026-store-locations-closing%2f91163090007%2f&c=17386051533054581905&mkt=en-us,www.bing.com,bing_rss,2026-08-04T05:09:00+00:00,2026-08-20T10:45:53+00:00,0.90,How many in Missouri have closed?,Walgreens closing stores
209afeebc8b6c1cf94,Walgreens,,,,,,Walgreens closing 2 more NJ stores,http://www.bing.com/news/apiclick.aspx?ref=FexRss&aid=&tid=6a86dad24ec840b38356f07d3e9ac8b5&url=https%3a%2f%2fnjbiz.com%2fwalgreens-closing-2-more-nj-stores%2f&c=17393995025677590765&mkt=en-us,www.bing.com,bing_rss,2026-08-03T10:49:00+00:00,2026-08-20T10:45:53+00:00,0.84,Walgreens closing 2 more NJ stores Two more Walgreens stores in New Jersey will permanently close as part of the retail pharmacy chain’s ongoing efforts to reset its business.,Walgreens closing stores
acdfd0949125ea3c73,Walgreens,,,,,,Walgreens closing stores: Which NJ locations are affected?,http://www.bing.com/news/apiclick.aspx?ref=FexRss&aid=&tid=6a86dad24ec840b38356f07d3e9ac8b5&url=https%3a%2f%2fwww.aol.com%2farticles%2fwalgreens-closing-stores-nj-locations-115005000.html&c=598004097989424959&mkt=en-us,www.bing.com,bing_rss,2026-08-04T04:50:00+00:00,2026-08-20T10:45:53+00:00,0.84,The pharmacy chain has confirmed additional New Jersey locations will permanently close in the coming weeks as Walgreens continues a broader restructuring plan that could ultimately eliminate thousands of stores nationwide.,Walgreens closing stores
476635c99319920adb,Walgreens,,,,,,Walgreens closing more stores. See the new list,http://www.bing.com/news/apiclick.aspx?ref=FexRss&aid=&tid=6a86dad24ec840b38356f07d3e9ac8b5&url=https%3a%2f%2fwww.freep.com%2fstory%2fmoney%2f2026%2f08%2f04%2fwalgreens-closing-stores-full-list-locations%2f91172946007%2f&c=7873625809607599963&mkt=en-us,www.bing.com,bing_rss,2026-08-04T06:21:00+00:00,2026-08-20T10:45:53+00:00,0.90,See the new list Walgreens is continuing to close some locations amid its multiyear turnaround program – however the closures may be fewer than expected.,Walgreens closing stores
91950bfb9b28dfa4b7,Walgreens,,,,,,Why are more Walgreens locations closing? Full list of locations to close,http://www.bing.com/news/apiclick.aspx?ref=FexRss&aid=&tid=6a86dae0a8ea49eb8483fc0ca19c58d8&url=https%3a%2f%2fwww.msn.com%2fen-us%2fmoney%2fcompanies%2fwhy-are-more-walgreens-locations-closing-full-list-of-locations-to-close%2far-AA29oHF1&c=9710096064838310450&mkt=en-us,www.bing.com,bing_rss,2026-08-04T09:22:47+00:00,2026-08-20T10:45:53+00:00,0.37,Full list of locations to close The pharmacy giant has been working to streamline operations and focus on more profitable locations.,Walgreens pharmacy closed location
c1a8ca0e4a46489275,Walgreens,,,,,,Walgreens to close more stores in 2026 - Check list of pharmacy giant's locations shutting down across the US,http://www.bing.com/news/apiclick.aspx?ref=FexRss&aid=&tid=6a86dae0a8ea49eb8483fc0ca19c58d8&url=https%3a%2f%2fwww.msn.com%2fen-in%2fnews%2fworld%2fwalgreens-to-close-more-stores-in-2026-check-list-of-pharmacy-giants-locations-shutting-down-across-the-us%2far-AA29mq6w&c=4334357505029277442&mkt=en-us,www.bing.com,bing_rss,2026-08-04T02:03:03+00:00,2026-08-20T10:45:53+00:00,0.72,Walgreens to close more stores in 2026 - Check list of pharmacy giant's locations shutting down across the US Walgreens is closing stores across many states as part of its 2026 operational streamlining plan.,Walgreens pharmacy closed location
75add5668f65c75808,Walgreens,,,,,,Walgreens pharmacy closures: Updated list of locations closing in 2026,http://www.bing.com/news/apiclick.aspx?ref=FexRss&aid=&tid=6a86dae0a8ea49eb8483fc0ca19c58d8&url=https%3a%2f%2fen.as.com%2flatest_news%2fwalgreens-pharmacy-closures-updated-list-of-locations-closing-in-2026-f202608-n%2f&c=14706572603353450840&mkt=en-us,www.bing.com,bing_rss,2026-08-04T06:23:00+00:00,2026-08-20T10:45:53+00:00,0.90,Walgreens pharmacy closures: Updated list of locations closing in 2026 Walgreens has downsized its ambitious restructuring plan dropping the number of expected store closures to less than 100 in 2026.,Walgreens pharmacy closed location
7833e2bc6011338a52,Walgreens,,,,,,Walgreens 2026 Store Locations Closing: List of Shuttered Stores,http://www.bing.com/news/apiclick.aspx?ref=FexRss&aid=&tid=6a86dae0a8ea49eb8483fc0ca19c58d8&url=https%3a%2f%2fhollywoodlife.com%2ffeature%2fwalgreens-2026-store-locations-closing-5553876%2f&c=17081128578431119152&mkt=en-us,www.bing.com,bing_rss,2026-08-04T05:41:00+00:00,2026-08-20T10:45:53+00:00,0.60,"Walgreens 2026 Store Locations Closing: List of Shuttered Stores Walgreens is closing stores again in 2026, and if you have been wondering whether your local pharmacy made the list, you are not alone.",Walgreens pharmacy closed location
429b61fbb66c03e3bb,Walgreens,,,,,,Walgreens continues store closures nationwide as part of its turnaround plan,http://www.bing.com/news/apiclick.aspx?ref=FexRss&aid=&tid=6a86dae0a8ea49eb8483fc0ca19c58d8&url=https%3a%2f%2fwww.msn.com%2fen-us%2fmoney%2fcompanies%2fwalgreens-continues-store-closures-nationwide-as-part-of-its-turnaround-plan%2far-AA29tRgS&c=717242906321472140&mkt=en-us,www.bing.com,bing_rss,2026-08-05T16:29:47+00:00,2026-08-20T10:45:53+00:00,0.37,Walgreens continues store closures nationwide as part of its turnaround plan Walgreens is reportedly closing locations across the U.S.,Walgreens pharmacy closed location
cd80d4d23b05084a3e,Walgreens,,,,,,When Bergen Walgreens will close; what happens if it's your pharmacy,http://www.bing.com/news/apiclick.aspx?ref=FexRss&aid=&tid=6a86dae0a8ea49eb8483fc0ca19c58d8&url=https%3a%2f%2fwww.msn.com%2fen-us%2fmoney%2fcompanies%2fwhen-bergen-walgreens-will-close-what-happens-if-it-s-your-pharmacy%2far-AA29sX2H&c=5650733939655658363&mkt=en-us,www.bing.com,bing_rss,2026-08-05T08:55:51+00:00,2026-08-20T10:45:53+00:00,0.37,When Bergen Walgreens will close; what happens if it's your pharmacy Two Walgreens locations in North Jersey will soon close.,Walgreens pharmacy closed location
173769b99bda8044b0,Walgreens,,,,,,Walgreens gets partial win over ex-manager it claimed closed stores too early,http://www.bing.com/news/apiclick.aspx?ref=FexRss&aid=&tid=6a86dae0a8ea49eb8483fc0ca19c58d8&url=https%3a%2f%2fwww.yahoo.com%2fnews%2fus%2farticles%2fwalgreens-gets-partial-win-over-163000473.html&c=12221587330330837138&mkt=en-us,www.bing.com,bing_rss,2026-08-17T09:30:00+00:00,2026-08-20T10:45:53+00:00,0.61,"Walgreens gets partial win over ex-manager it claimed closed stores too early Neither of the two racial comparators put forth by the plaintiff to show disparate treatment were sufficiently similar, a New Mexico federal judge determined.",Walgreens pharmacy closed location
ba76cdc0e7e0ae189d,Walgreens,,,,,,Walgreens Is Closing Stores: Updated List of Shuttered Locations for 2026,http://www.bing.com/news/apiclick.aspx?ref=FexRss&aid=&tid=6a86dae0a8ea49eb8483fc0ca19c58d8&url=https%3a%2f%2fwww.msn.com%2fen-us%2fmoney%2fgeneral%2fwalgreens-is-closing-stores-updated-list-of-shuttered-locations-for-2026%2far-AA29oi9V&c=13391483862513429637&mkt=en-us,www.bing.com,bing_rss,2026-08-03T05:00:00+00:00,2026-08-20T10:45:53+00:00,0.60,Walgreens Is Closing Stores: Updated List of Shuttered Locations for 2026 The cuts are part of a multiyear downsizing effort that has already reshaped the pharmacy chain’s footprint nationwide.,Walgreens pharmacy closed location
7bc14c4ce6580ab7af,Walgreens,,,,,,Why are more Walgreens locations closing? Full list of locations to close,http://www.bing.com/news/apiclick.aspx?ref=FexRss&aid=&tid=6a882c45e3de4d3b8f286c4a52dce552&url=https%3a%2f%2fwww.msn.com%2fen-us%2fmoney%2fcompanies%2fwhy-are-more-walgreens-locations-closing-full-list-of-locations-to-close%2far-AA29oHF1&c=9710096064838310450&mkt=en-us,www.bing.com,bing_rss,2026-08-04T09:22:47+00:00,2026-08-21T10:45:25+00:00,0.37,Full list of locations to close The pharmacy giant has been working to streamline operations and focus on more profitable locations.,Walgreens pharmacy closed location
a2223c10c079dd994c,Walgreens,,,,,,Walgreens pharmacy closures: Updated list of locations closing in 2026,http://www.bing.com/news/apiclick.aspx?ref=FexRss&aid=&tid=6a882c45e3de4d3b8f286c4a52dce552&url=https%3a%2f%2fen.as.com%2flatest_news%2fwalgreens-pharmacy-closures-updated-list-of-locations-closing-in-2026-f202608-n%2f&c=14706572603353450840&mkt=en-us,www.bing.com,bing_rss,2026-08-04T06:23:00+00:00,2026-08-21T10:45:25+00:00,0.90,Walgreens pharmacy closures: Updated list of locations closing in 2026 Walgreens has downsized its ambitious restructuring plan dropping the number of expected store closures to less than 100 in 2026.,Walgreens pharmacy closed location
dfe8da6538b864a7dc,Walgreens,,,,,,Walgreens to close more stores in 2026 - Check list of pharmacy giant's locations shutting down across the US,http://www.bing.com/news/apiclick.aspx?ref=FexRss&aid=&tid=6a882c45e3de4d3b8f286c4a52dce552&url=https%3a%2f%2fwww.msn.com%2fen-in%2fnews%2fworld%2fwalgreens-to-close-more-stores-in-2026-check-list-of-pharmacy-giants-locations-shutting-down-across-the-us%2far-AA29mq6w&c=4334357505029277442&mkt=en-us,www.bing.com,bing_rss,2026-08-04T02:03:03+00:00,2026-08-21T10:45:25+00:00,0.72,Walgreens to close more stores in 2026 - Check list of pharmacy giant's locations shutting down across the US Walgreens is closing stores across many states as part of its 2026 operational streamlining plan.,Walgreens pharmacy closed location
657a90fa756189223c,Walgreens,,,,,,Walgreens Is Closing Stores: Updated List of Shuttered Locations for 2026,http://www.bing.com/news/apiclick.aspx?ref=FexRss&aid=&tid=6a882c45e3de4d3b8f286c4a52dce552&url=https%3a%2f%2fwww.msn.com%2fen-us%2fmoney%2fgeneral%2fwalgreens-is-closing-stores-updated-list-of-shuttered-locations-for-2026%2far-AA29oi9V&c=13391483862513429637&mkt=en-us,www.bing.com,bing_rss,2026-08-03T05:00:00+00:00,2026-08-21T10:45:25+00:00,0.60,Walgreens Is Closing Stores: Updated List of Shuttered Locations for 2026 The cuts are part of a multiyear downsizing effort that has already reshaped the pharmacy chain’s footprint nationwide.,Walgreens pharmacy closed location
0ea8b186b027b4b8e8,Walgreens,,,,,,Walgreens continues store closures nationwide as part of its turnaround plan,http://www.bing.com/news/apiclick.aspx?ref=FexRss&aid=&tid=6a882c45e3de4d3b8f286c4a52dce552&url=https%3a%2f%2fwww.msn.com%2fen-us%2fmoney%2fcompanies%2fwalgreens-continues-store-closures-nationwide-as-part-of-its-turnaround-plan%2far-AA29tRgS&c=717242906321472140&mkt=en-us,www.bing.com,bing_rss,2026-08-05T16:29:47+00:00,2026-08-21T10:45:25+00:00,0.37,Walgreens continues store closures nationwide as part of its turnaround plan Walgreens is reportedly closing locations across the U.S.,Walgreens pharmacy closed location
bbe0914b9ea7aff1a0,Walgreens,,,,,,Walgreens closes more stores across the U.S. in 2026,http://www.bing.com/news/apiclick.aspx?ref=FexRss&aid=&tid=6a882c45e3de4d3b8f286c4a52dce552&url=https%3a%2f%2fwww.msn.com%2fen-us%2fmoney%2feconomy%2fwalgreens-closes-more-stores-across-the-us-in-2026%2far-AA29Qr69&c=7037009681074754980&mkt=en-us,www.bing.com,bing_rss,2026-08-11T04:17:00+00:00,2026-08-21T10:45:25+00:00,0.72,Walgreens closes more stores across the U.S.,Walgreens pharmacy closed location
cb806441d4d43bab77,Walgreens,,,,,,When Bergen Walgreens will close; what happens if it's your pharmacy,http://www.bing.com/news/apiclick.aspx?ref=FexRss&aid=&tid=6a882c45e3de4d3b8f286c4a52dce552&url=https%3a%2f%2fwww.msn.com%2fen-us%2fmoney%2fcompanies%2fwhen-bergen-walgreens-will-close-what-happens-if-its-your-pharmacy%2far-AA29sX2H&c=7971362460469016249&mkt=en-us,www.bing.com,bing_rss,2026-08-05T08:55:51+00:00,2026-08-21T10:45:25+00:00,0.37,When Bergen Walgreens will close; what happens if it's your pharmacy Two Walgreens locations in North Jersey will soon close.,Walgreens pharmacy closed location
f810739681cc5988ac,Walgreens,,,,,,Beaufort's Ribaut Road Walgreens is closed permanently. Here's what we know,http://www.bing.com/news/apiclick.aspx?ref=FexRss&aid=&tid=6a882c45e3de4d3b8f286c4a52dce552&url=https%3a%2f%2fwww.msn.com%2fen-us%2fmoney%2fcompanies%2fbeauforts-ribaut-road-walgreens-is-closed-permanently-heres-what-we-know%2far-AA29BjZG&c=16012206926904040256&mkt=en-us,www.bing.com,bing_rss,2026-08-07T02:01:00+00:00,2026-08-21T10:45:25+00:00,0.49,Beaufort's Ribaut Road Walgreens is closed permanently.,Walgreens pharmacy closed location
3ad37b2c83f630027c,Walgreens,,,,,,Walgreens 2026 Store Locations Closing: List of Shuttered Stores,http://www.bing.com/news/apiclick.aspx?ref=FexRss&aid=&tid=6a882c45e3de4d3b8f286c4a52dce552&url=https%3a%2f%2fhollywoodlife.com%2ffeature%2fwalgreens-2026-store-locations-closing-5553876%2f&c=17081128578431119152&mkt=en-us,www.bing.com,bing_rss,2026-08-04T05:41:00+00:00,2026-08-21T10:45:25+00:00,0.60,"Walgreens 2026 Store Locations Closing: List of Shuttered Stores Walgreens is closing stores again in 2026, and if you have been wondering whether your local pharmacy made the list, you are not alone.",Walgreens pharmacy closed location
